type,subtype,add,vectorizer1,model1,vectorizer2,model2,fold,time,f1_micro,f1_macro,b1,recall_micro,hamming,avg_labels_true,avg_labels_pred,config
text,,,tfidf,svm,,,0,187.68101000785828,0.6111340206185567,0.548178868374581,0.5905315029919043,0.598546042003231,0.1106417927959638,2.614572333685322,2.506863780359029,"{'type': 'text', 'balanced': True, 'vectorizers': ['tfidf'], 'models': ['svm'], 'max_features_tfidf': 20000, 'max_iter': 40, 'learning_rate_init': 0.001, 'max_depth': 5, 'max_iter_svm': 5000}"
text,,,tfidf,svm,,,1,187.68101000785828,0.613645704891081,0.5599625242381084,0.5986391292621493,0.6029886914378029,0.1102898040596034,2.614572333685322,2.5237592397043294,"{'type': 'text', 'balanced': True, 'vectorizers': ['tfidf'], 'models': ['svm'], 'max_features_tfidf': 20000, 'max_iter': 40, 'learning_rate_init': 0.001, 'max_depth': 5, 'max_iter_svm': 5000}"
text,,,tfidf,svm,,,2,187.68101000785828,0.6135245901639345,0.547673106630457,0.5990643347031943,0.6068098905553304,0.1106417927959638,2.60506863780359,2.5480464625132,"{'type': 'text', 'balanced': True, 'vectorizers': ['tfidf'], 'models': ['svm'], 'max_features_tfidf': 20000, 'max_iter': 40, 'learning_rate_init': 0.001, 'max_depth': 5, 'max_iter_svm': 5000}"
text,,,tfidf,svm,,,3,187.68101000785828,0.6056483199340342,0.5194181325889637,0.5836999501730231,0.5954600729631131,0.1122257421095858,2.60506863780359,2.5174234424498416,"{'type': 'text', 'balanced': True, 'vectorizers': ['tfidf'], 'models': ['svm'], 'max_features_tfidf': 20000, 'max_iter': 40, 'learning_rate_init': 0.001, 'max_depth': 5, 'max_iter_svm': 5000}"
text,,,tfidf,svm,,,4,187.68101000785828,0.5940552899605072,0.5178000484250344,0.570903295929695,0.5787768327257999,0.114572333685322,2.607180570221753,2.4730728616684265,"{'type': 'text', 'balanced': True, 'vectorizers': ['tfidf'], 'models': ['svm'], 'max_features_tfidf': 20000, 'max_iter': 40, 'learning_rate_init': 0.001, 'max_depth': 5, 'max_iter_svm': 5000}"
text,,,tfidf,svm,,,5,187.68101000785828,0.6097207859358842,0.5129724285631606,0.587452206004003,0.5970028351559336,0.1108174770965468,2.609936575052854,2.5010570824524314,"{'type': 'text', 'balanced': True, 'vectorizers': ['tfidf'], 'models': ['svm'], 'max_features_tfidf': 20000, 'max_iter': 40, 'learning_rate_init': 0.001, 'max_depth': 5, 'max_iter_svm': 5000}"
text,,,tfidf,svm,,,6,187.68101000785828,0.6098912374307408,0.5349274281842828,0.5933531174017431,0.6016194331983805,0.1116396523373267,2.610993657505285,2.540169133192389,"{'type': 'text', 'balanced': True, 'vectorizers': ['tfidf'], 'models': ['svm'], 'max_features_tfidf': 20000, 'max_iter': 40, 'learning_rate_init': 0.001, 'max_depth': 5, 'max_iter_svm': 5000}"
text,,,tfidf,svm,,,7,187.68101000785828,0.6197829716193656,0.5202778512527373,0.6016412880049243,0.6012145748987854,0.1070002349072116,2.610993657505285,2.4545454545454546,"{'type': 'text', 'balanced': True, 'vectorizers': ['tfidf'], 'models': ['svm'], 'max_features_tfidf': 20000, 'max_iter': 40, 'learning_rate_init': 0.001, 'max_depth': 5, 'max_iter_svm': 5000}"
text,,,tfidf,svm,,,8,187.68101000785828,0.6122366288492707,0.5554677032733962,0.592408912440625,0.6112459546925566,0.1124031007751938,2.613107822410148,2.604651162790698,"{'type': 'text', 'balanced': True, 'vectorizers': ['tfidf'], 'models': ['svm'], 'max_features_tfidf': 20000, 'max_iter': 40, 'learning_rate_init': 0.001, 'max_depth': 5, 'max_iter_svm': 5000}"
text,,,tfidf,svm,,,9,187.68101000785828,0.6172993154947106,0.5660237460380819,0.5991046831955923,0.6019417475728155,0.1083509513742072,2.613107822410148,2.483086680761099,"{'type': 'text', 'balanced': True, 'vectorizers': ['tfidf'], 'models': ['svm'], 'max_features_tfidf': 20000, 'max_iter': 40, 'learning_rate_init': 0.001, 'max_depth': 5, 'max_iter_svm': 5000}"
text,,,distilbert,svm,,,0,878.9641392230988,0.6199540531670495,0.563880483676082,0.6122633790004435,0.7629240710823909,0.1358676522351284,2.614572333685322,3.820485744456177,"{'type': 'text', 'balanced': True, 'vectorizers': ['distilbert'], 'models': ['svm'], 'max_features_tfidf': 20000, 'max_iter': 40, 'learning_rate_init': 0.001, 'max_depth': 5, 'max_iter_svm': 5000}"
text,,,distilbert,svm,,,1,878.9641392230988,0.6214726999499082,0.5611277205121188,0.6181953679313763,0.7516155088852988,0.1329930775548515,2.614572333685322,3.70960929250264,"{'type': 'text', 'balanced': True, 'vectorizers': ['distilbert'], 'models': ['svm'], 'max_features_tfidf': 20000, 'max_iter': 40, 'learning_rate_init': 0.001, 'max_depth': 5, 'max_iter_svm': 5000}"
text,,,distilbert,svm,,,2,878.9641392230988,0.6193979933110368,0.5642233186342208,0.6176272220094817,0.7507093635995136,0.1335210606593922,2.60506863780359,3.70960929250264,"{'type': 'text', 'balanced': True, 'vectorizers': ['distilbert'], 'models': ['svm'], 'max_features_tfidf': 20000, 'max_iter': 40, 'learning_rate_init': 0.001, 'max_depth': 5, 'max_iter_svm': 5000}"
text,,,distilbert,svm,,,3,878.9641392230988,0.6024535809018567,0.5376871490641946,0.5953488726455991,0.736522091609242,0.1406781649653877,2.60506863780359,3.764519535374868,"{'type': 'text', 'balanced': True, 'vectorizers': ['distilbert'], 'models': ['svm'], 'max_features_tfidf': 20000, 'max_iter': 40, 'learning_rate_init': 0.001, 'max_depth': 5, 'max_iter_svm': 5000}"
text,,,distilbert,svm,,,4,878.9641392230988,0.6067639257294429,0.5597692624706014,0.59917500075895,0.741190765492102,0.1391528804411592,2.607180570221753,3.7624076029567055,"{'type': 'text', 'balanced': True, 'vectorizers': ['distilbert'], 'models': ['svm'], 'max_features_tfidf': 20000, 'max_iter': 40, 'learning_rate_init': 0.001, 'max_depth': 5, 'max_iter_svm': 5000}"
text,,,distilbert,svm,,,5,878.9641392230988,0.6049199273567772,0.5339323021279831,0.6010410367175695,0.7420008100445524,0.1405332393704486,2.609936575052854,3.792811839323467,"{'type': 'text', 'balanced': True, 'vectorizers': ['distilbert'], 'models': ['svm'], 'max_features_tfidf': 20000, 'max_iter': 40, 'learning_rate_init': 0.001, 'max_depth': 5, 'max_iter_svm': 5000}"
text,,,distilbert,svm,,,6,878.9641392230988,0.6041356492969396,0.5421935059704364,0.6000861072214138,0.7392712550607288,0.1405332393704486,2.610993657505285,3.779069767441861,"{'type': 'text', 'balanced': True, 'vectorizers': ['distilbert'], 'models': ['svm'], 'max_features_tfidf': 20000, 'max_iter': 40, 'learning_rate_init': 0.001, 'max_depth': 5, 'max_iter_svm': 5000}"
text,,,distilbert,svm,,,7,878.9641392230988,0.6133995037220844,0.5480847952365813,0.6090923112593303,0.7506072874493928,0.1372445384073291,2.610993657505285,3.779069767441861,"{'type': 'text', 'balanced': True, 'vectorizers': ['distilbert'], 'models': ['svm'], 'max_features_tfidf': 20000, 'max_iter': 40, 'learning_rate_init': 0.001, 'max_depth': 5, 'max_iter_svm': 5000}"
text,,,distilbert,svm,,,8,878.9641392230988,0.6317713526088401,0.5831128135245124,0.627972186375992,0.7690129449838188,0.1301385952548743,2.613107822410148,3.748414376321353,"{'type': 'text', 'balanced': True, 'vectorizers': ['distilbert'], 'models': ['svm'], 'max_features_tfidf': 20000, 'max_iter': 40, 'learning_rate_init': 0.001, 'max_depth': 5, 'max_iter_svm': 5000}"
text,,,distilbert,svm,,,9,878.9641392230988,0.615874079035499,0.5572943750846022,0.6097549678416485,0.7439320388349514,0.1347192858820765,2.613107822410148,3.699788583509514,"{'type': 'text', 'balanced': True, 'vectorizers': ['distilbert'], 'models': ['svm'], 'max_features_tfidf': 20000, 'max_iter': 40, 'learning_rate_init': 0.001, 'max_depth': 5, 'max_iter_svm': 5000}"
text,,,tfidf,logistic,,,0,988.080108165741,0.6285064442759667,0.5639943580622511,0.6099336249811435,0.6696284329563813,0.1149829872110759,2.614572333685322,2.956705385427666,"{'type': 'text', 'balanced': True, 'vectorizers': ['tfidf'], 'models': ['logistic'], 'max_features_tfidf': 20000, 'max_iter': 40, 'learning_rate_init': 0.001, 'max_depth': 5, 'max_iter_svm': 5000}"
text,,,tfidf,logistic,,,1,988.080108165741,0.6261558784676354,0.5800740218837942,0.6142338302317183,0.6700323101777059,0.1162149477883374,2.614572333685322,2.9809926082365363,"{'type': 'text', 'balanced': True, 'vectorizers': ['tfidf'], 'models': ['logistic'], 'max_features_tfidf': 20000, 'max_iter': 40, 'learning_rate_init': 0.001, 'max_depth': 5, 'max_iter_svm': 5000}"
text,,,tfidf,logistic,,,2,988.080108165741,0.6331260599208592,0.5648706352373944,0.6255587249779435,0.6809890555330361,0.1142203449489616,2.60506863780359,2.998944033790919,"{'type': 'text', 'balanced': True, 'vectorizers': ['tfidf'], 'models': ['logistic'], 'max_features_tfidf': 20000, 'max_iter': 40, 'learning_rate_init': 0.001, 'max_depth': 5, 'max_iter_svm': 5000}"
text,,,tfidf,logistic,,,3,988.080108165741,0.6221719457013575,0.5512075161675686,0.6030195605169206,0.6688285366842318,0.1175642379443857,2.60506863780359,2.9957761351636747,"{'type': 'text', 'balanced': True, 'vectorizers': ['tfidf'], 'models': ['logistic'], 'max_features_tfidf': 20000, 'max_iter': 40, 'learning_rate_init': 0.001, 'max_depth': 5, 'max_iter_svm': 5000}"
text,,,tfidf,logistic,,,4,988.080108165741,0.6112266112266113,0.5518298690950423,0.5988894479918767,0.6549210206561361,0.1206734717822363,2.607180570221753,2.979936642027455,"{'type': 'text', 'balanced': True, 'vectorizers': ['tfidf'], 'models': ['logistic'], 'max_features_tfidf': 20000, 'max_iter': 40, 'learning_rate_init': 0.001, 'max_depth': 5, 'max_iter_svm': 5000}"
text,,,tfidf,logistic,,,5,988.080108165741,0.629154078549849,0.5453431185896401,0.6115130523692891,0.6747671121911705,0.1153394409208362,2.609936575052854,2.988372093023256,"{'type': 'text', 'balanced': True, 'vectorizers': ['tfidf'], 'models': ['logistic'], 'max_features_tfidf': 20000, 'max_iter': 40, 'learning_rate_init': 0.001, 'max_depth': 5, 'max_iter_svm': 5000}"
text,,,tfidf,logistic,,,6,988.080108165741,0.632472185555346,0.5512705527288089,0.6230401264227902,0.6789473684210526,0.1144585388771435,2.610993657505285,2.9947145877378434,"{'type': 'text', 'balanced': True, 'vectorizers': ['tfidf'], 'models': ['logistic'], 'max_features_tfidf': 20000, 'max_iter': 40, 'learning_rate_init': 0.001, 'max_depth': 5, 'max_iter_svm': 5000}"
text,,,tfidf,logistic,,,7,988.080108165741,0.628735632183908,0.5501047462375727,0.6188216997942158,0.6643724696356276,0.1138125440451021,2.610993657505285,2.9069767441860463,"{'type': 'text', 'balanced': True, 'vectorizers': ['tfidf'], 'models': ['logistic'], 'max_features_tfidf': 20000, 'max_iter': 40, 'learning_rate_init': 0.001, 'max_depth': 5, 'max_iter_svm': 5000}"
text,,,tfidf,logistic,,,8,988.080108165741,0.6397597146611601,0.5801078669249016,0.6259793823747312,0.6893203883495146,0.112696734789758,2.613107822410148,3.017970401691332,"{'type': 'text', 'balanced': True, 'vectorizers': ['tfidf'], 'models': ['logistic'], 'max_features_tfidf': 20000, 'max_iter': 40, 'learning_rate_init': 0.001, 'max_depth': 5, 'max_iter_svm': 5000}"
text,,,tfidf,logistic,,,9,988.080108165741,0.6309411096383261,0.5773561218703627,0.6174092937835011,0.6739482200647249,0.1144585388771435,2.613107822410148,2.9693446088794926,"{'type': 'text', 'balanced': True, 'vectorizers': ['tfidf'], 'models': ['logistic'], 'max_features_tfidf': 20000, 'max_iter': 40, 'learning_rate_init': 0.001, 'max_depth': 5, 'max_iter_svm': 5000}"
text,,,distilbert,logistic,,,0,280.97880005836487,0.63552,0.5787051645355592,0.6319064837544246,0.8021001615508885,0.133638390238179,2.614572333685322,3.9852164730728616,"{'type': 'text', 'balanced': True, 'vectorizers': ['distilbert'], 'models': ['logistic'], 'max_features_tfidf': 20000, 'max_iter': 40, 'learning_rate_init': 0.001, 'max_depth': 5, 'max_iter_svm': 5000}"
text,,,distilbert,logistic,,,1,280.97880005836487,0.637179696425657,0.5783692380624861,0.6330449264451375,0.7883683360258481,0.1304118268215417,2.614572333685322,3.855332629355861,"{'type': 'text', 'balanced': True, 'vectorizers': ['distilbert'], 'models': ['logistic'], 'max_features_tfidf': 20000, 'max_iter': 40, 'learning_rate_init': 0.001, 'max_depth': 5, 'max_iter_svm': 5000}"
text,,,distilbert,logistic,,,2,280.97880005836487,0.6327665140614781,0.5753797239586916,0.630027446447721,0.7843534657478719,0.13176111697759,2.60506863780359,3.853220696937698,"{'type': 'text', 'balanced': True, 'vectorizers': ['distilbert'], 'models': ['logistic'], 'max_features_tfidf': 20000, 'max_iter': 40, 'learning_rate_init': 0.001, 'max_depth': 5, 'max_iter_svm': 5000}"
text,,,distilbert,logistic,,,3,280.97880005836487,0.6133247297951282,0.551820871657351,0.6078665848993198,0.7705715443858938,0.1406195001759943,2.60506863780359,3.940865892291447,"{'type': 'text', 'balanced': True, 'vectorizers': ['distilbert'], 'models': ['logistic'], 'max_features_tfidf': 20000, 'max_iter': 40, 'learning_rate_init': 0.001, 'max_depth': 5, 'max_iter_svm': 5000}"
text,,,distilbert,logistic,,,4,280.97880005836487,0.6143642834034293,0.569087139661129,0.6074999973627216,0.7691373025516404,0.13985685791388,2.607180570221753,3.9208025343189017,"{'type': 'text', 'balanced': True, 'vectorizers': ['distilbert'], 'models': ['logistic'], 'max_features_tfidf': 20000, 'max_iter': 40, 'learning_rate_init': 0.001, 'max_depth': 5, 'max_iter_svm': 5000}"
text,,,distilbert,logistic,,,5,280.97880005836487,0.6206674189908109,0.5516892100067126,0.6165383125213991,0.7796678817334953,0.1381841672539347,2.609936575052854,3.947145877378436,"{'type': 'text', 'balanced': True, 'vectorizers': ['distilbert'], 'models': ['logistic'], 'max_features_tfidf': 20000, 'max_iter': 40, 'learning_rate_init': 0.001, 'max_depth': 5, 'max_iter_svm': 5000}"
text,,,distilbert,logistic,,,6,280.97880005836487,0.6180701470825926,0.5601021445671788,0.6167049945591171,0.7740890688259109,0.1387714352830631,2.610993657505285,3.929175475687104,"{'type': 'text', 'balanced': True, 'vectorizers': ['distilbert'], 'models': ['logistic'], 'max_features_tfidf': 20000, 'max_iter': 40, 'learning_rate_init': 0.001, 'max_depth': 5, 'max_iter_svm': 5000}"
text,,,distilbert,logistic,,,7,280.97880005836487,0.6270392505249556,0.555607636512306,0.6221934572357406,0.78582995951417,0.1356001879257693,2.610993657505285,3.933403805496829,"{'type': 'text', 'balanced': True, 'vectorizers': ['distilbert'], 'models': ['logistic'], 'max_features_tfidf': 20000, 'max_iter': 40, 'learning_rate_init': 0.001, 'max_depth': 5, 'max_iter_svm': 5000}"
text,,,distilbert,logistic,,,8,280.97880005836487,0.6407485078238425,0.5792547832998636,0.6355257732636169,0.8033980582524272,0.1307845900869156,2.613107822410148,3.9397463002114166,"{'type': 'text', 'balanced': True, 'vectorizers': ['distilbert'], 'models': ['logistic'], 'max_features_tfidf': 20000, 'max_iter': 40, 'learning_rate_init': 0.001, 'max_depth': 5, 'max_iter_svm': 5000}"
text,,,distilbert,logistic,,,9,280.97880005836487,0.6278505579815623,0.5658888469364112,0.6213057027539057,0.7851941747572816,0.1351303735024665,2.613107822410148,3.922832980972516,"{'type': 'text', 'balanced': True, 'vectorizers': ['distilbert'], 'models': ['logistic'], 'max_features_tfidf': 20000, 'max_iter': 40, 'learning_rate_init': 0.001, 'max_depth': 5, 'max_iter_svm': 5000}"
text,,,distilbert,random_forest,,,0,1326.605700969696,0.6229955646537018,0.5858593826021077,0.6156210854732502,0.7374798061389337,0.1296491845594274,2.614572333685322,3.575501583949314,"{'type': 'text', 'balanced': True, 'vectorizers': ['distilbert'], 'models': ['random_forest'], 'max_features_tfidf': 20000, 'max_iter': 40, 'learning_rate_init': 0.001, 'max_depth': 5, 'max_iter_svm': 5000}"
text,,,distilbert,random_forest,,,1,1326.605700969696,0.6143100511073254,0.5824869153458041,0.6068284232486978,0.7281906300484653,0.1328170831866713,2.614572333685322,3.583949313621964,"{'type': 'text', 'balanced': True, 'vectorizers': ['distilbert'], 'models': ['random_forest'], 'max_features_tfidf': 20000, 'max_iter': 40, 'learning_rate_init': 0.001, 'max_depth': 5, 'max_iter_svm': 5000}"
text,,,distilbert,random_forest,,,2,1326.605700969696,0.6192024644874209,0.565170159503642,0.6119840736525002,0.7332792865828942,0.1305291564003285,2.60506863780359,3.5649419218585003,"{'type': 'text', 'balanced': True, 'vectorizers': ['distilbert'], 'models': ['random_forest'], 'max_features_tfidf': 20000, 'max_iter': 40, 'learning_rate_init': 0.001, 'max_depth': 5, 'max_iter_svm': 5000}"
text,,,distilbert,random_forest,,,3,1326.605700969696,0.6208555231059956,0.5542261744462809,0.613367894571696,0.7324685853263072,0.1294731901912472,2.60506863780359,3.541710665258712,"{'type': 'text', 'balanced': True, 'vectorizers': ['distilbert'], 'models': ['random_forest'], 'max_features_tfidf': 20000, 'max_iter': 40, 'learning_rate_init': 0.001, 'max_depth': 5, 'max_iter_svm': 5000}"
text,,,distilbert,random_forest,,,4,1326.605700969696,0.6127307227876487,0.558947962952968,0.6029507275547401,0.7193195625759417,0.1317024521881966,2.607180570221753,3.514255543822597,"{'type': 'text', 'balanced': True, 'vectorizers': ['distilbert'], 'models': ['random_forest'], 'max_features_tfidf': 20000, 'max_iter': 40, 'learning_rate_init': 0.001, 'max_depth': 5, 'max_iter_svm': 5000}"
text,,,distilbert,random_forest,,,5,1326.605700969696,0.6155936809920163,0.553705512924155,0.6062916470421756,0.7339003645200486,0.1328987549917782,2.609936575052854,3.613107822410148,"{'type': 'text', 'balanced': True, 'vectorizers': ['distilbert'], 'models': ['random_forest'], 'max_features_tfidf': 20000, 'max_iter': 40, 'learning_rate_init': 0.001, 'max_depth': 5, 'max_iter_svm': 5000}"
text,,,distilbert,random_forest,,,6,1326.605700969696,0.6101926026930288,0.5510639074765857,0.6043857892166561,0.7246963562753036,0.1343081982616866,2.610993657505285,3.590909090909091,"{'type': 'text', 'balanced': True, 'vectorizers': ['distilbert'], 'models': ['random_forest'], 'max_features_tfidf': 20000, 'max_iter': 40, 'learning_rate_init': 0.001, 'max_depth': 5, 'max_iter_svm': 5000}"
text,,,distilbert,random_forest,,,7,1326.605700969696,0.6228444596209664,0.5655592876428801,0.6123261516496189,0.7384615384615385,0.1297275076344843,2.610993657505285,3.580338266384778,"{'type': 'text', 'balanced': True, 'vectorizers': ['distilbert'], 'models': ['random_forest'], 'max_features_tfidf': 20000, 'max_iter': 40, 'learning_rate_init': 0.001, 'max_depth': 5, 'max_iter_svm': 5000}"
text,,,distilbert,random_forest,,,8,1326.605700969696,0.6303528605686879,0.5927830691080289,0.6172080679480257,0.7443365695792881,0.126732440685929,2.613107822410148,3.558139534883721,"{'type': 'text', 'balanced': True, 'vectorizers': ['distilbert'], 'models': ['random_forest'], 'max_features_tfidf': 20000, 'max_iter': 40, 'learning_rate_init': 0.001, 'max_depth': 5, 'max_iter_svm': 5000}"
text,,,distilbert,random_forest,,,9,1326.605700969696,0.6279467031089853,0.5717593589885117,0.6154473785552009,0.7435275080906149,0.127906976744186,2.613107822410148,3.5750528541226214,"{'type': 'text', 'balanced': True, 'vectorizers': ['distilbert'], 'models': ['random_forest'], 'max_features_tfidf': 20000, 'max_iter': 40, 'learning_rate_init': 0.001, 'max_depth': 5, 'max_iter_svm': 5000}"
text,,,distilbert,mlp,,,0,504.4130699634552,0.6522803114571747,0.5612786589647114,0.6418518416934468,0.5920840064620355,0.0916930658218937,2.614572333685322,2.131995776135164,"{'type': 'text', 'balanced': True, 'vectorizers': ['distilbert'], 'models': ['mlp'], 'max_features_tfidf': 20000, 'max_iter': 40, 'learning_rate_init': 0.001, 'max_depth': 5, 'max_iter_svm': 5000}"
text,,,distilbert,mlp,,,1,504.4130699634552,0.6482667255464782,0.5722751964699312,0.6434566665295282,0.592891760904685,0.0934530095036958,2.614572333685322,2.167898627243928,"{'type': 'text', 'balanced': True, 'vectorizers': ['distilbert'], 'models': ['mlp'], 'max_features_tfidf': 20000, 'max_iter': 40, 'learning_rate_init': 0.001, 'max_depth': 5, 'max_iter_svm': 5000}"
text,,,distilbert,mlp,,,2,504.4130699634552,0.6436406067677947,0.5696206717564021,0.6346327203243782,0.5589785164167005,0.089581133403731,2.60506863780359,1.9197465681098205,"{'type': 'text', 'balanced': True, 'vectorizers': ['distilbert'], 'models': ['mlp'], 'max_features_tfidf': 20000, 'max_iter': 40, 'learning_rate_init': 0.001, 'max_depth': 5, 'max_iter_svm': 5000}"
text,,,distilbert,mlp,,,3,504.4130699634552,0.6377198842128702,0.5484932068335108,0.6232157142400014,0.5804620997162545,0.0954476123430716,2.60506863780359,2.13727560718057,"{'type': 'text', 'balanced': True, 'vectorizers': ['distilbert'], 'models': ['mlp'], 'max_features_tfidf': 20000, 'max_iter': 40, 'learning_rate_init': 0.001, 'max_depth': 5, 'max_iter_svm': 5000}"
text,,,distilbert,mlp,,,4,504.4130699634552,0.6329787234042553,0.5605782669300541,0.622544878563886,0.5783718104495748,0.0971488912354804,2.607180570221753,2.157338965153115,"{'type': 'text', 'balanced': True, 'vectorizers': ['distilbert'], 'models': ['mlp'], 'max_features_tfidf': 20000, 'max_iter': 40, 'learning_rate_init': 0.001, 'max_depth': 5, 'max_iter_svm': 5000}"
text,,,distilbert,mlp,,,5,504.4130699634552,0.6430796617712505,0.5567828499664296,0.6318808745870057,0.585257189145403,0.0941977918722104,2.609936575052854,2.140591966173361,"{'type': 'text', 'balanced': True, 'vectorizers': ['distilbert'], 'models': ['mlp'], 'max_features_tfidf': 20000, 'max_iter': 40, 'learning_rate_init': 0.001, 'max_depth': 5, 'max_iter_svm': 5000}"
text,,,distilbert,mlp,,,6,504.4130699634552,0.6414847161572053,0.5561810537704056,0.6362079722016297,0.5947368421052631,0.0964294103828987,2.610993657505285,2.2304439746300213,"{'type': 'text', 'balanced': True, 'vectorizers': ['distilbert'], 'models': ['mlp'], 'max_features_tfidf': 20000, 'max_iter': 40, 'learning_rate_init': 0.001, 'max_depth': 5, 'max_iter_svm': 5000}"
text,,,distilbert,mlp,,,7,504.4130699634552,0.650055617352614,0.5709621026862801,0.6409001674857912,0.591497975708502,0.0923772609819121,2.610993657505285,2.140591966173361,"{'type': 'text', 'balanced': True, 'vectorizers': ['distilbert'], 'models': ['mlp'], 'max_features_tfidf': 20000, 'max_iter': 40, 'learning_rate_init': 0.001, 'max_depth': 5, 'max_iter_svm': 5000}"
text,,,distilbert,mlp,,,8,504.4130699634552,0.6590193432298695,0.571434392204785,0.6455317292526594,0.5926375404530745,0.0890298332158797,2.613107822410148,2.0866807610993656,"{'type': 'text', 'balanced': True, 'vectorizers': ['distilbert'], 'models': ['mlp'], 'max_features_tfidf': 20000, 'max_iter': 40, 'learning_rate_init': 0.001, 'max_depth': 5, 'max_iter_svm': 5000}"
text,,,distilbert,mlp,,,9,504.4130699634552,0.6477121279431364,0.5706170363997609,0.6418985231353096,0.5898058252427184,0.0931407094197791,2.613107822410148,2.145877378435518,"{'type': 'text', 'balanced': True, 'vectorizers': ['distilbert'], 'models': ['mlp'], 'max_features_tfidf': 20000, 'max_iter': 40, 'learning_rate_init': 0.001, 'max_depth': 5, 'max_iter_svm': 5000}"
graphics,,,resnet50,logistic,,,0,1089.4597096443176,0.4814752156995432,0.3811365159600564,0.470015054756343,0.5747172859450727,0.1798075794907896,2.614572333685322,3.627243928194298,"{'type': 'graphics', 'balanced': True, 'vectorizers': ['resnet50'], 'models': ['logistic'], 'max_iter': 40, 'learning_rate_init': 0.001, 'max_depth': 5, 'max_iter_svm': 5000}"
graphics,,,resnet50,logistic,,,1,1089.4597096443176,0.4804336777909537,0.3865645770573079,0.4760396238748932,0.5726978998384491,0.1799249090695764,2.614572333685322,3.6187961985216472,"{'type': 'graphics', 'balanced': True, 'vectorizers': ['resnet50'], 'models': ['logistic'], 'max_iter': 40, 'learning_rate_init': 0.001, 'max_depth': 5, 'max_iter_svm': 5000}"
graphics,,,resnet50,logistic,,,2,1089.4597096443176,0.4693707227507928,0.3867433862160439,0.4587247142157385,0.5699229833806242,0.1864953654816379,2.60506863780359,3.721224920802536,"{'type': 'graphics', 'balanced': True, 'vectorizers': ['resnet50'], 'models': ['logistic'], 'max_iter': 40, 'learning_rate_init': 0.001, 'max_depth': 5, 'max_iter_svm': 5000}"
graphics,,,resnet50,logistic,,,3,1089.4597096443176,0.4710205445131117,0.3756504275361693,0.4620004658019441,0.5715443858937982,0.185791388008917,2.60506863780359,3.717001055966209,"{'type': 'graphics', 'balanced': True, 'vectorizers': ['resnet50'], 'models': ['logistic'], 'max_iter': 40, 'learning_rate_init': 0.001, 'max_depth': 5, 'max_iter_svm': 5000}"
graphics,,,resnet50,logistic,,,4,1089.4597096443176,0.4735366859027205,0.3882163722749431,0.4634336682911129,0.5816119886593762,0.1873166725331456,2.607180570221753,3.7972544878563887,"{'type': 'graphics', 'balanced': True, 'vectorizers': ['resnet50'], 'models': ['logistic'], 'max_iter': 40, 'learning_rate_init': 0.001, 'max_depth': 5, 'max_iter_svm': 5000}"
graphics,,,resnet50,logistic,,,5,1089.4597096443176,0.4664664664664664,0.3655284143956805,0.4578706294879656,0.5662211421628189,0.1878083157152924,2.609936575052854,3.726215644820296,"{'type': 'graphics', 'balanced': True, 'vectorizers': ['resnet50'], 'models': ['logistic'], 'max_iter': 40, 'learning_rate_init': 0.001, 'max_depth': 5, 'max_iter_svm': 5000}"
graphics,,,resnet50,logistic,,,6,1089.4597096443176,0.4746719813984388,0.3656164468214487,0.4683246750900028,0.5785425101214575,0.1857528776133427,2.610993657505285,3.7536997885835097,"{'type': 'graphics', 'balanced': True, 'vectorizers': ['resnet50'], 'models': ['logistic'], 'max_iter': 40, 'learning_rate_init': 0.001, 'max_depth': 5, 'max_iter_svm': 5000}"
graphics,,,resnet50,logistic,,,7,1089.4597096443176,0.4666555239846231,0.3724952512703356,0.4587277357361924,0.5651821862348179,0.1873972280949025,2.610993657505285,3.713530655391121,"{'type': 'graphics', 'balanced': True, 'vectorizers': ['resnet50'], 'models': ['logistic'], 'max_iter': 40, 'learning_rate_init': 0.001, 'max_depth': 5, 'max_iter_svm': 5000}"
graphics,,,resnet50,logistic,,,8,1089.4597096443176,0.4650546538588936,0.3702161521504994,0.452286930828157,0.5679611650485437,0.1896875734085036,2.613107822410148,3.769556025369978,"{'type': 'graphics', 'balanced': True, 'vectorizers': ['resnet50'], 'models': ['logistic'], 'max_iter': 40, 'learning_rate_init': 0.001, 'max_depth': 5, 'max_iter_svm': 5000}"
graphics,,,resnet50,logistic,,,9,1089.4597096443176,0.4672489082969432,0.3749589092203594,0.4567123855707365,0.5627022653721683,0.1862814188395583,2.613107822410148,3.680761099365751,"{'type': 'graphics', 'balanced': True, 'vectorizers': ['resnet50'], 'models': ['logistic'], 'max_iter': 40, 'learning_rate_init': 0.001, 'max_depth': 5, 'max_iter_svm': 5000}"
graphics,,,resnet50,random_forest,,,0,1544.7917754650116,0.5298145982963086,0.4126562742195847,0.5183218986809272,0.6405492730210016,0.1651413821424381,2.614572333685322,3.707497360084477,"{'type': 'graphics', 'balanced': True, 'vectorizers': ['resnet50'], 'models': ['random_forest'], 'max_iter': 40, 'learning_rate_init': 0.001, 'max_depth': 5, 'max_iter_svm': 5000}"
graphics,,,resnet50,random_forest,,,1,1544.7917754650116,0.5230514096185738,0.4325868764123592,0.5184229533226365,0.6369143780290791,0.1687199342954358,2.614572333685322,3.7529039070749737,"{'type': 'graphics', 'balanced': True, 'vectorizers': ['resnet50'], 'models': ['random_forest'], 'max_iter': 40, 'learning_rate_init': 0.001, 'max_depth': 5, 'max_iter_svm': 5000}"
graphics,,,resnet50,random_forest,,,2,1544.7917754650116,0.5088855671815313,0.4063083965200295,0.4991446193135739,0.620997162545602,0.1734717822363017,2.60506863780359,3.7529039070749737,"{'type': 'graphics', 'balanced': True, 'vectorizers': ['resnet50'], 'models': ['random_forest'], 'max_iter': 40, 'learning_rate_init': 0.001, 'max_depth': 5, 'max_iter_svm': 5000}"
graphics,,,resnet50,random_forest,,,3,1544.7917754650116,0.5071215634315999,0.3977722358243801,0.4974407031429206,0.6205918119173085,0.1745864132347765,2.60506863780359,3.770855332629356,"{'type': 'graphics', 'balanced': True, 'vectorizers': ['resnet50'], 'models': ['random_forest'], 'max_iter': 40, 'learning_rate_init': 0.001, 'max_depth': 5, 'max_iter_svm': 5000}"
graphics,,,resnet50,random_forest,,,4,1544.7917754650116,0.5226788930735222,0.4225955699857265,0.5113674018109076,0.6464155528554071,0.1710078610817787,2.607180570221753,3.8416050686378034,"{'type': 'graphics', 'balanced': True, 'vectorizers': ['resnet50'], 'models': ['random_forest'], 'max_iter': 40, 'learning_rate_init': 0.001, 'max_depth': 5, 'max_iter_svm': 5000}"
graphics,,,resnet50,random_forest,,,5,1544.7917754650116,0.5093350802489355,0.3908099985877366,0.5035737928972601,0.6298096395301742,0.1759455015268968,2.609936575052854,3.844608879492601,"{'type': 'graphics', 'balanced': True, 'vectorizers': ['resnet50'], 'models': ['random_forest'], 'max_iter': 40, 'learning_rate_init': 0.001, 'max_depth': 5, 'max_iter_svm': 5000}"
graphics,,,resnet50,random_forest,,,6,1544.7917754650116,0.5232053422370617,0.4020077164269582,0.5097600954366283,0.6344129554655871,0.1677237491190979,2.610993657505285,3.72093023255814,"{'type': 'graphics', 'balanced': True, 'vectorizers': ['resnet50'], 'models': ['random_forest'], 'max_iter': 40, 'learning_rate_init': 0.001, 'max_depth': 5, 'max_iter_svm': 5000}"
graphics,,,resnet50,random_forest,,,7,1544.7917754650116,0.5148809523809523,0.408150168946406,0.5034238547452078,0.6303643724696356,0.1723044397463002,2.610993657505285,3.7822410147991534,"{'type': 'graphics', 'balanced': True, 'vectorizers': ['resnet50'], 'models': ['random_forest'], 'max_iter': 40, 'learning_rate_init': 0.001, 'max_depth': 5, 'max_iter_svm': 5000}"
graphics,,,resnet50,random_forest,,,8,1544.7917754650116,0.5102140872691616,0.3895410940383391,0.4985991164109557,0.6314724919093851,0.1760042283298097,2.613107822410148,3.855179704016913,"{'type': 'graphics', 'balanced': True, 'vectorizers': ['resnet50'], 'models': ['random_forest'], 'max_iter': 40, 'learning_rate_init': 0.001, 'max_depth': 5, 'max_iter_svm': 5000}"
graphics,,,resnet50,random_forest,,,9,1544.7917754650116,0.5095862764883956,0.3934532071392817,0.4957495112357691,0.6128640776699029,0.1712473572938689,2.613107822410148,3.6723044397463,"{'type': 'graphics', 'balanced': True, 'vectorizers': ['resnet50'], 'models': ['random_forest'], 'max_iter': 40, 'learning_rate_init': 0.001, 'max_depth': 5, 'max_iter_svm': 5000}"
graphics,,,resnet50,mlp,,,0,881.8970608711243,0.525090909090909,0.3403590136446692,0.5065402859489448,0.4373990306946688,0.1149243224216825,2.614572333685322,1.7412882787750792,"{'type': 'graphics', 'balanced': True, 'vectorizers': ['resnet50'], 'models': ['mlp'], 'max_iter': 40, 'learning_rate_init': 0.001, 'max_depth': 5, 'max_iter_svm': 5000}"
graphics,,,resnet50,mlp,,,1,881.8970608711243,0.5028818443804035,0.3418422829397046,0.4869574459331587,0.422859450726979,0.1214361140443505,2.614572333685322,1.7824709609292502,"{'type': 'graphics', 'balanced': True, 'vectorizers': ['resnet50'], 'models': ['mlp'], 'max_iter': 40, 'learning_rate_init': 0.001, 'max_depth': 5, 'max_iter_svm': 5000}"
graphics,,,resnet50,mlp,,,2,881.8970608711243,0.4892230576441103,0.2902795673546038,0.4733782995134632,0.3956222132144305,0.1195588407837615,2.60506863780359,1.6082365364308342,"{'type': 'graphics', 'balanced': True, 'vectorizers': ['resnet50'], 'models': ['mlp'], 'max_iter': 40, 'learning_rate_init': 0.001, 'max_depth': 5, 'max_iter_svm': 5000}"
graphics,,,resnet50,mlp,,,3,881.8970608711243,0.4585885486018641,0.2891238625948574,0.4295318549806406,0.349006890960681,0.1192655168367945,2.60506863780359,1.3600844772967264,"{'type': 'graphics', 'balanced': True, 'vectorizers': ['resnet50'], 'models': ['mlp'], 'max_iter': 40, 'learning_rate_init': 0.001, 'max_depth': 5, 'max_iter_svm': 5000}"
graphics,,,resnet50,mlp,,,4,881.8970608711243,0.4937388193202147,0.3214429269462282,0.4687190962270159,0.3912515188335358,0.1162149477883374,2.607180570221753,1.5248152059134108,"{'type': 'graphics', 'balanced': True, 'vectorizers': ['resnet50'], 'models': ['mlp'], 'max_iter': 40, 'learning_rate_init': 0.001, 'max_depth': 5, 'max_iter_svm': 5000}"
graphics,,,resnet50,mlp,,,5,881.8970608711243,0.498036498036498,0.3507190136619486,0.4821495687774757,0.4366140137707573,0.1276133427296218,2.609936575052854,1.9661733615221988,"{'type': 'graphics', 'balanced': True, 'vectorizers': ['resnet50'], 'models': ['mlp'], 'max_iter': 40, 'learning_rate_init': 0.001, 'max_depth': 5, 'max_iter_svm': 5000}"
graphics,,,resnet50,mlp,,,6,881.8970608711243,0.5037220843672456,0.3404531407027232,0.4811817205580419,0.4109311740890688,0.1174536058256988,2.610993657505285,1.649048625792812,"{'type': 'graphics', 'balanced': True, 'vectorizers': ['resnet50'], 'models': ['mlp'], 'max_iter': 40, 'learning_rate_init': 0.001, 'max_depth': 5, 'max_iter_svm': 5000}"
graphics,,,resnet50,mlp,,,7,881.8970608711243,0.4867075664621677,0.308695646263865,0.4649680892281315,0.3854251012145749,0.1179234202490016,2.610993657505285,1.5243128964059196,"{'type': 'graphics', 'balanced': True, 'vectorizers': ['resnet50'], 'models': ['mlp'], 'max_iter': 40, 'learning_rate_init': 0.001, 'max_depth': 5, 'max_iter_svm': 5000}"
graphics,,,resnet50,mlp,,,8,881.8970608711243,0.5035758323057953,0.3254781212728898,0.4789615423336353,0.4130258899676375,0.1182170542635659,2.613107822410148,1.6733615221987317,"{'type': 'graphics', 'balanced': True, 'vectorizers': ['resnet50'], 'models': ['mlp'], 'max_iter': 40, 'learning_rate_init': 0.001, 'max_depth': 5, 'max_iter_svm': 5000}"
graphics,,,resnet50,mlp,,,9,881.8970608711243,0.5009372071227741,0.3603690936347288,0.485802375918655,0.4324433656957929,0.1250880902043692,2.613107822410148,1.898520084566596,"{'type': 'graphics', 'balanced': True, 'vectorizers': ['resnet50'], 'models': ['mlp'], 'max_iter': 40, 'learning_rate_init': 0.001, 'max_depth': 5, 'max_iter_svm': 5000}"
early-fusion,,,distilbert,logistic,resnet50,,0,1569.5910742282867,0.6259231905465288,0.566422949894268,0.6143222845440374,0.6845718901453958,0.1188548633110407,2.614572333685322,3.1045406546990497,"{'type': 'early-fusion', 'balanced': True, 'vectorizers': ['distilbert', 'resnet50'], 'models': ['logistic'], 'max_iter': 40, 'learning_rate_init': 0.001, 'max_depth': 5, 'max_iter_svm': 5000}"
early-fusion,,,distilbert,logistic,resnet50,,1,1569.5910742282867,0.6161048689138576,0.5536829062765326,0.6098132478808297,0.6643780290791599,0.1202628182564824,2.614572333685322,3.02428722280887,"{'type': 'early-fusion', 'balanced': True, 'vectorizers': ['distilbert', 'resnet50'], 'models': ['logistic'], 'max_iter': 40, 'learning_rate_init': 0.001, 'max_depth': 5, 'max_iter_svm': 5000}"
early-fusion,,,distilbert,logistic,resnet50,,2,1569.5910742282867,0.6113488372093023,0.5615607401327568,0.6023449330207514,0.6659910822861775,0.1225507450428253,2.60506863780359,3.070749736008448,"{'type': 'early-fusion', 'balanced': True, 'vectorizers': ['distilbert', 'resnet50'], 'models': ['logistic'], 'max_iter': 40, 'learning_rate_init': 0.001, 'max_depth': 5, 'max_iter_svm': 5000}"
early-fusion,,,distilbert,logistic,resnet50,,3,1569.5910742282867,0.605827377680044,0.5434802775616624,0.5923422640951679,0.6700445885691123,0.1261879619852164,2.60506863780359,3.157338965153115,"{'type': 'early-fusion', 'balanced': True, 'vectorizers': ['distilbert', 'resnet50'], 'models': ['logistic'], 'max_iter': 40, 'learning_rate_init': 0.001, 'max_depth': 5, 'max_iter_svm': 5000}"
early-fusion,,,distilbert,logistic,resnet50,,4,1569.5910742282867,0.6068863929294789,0.5473455407804639,0.5984761630484967,0.667476711219117,0.1252493253549219,2.607180570221753,3.1277719112988382,"{'type': 'early-fusion', 'balanced': True, 'vectorizers': ['distilbert', 'resnet50'], 'models': ['logistic'], 'max_iter': 40, 'learning_rate_init': 0.001, 'max_depth': 5, 'max_iter_svm': 5000}"
early-fusion,,,distilbert,logistic,resnet50,,5,1569.5910742282867,0.608193668528864,0.5323980455553193,0.5928990143049339,0.6614013770757392,0.1235611933286351,2.609936575052854,3.0665961945031714,"{'type': 'early-fusion', 'balanced': True, 'vectorizers': ['distilbert', 'resnet50'], 'models': ['logistic'], 'max_iter': 40, 'learning_rate_init': 0.001, 'max_depth': 5, 'max_iter_svm': 5000}"
early-fusion,,,distilbert,logistic,resnet50,,6,1569.5910742282867,0.6162577810325888,0.5425127892089894,0.6119057533962396,0.6813765182186234,0.1230913789053324,2.610993657505285,3.1627906976744184,"{'type': 'early-fusion', 'balanced': True, 'vectorizers': ['distilbert', 'resnet50'], 'models': ['logistic'], 'max_iter': 40, 'learning_rate_init': 0.001, 'max_depth': 5, 'max_iter_svm': 5000}"
early-fusion,,,distilbert,logistic,resnet50,,7,1569.5910742282867,0.6122524523412919,0.5495062132761447,0.6021684329295323,0.6696356275303643,0.1230326521024195,2.610993657505285,3.1004228329809727,"{'type': 'early-fusion', 'balanced': True, 'vectorizers': ['distilbert', 'resnet50'], 'models': ['logistic'], 'max_iter': 40, 'learning_rate_init': 0.001, 'max_depth': 5, 'max_iter_svm': 5000}"
early-fusion,,,distilbert,logistic,resnet50,,8,1569.5910742282867,0.6230668902552636,0.5578294765100817,0.6125209005230147,0.6763754045307443,0.1188043222926943,2.613107822410148,3.0602536997885834,"{'type': 'early-fusion', 'balanced': True, 'vectorizers': ['distilbert', 'resnet50'], 'models': ['logistic'], 'max_iter': 40, 'learning_rate_init': 0.001, 'max_depth': 5, 'max_iter_svm': 5000}"
early-fusion,,,distilbert,logistic,resnet50,,9,1569.5910742282867,0.6194225721784777,0.5600024640808261,0.6098286960866242,0.6682847896440129,0.1192154099130843,2.613107822410148,3.025369978858351,"{'type': 'early-fusion', 'balanced': True, 'vectorizers': ['distilbert', 'resnet50'], 'models': ['logistic'], 'max_iter': 40, 'learning_rate_init': 0.001, 'max_depth': 5, 'max_iter_svm': 5000}"
early-fusion,,,distilbert,random_forest,resnet50,,0,2007.9933495521543,0.6580576684946047,0.6043241327759268,0.6436143288836003,0.7512116316639742,0.1133990378974539,2.614572333685322,3.35480464625132,"{'type': 'early-fusion', 'balanced': True, 'vectorizers': ['distilbert', 'resnet50'], 'models': ['random_forest'], 'max_iter': 40, 'learning_rate_init': 0.001, 'max_depth': 5, 'max_iter_svm': 5000}"
early-fusion,,,distilbert,random_forest,resnet50,,1,2007.9933495521543,0.6461864406779662,0.6048529150863164,0.6357924956657797,0.7390953150242326,0.1175642379443857,2.614572333685322,3.3664202745512144,"{'type': 'early-fusion', 'balanced': True, 'vectorizers': ['distilbert', 'resnet50'], 'models': ['random_forest'], 'max_iter': 40, 'learning_rate_init': 0.001, 'max_depth': 5, 'max_iter_svm': 5000}"
early-fusion,,,distilbert,random_forest,resnet50,,2,2007.9933495521543,0.6363797065582464,0.5764576524631122,0.6252574071475866,0.7296311309282529,0.1206734717822363,2.60506863780359,3.368532206969377,"{'type': 'early-fusion', 'balanced': True, 'vectorizers': ['distilbert', 'resnet50'], 'models': ['random_forest'], 'max_iter': 40, 'learning_rate_init': 0.001, 'max_depth': 5, 'max_iter_svm': 5000}"
early-fusion,,,distilbert,random_forest,resnet50,,3,2007.9933495521543,0.6471006759160441,0.5788418696241504,0.6370845275808317,0.737332792865829,0.1163909421565176,2.60506863780359,3.331573389651531,"{'type': 'early-fusion', 'balanced': True, 'vectorizers': ['distilbert', 'resnet50'], 'models': ['random_forest'], 'max_iter': 40, 'learning_rate_init': 0.001, 'max_depth': 5, 'max_iter_svm': 5000}"
early-fusion,,,distilbert,random_forest,resnet50,,4,2007.9933495521543,0.645311381531854,0.5831540823240768,0.6318136515602197,0.7302551640340219,0.1162736125777308,2.607180570221753,3.293558606124604,"{'type': 'early-fusion', 'balanced': True, 'vectorizers': ['distilbert', 'resnet50'], 'models': ['random_forest'], 'max_iter': 40, 'learning_rate_init': 0.001, 'max_depth': 5, 'max_iter_svm': 5000}"
early-fusion,,,distilbert,random_forest,resnet50,,5,2007.9933495521543,0.6440737489025461,0.5675923206630388,0.6337018806891958,0.7428108545970028,0.1190392295043457,2.609936575052854,3.4101479915433406,"{'type': 'early-fusion', 'balanced': True, 'vectorizers': ['distilbert', 'resnet50'], 'models': ['random_forest'], 'max_iter': 40, 'learning_rate_init': 0.001, 'max_depth': 5, 'max_iter_svm': 5000}"
early-fusion,,,distilbert,random_forest,resnet50,,6,2007.9933495521543,0.6419971671388102,0.5845619165159073,0.6303518069902848,0.7340080971659919,0.1187455954897815,2.610993657505285,3.3594080338266386,"{'type': 'early-fusion', 'balanced': True, 'vectorizers': ['distilbert', 'resnet50'], 'models': ['random_forest'], 'max_iter': 40, 'learning_rate_init': 0.001, 'max_depth': 5, 'max_iter_svm': 5000}"
early-fusion,,,distilbert,random_forest,resnet50,,7,2007.9933495521543,0.6467150699486452,0.583967456197342,0.6350453399079191,0.7392712550607288,0.1171599718111346,2.610993657505285,3.358350951374207,"{'type': 'early-fusion', 'balanced': True, 'vectorizers': ['distilbert', 'resnet50'], 'models': ['random_forest'], 'max_iter': 40, 'learning_rate_init': 0.001, 'max_depth': 5, 'max_iter_svm': 5000}"
early-fusion,,,distilbert,random_forest,resnet50,,8,2007.9933495521543,0.6566478076379066,0.6030963042440932,0.64623698476764,0.7512135922330098,0.1140474512567535,2.613107822410148,3.365750528541226,"{'type': 'early-fusion', 'balanced': True, 'vectorizers': ['distilbert', 'resnet50'], 'models': ['random_forest'], 'max_iter': 40, 'learning_rate_init': 0.001, 'max_depth': 5, 'max_iter_svm': 5000}"
early-fusion,,,distilbert,random_forest,resnet50,,9,2007.9933495521543,0.6552706552706553,0.594103829004677,0.6419319346380657,0.7443365695792881,0.1136950904392764,2.613107822410148,3.3234672304439745,"{'type': 'early-fusion', 'balanced': True, 'vectorizers': ['distilbert', 'resnet50'], 'models': ['random_forest'], 'max_iter': 40, 'learning_rate_init': 0.001, 'max_depth': 5, 'max_iter_svm': 5000}"
early-fusion,,,distilbert,mlp,resnet50,,0,1114.418837070465,0.6640017765933822,0.5635691685715651,0.6490267740003749,0.6037964458804523,0.0887598263522233,2.614572333685322,2.140443505807814,"{'type': 'early-fusion', 'balanced': True, 'vectorizers': ['distilbert', 'resnet50'], 'models': ['mlp'], 'max_iter': 40, 'learning_rate_init': 0.001, 'max_depth': 5, 'max_iter_svm': 5000}"
early-fusion,,,distilbert,mlp,resnet50,,1,1114.418837070465,0.655324790101635,0.5582450580090115,0.6500280371980478,0.5989499192245558,0.0915170714537134,2.614572333685322,2.1647307286166844,"{'type': 'early-fusion', 'balanced': True, 'vectorizers': ['distilbert', 'resnet50'], 'models': ['mlp'], 'max_iter': 40, 'learning_rate_init': 0.001, 'max_depth': 5, 'max_iter_svm': 5000}"
early-fusion,,,distilbert,mlp,resnet50,,2,1114.418837070465,0.6487826871055005,0.5242124382248199,0.639197221879376,0.5832995541143089,0.0913997418749266,2.60506863780359,2.0791974656810983,"{'type': 'early-fusion', 'balanced': True, 'vectorizers': ['distilbert', 'resnet50'], 'models': ['mlp'], 'max_iter': 40, 'learning_rate_init': 0.001, 'max_depth': 5, 'max_iter_svm': 5000}"
early-fusion,,,distilbert,mlp,resnet50,,3,1114.418837070465,0.6478001326553172,0.5107609666223294,0.6387371985048861,0.5938386704499392,0.0934530095036958,2.60506863780359,2.171066525871172,"{'type': 'early-fusion', 'balanced': True, 'vectorizers': ['distilbert', 'resnet50'], 'models': ['mlp'], 'max_iter': 40, 'learning_rate_init': 0.001, 'max_depth': 5, 'max_iter_svm': 5000}"
early-fusion,,,distilbert,mlp,resnet50,,4,1114.418837070465,0.6502959877219908,0.5356522552767305,0.6419176681584285,0.6006480356419603,0.0935703390824826,2.607180570221753,2.2090813093980994,"{'type': 'early-fusion', 'balanced': True, 'vectorizers': ['distilbert', 'resnet50'], 'models': ['mlp'], 'max_iter': 40, 'learning_rate_init': 0.001, 'max_depth': 5, 'max_iter_svm': 5000}"
early-fusion,,,distilbert,mlp,resnet50,,5,1114.418837070465,0.6459854014598541,0.536979523001893,0.6313139702674587,0.5735115431348724,0.0911439981207423,2.609936575052854,2.02431289640592,"{'type': 'early-fusion', 'balanced': True, 'vectorizers': ['distilbert', 'resnet50'], 'models': ['mlp'], 'max_iter': 40, 'learning_rate_init': 0.001, 'max_depth': 5, 'max_iter_svm': 5000}"
early-fusion,,,distilbert,mlp,resnet50,,6,1114.418837070465,0.6601221640488656,0.5421785189538414,0.6576909993929021,0.6125506072874494,0.0914963589382194,2.610993657505285,2.2346723044397465,"{'type': 'early-fusion', 'balanced': True, 'vectorizers': ['distilbert', 'resnet50'], 'models': ['mlp'], 'max_iter': 40, 'learning_rate_init': 0.001, 'max_depth': 5, 'max_iter_svm': 5000}"
early-fusion,,,distilbert,mlp,resnet50,,7,1114.418837070465,0.6620994475138121,0.5608629675268536,0.6506530115409608,0.6064777327935222,0.0897932816537467,2.610993657505285,2.1723044397463003,"{'type': 'early-fusion', 'balanced': True, 'vectorizers': ['distilbert', 'resnet50'], 'models': ['mlp'], 'max_iter': 40, 'learning_rate_init': 0.001, 'max_depth': 5, 'max_iter_svm': 5000}"
early-fusion,,,distilbert,mlp,resnet50,,8,1114.418837070465,0.6520017597888254,0.5729869716008279,0.6406283462837374,0.5995145631067961,0.0929058022081277,2.613107822410148,2.192389006342495,"{'type': 'early-fusion', 'balanced': True, 'vectorizers': ['distilbert', 'resnet50'], 'models': ['mlp'], 'max_iter': 40, 'learning_rate_init': 0.001, 'max_depth': 5, 'max_iter_svm': 5000}"
early-fusion,,,distilbert,mlp,resnet50,,9,1114.418837070465,0.6591451507919288,0.5662700581432139,0.6487440853719924,0.6144822006472492,0.0922598073760864,2.613107822410148,2.258985200845666,"{'type': 'early-fusion', 'balanced': True, 'vectorizers': ['distilbert', 'resnet50'], 'models': ['mlp'], 'max_iter': 40, 'learning_rate_init': 0.001, 'max_depth': 5, 'max_iter_svm': 5000}"
late-fusion,late-fusion-or,,distilbert,svm,resnet50,logistic,0,2104.655577659607,0.5510307966403665,0.4764974595238782,0.5517770156629713,0.874394184168013,0.2069693769799366,2.614572333685322,5.683210137275607,"{'type': 'late-fusion', 'balanced_list': [True, True], 'vectorizers': ['distilbert', 'resnet50'], 'models': ['svm', 'logistic'], 'max_features_tfidf': 20000, 'max_iter': 40, 'learning_rate_init': 0.001, 'max_depth': 5, 'max_iter_svm': 5000}"
late-fusion,late-fusion-or,,distilbert,svm,resnet50,logistic,1,2104.655577659607,0.549833461439918,0.4730177043267155,0.548425506794039,0.8667205169628432,0.2061480699284289,2.614572333685322,5.628299894403379,"{'type': 'late-fusion', 'balanced_list': [True, True], 'vectorizers': ['distilbert', 'resnet50'], 'models': ['svm', 'logistic'], 'max_features_tfidf': 20000, 'max_iter': 40, 'learning_rate_init': 0.001, 'max_depth': 5, 'max_iter_svm': 5000}"
late-fusion,late-fusion-or,,distilbert,svm,resnet50,logistic,2,2104.655577659607,0.5458931065126317,0.4818136600921348,0.5430703814547532,0.8715038508309688,0.2098439516602135,2.60506863780359,5.712777191129884,"{'type': 'late-fusion', 'balanced_list': [True, True], 'vectorizers': ['distilbert', 'resnet50'], 'models': ['svm', 'logistic'], 'max_features_tfidf': 20000, 'max_iter': 40, 'learning_rate_init': 0.001, 'max_depth': 5, 'max_iter_svm': 5000}"
late-fusion,late-fusion-or,,distilbert,svm,resnet50,logistic,3,2104.655577659607,0.5327765122753734,0.4602628015628583,0.5312594714917841,0.8532630725577625,0.2165904024404552,2.60506863780359,5.739176346356917,"{'type': 'late-fusion', 'balanced_list': [True, True], 'vectorizers': ['distilbert', 'resnet50'], 'models': ['svm', 'logistic'], 'max_features_tfidf': 20000, 'max_iter': 40, 'learning_rate_init': 0.001, 'max_depth': 5, 'max_iter_svm': 5000}"
late-fusion,late-fusion-or,,distilbert,svm,resnet50,logistic,4,2104.655577659607,0.5384518565135306,0.4776828097662556,0.5374336944294705,0.8663426488456865,0.21512378270562,2.607180570221753,5.78247096092925,"{'type': 'late-fusion', 'balanced_list': [True, True], 'vectorizers': ['distilbert', 'resnet50'], 'models': ['svm', 'logistic'], 'max_features_tfidf': 20000, 'max_iter': 40, 'learning_rate_init': 0.001, 'max_depth': 5, 'max_iter_svm': 5000}"
late-fusion,late-fusion-or,,distilbert,svm,resnet50,logistic,5,2104.655577659607,0.5387528401918708,0.4513556436164084,0.5391936111809262,0.8643175374645605,0.2145877378435517,2.609936575052854,5.764270613107822,"{'type': 'late-fusion', 'balanced_list': [True, True], 'vectorizers': ['distilbert', 'resnet50'], 'models': ['svm', 'logistic'], 'max_features_tfidf': 20000, 'max_iter': 40, 'learning_rate_init': 0.001, 'max_depth': 5, 'max_iter_svm': 5000}"
late-fusion,late-fusion-or,,distilbert,svm,resnet50,logistic,6,2104.655577659607,0.5336356764928194,0.4581570155909168,0.5342918738531846,0.8574898785425101,0.2174066243833685,2.610993657505285,5.780126849894292,"{'type': 'late-fusion', 'balanced_list': [True, True], 'vectorizers': ['distilbert', 'resnet50'], 'models': ['svm', 'logistic'], 'max_features_tfidf': 20000, 'max_iter': 40, 'learning_rate_init': 0.001, 'max_depth': 5, 'max_iter_svm': 5000}"
late-fusion,late-fusion-or,,distilbert,svm,resnet50,logistic,7,2104.655577659607,0.5374952417205938,0.4594186393727784,0.540166144050922,0.8574898785425101,0.2140591966173361,2.610993657505285,5.719873150105708,"{'type': 'late-fusion', 'balanced_list': [True, True], 'vectorizers': ['distilbert', 'resnet50'], 'models': ['svm', 'logistic'], 'max_features_tfidf': 20000, 'max_iter': 40, 'learning_rate_init': 0.001, 'max_depth': 5, 'max_iter_svm': 5000}"
late-fusion,late-fusion-or,,distilbert,svm,resnet50,logistic,8,2104.655577659607,0.5455470737913486,0.4796597967031299,0.5446584276658272,0.8673139158576052,0.2097721400046981,2.613107822410148,5.695560253699789,"{'type': 'late-fusion', 'balanced_list': [True, True], 'vectorizers': ['distilbert', 'resnet50'], 'models': ['svm', 'logistic'], 'max_features_tfidf': 20000, 'max_iter': 40, 'learning_rate_init': 0.001, 'max_depth': 5, 'max_iter_svm': 5000}"
late-fusion,late-fusion-or,,distilbert,svm,resnet50,logistic,9,2104.655577659607,0.5424288617886179,0.4688061554201549,0.5412221587433004,0.863673139158576,0.2115339440920836,2.613107822410148,5.708245243128964,"{'type': 'late-fusion', 'balanced_list': [True, True], 'vectorizers': ['distilbert', 'resnet50'], 'models': ['svm', 'logistic'], 'max_features_tfidf': 20000, 'max_iter': 40, 'learning_rate_init': 0.001, 'max_depth': 5, 'max_iter_svm': 5000}"
late-fusion,late-fusion-and,,distilbert,svm,resnet50,logistic,0,2104.655577659607,0.5531709669640704,0.4554420018723621,0.5066336924837452,0.4632471728594507,0.1087058547459814,2.614572333685322,1.764519535374868,"{'type': 'late-fusion', 'balanced_list': [True, True], 'vectorizers': ['distilbert', 'resnet50'], 'models': ['svm', 'logistic'], 'max_features_tfidf': 20000, 'max_iter': 40, 'learning_rate_init': 0.001, 'max_depth': 5, 'max_iter_svm': 5000}"
late-fusion,late-fusion-and,,distilbert,svm,resnet50,logistic,1,2104.655577659607,0.5545766030347529,0.4609952606331203,0.5178243439067093,0.4575928917609047,0.106769916695999,2.614572333685322,1.7001055966209082,"{'type': 'late-fusion', 'balanced_list': [True, True], 'vectorizers': ['distilbert', 'resnet50'], 'models': ['svm', 'logistic'], 'max_features_tfidf': 20000, 'max_iter': 40, 'learning_rate_init': 0.001, 'max_depth': 5, 'max_iter_svm': 5000}"
late-fusion,late-fusion-and,,distilbert,svm,resnet50,logistic,2,2104.655577659607,0.5412799218368344,0.4498908124865474,0.5080584087975851,0.449128496149169,0.1101724744808166,2.60506863780359,1.7180570221752904,"{'type': 'late-fusion', 'balanced_list': [True, True], 'vectorizers': ['distilbert', 'resnet50'], 'models': ['svm', 'logistic'], 'max_features_tfidf': 20000, 'max_iter': 40, 'learning_rate_init': 0.001, 'max_depth': 5, 'max_iter_svm': 5000}"
late-fusion,late-fusion-and,,distilbert,svm,resnet50,logistic,3,2104.655577659607,0.5450570803983483,0.4337944698417835,0.4994979970164764,0.4548034049452776,0.1098791505338495,2.60506863780359,1.7423442449841604,"{'type': 'late-fusion', 'balanced_list': [True, True], 'vectorizers': ['distilbert', 'resnet50'], 'models': ['svm', 'logistic'], 'max_features_tfidf': 20000, 'max_iter': 40, 'learning_rate_init': 0.001, 'max_depth': 5, 'max_iter_svm': 5000}"
late-fusion,late-fusion-and,,distilbert,svm,resnet50,logistic,4,2104.655577659607,0.5428709055876686,0.453914994269077,0.5005346876518999,0.4564601053057918,0.1113457702686847,2.607180570221753,1.7771911298838436,"{'type': 'late-fusion', 'balanced_list': [True, True], 'vectorizers': ['distilbert', 'resnet50'], 'models': ['svm', 'logistic'], 'max_features_tfidf': 20000, 'max_iter': 40, 'learning_rate_init': 0.001, 'max_depth': 5, 'max_iter_svm': 5000}"
late-fusion,late-fusion-and,,distilbert,svm,resnet50,logistic,5,2104.655577659607,0.5308791474933398,0.4275002743516965,0.4922925265948522,0.4439044147428108,0.1137538172421893,2.609936575052854,1.754756871035941,"{'type': 'late-fusion', 'balanced_list': [True, True], 'vectorizers': ['distilbert', 'resnet50'], 'models': ['svm', 'logistic'], 'max_features_tfidf': 20000, 'max_iter': 40, 'learning_rate_init': 0.001, 'max_depth': 5, 'max_iter_svm': 5000}"
late-fusion,late-fusion-and,,distilbert,svm,resnet50,logistic,6,2104.655577659607,0.5508720930232558,0.4376559261180049,0.5142147082421924,0.4603238866396761,0.1088794926004228,2.610993657505285,1.7526427061310783,"{'type': 'late-fusion', 'balanced_list': [True, True], 'vectorizers': ['distilbert', 'resnet50'], 'models': ['svm', 'logistic'], 'max_features_tfidf': 20000, 'max_iter': 40, 'learning_rate_init': 0.001, 'max_depth': 5, 'max_iter_svm': 5000}"
late-fusion,late-fusion-and,,distilbert,svm,resnet50,logistic,7,2104.655577659607,0.5459368217988908,0.4543167005097318,0.5037157287157287,0.4582995951417004,0.1105825698848954,2.610993657505285,1.7727272727272727,"{'type': 'late-fusion', 'balanced_list': [True, True], 'vectorizers': ['distilbert', 'resnet50'], 'models': ['svm', 'logistic'], 'max_features_tfidf': 20000, 'max_iter': 40, 'learning_rate_init': 0.001, 'max_depth': 5, 'max_iter_svm': 5000}"
late-fusion,late-fusion-and,,distilbert,svm,resnet50,logistic,8,2104.655577659607,0.5533841754051477,0.452486138149867,0.5185428736168693,0.4696601941747573,0.1100540286586798,2.613107822410148,1.8224101479915435,"{'type': 'late-fusion', 'balanced_list': [True, True], 'vectorizers': ['distilbert', 'resnet50'], 'models': ['svm', 'logistic'], 'max_features_tfidf': 20000, 'max_iter': 40, 'learning_rate_init': 0.001, 'max_depth': 5, 'max_iter_svm': 5000}"
late-fusion,late-fusion-and,,distilbert,svm,resnet50,logistic,9,2104.655577659607,0.5402072027627035,0.4405371919446474,0.5004361037130594,0.4429611650485437,0.1094667606295513,2.613107822410148,1.6723044397463005,"{'type': 'late-fusion', 'balanced_list': [True, True], 'vectorizers': ['distilbert', 'resnet50'], 'models': ['svm', 'logistic'], 'max_features_tfidf': 20000, 'max_iter': 40, 'learning_rate_init': 0.001, 'max_depth': 5, 'max_iter_svm': 5000}"
late-fusion,late-fusion-avg,,distilbert,svm,resnet50,logistic,0,2104.655577659607,0.6199540531670495,0.563880483676082,0.6122633790004435,0.7629240710823909,0.1358676522351284,2.614572333685322,3.820485744456177,"{'type': 'late-fusion', 'balanced_list': [True, True], 'vectorizers': ['distilbert', 'resnet50'], 'models': ['svm', 'logistic'], 'max_features_tfidf': 20000, 'max_iter': 40, 'learning_rate_init': 0.001, 'max_depth': 5, 'max_iter_svm': 5000}"
late-fusion,late-fusion-avg,,distilbert,svm,resnet50,logistic,1,2104.655577659607,0.6214726999499082,0.5611277205121188,0.6181953679313763,0.7516155088852988,0.1329930775548515,2.614572333685322,3.70960929250264,"{'type': 'late-fusion', 'balanced_list': [True, True], 'vectorizers': ['distilbert', 'resnet50'], 'models': ['svm', 'logistic'], 'max_features_tfidf': 20000, 'max_iter': 40, 'learning_rate_init': 0.001, 'max_depth': 5, 'max_iter_svm': 5000}"
late-fusion,late-fusion-avg,,distilbert,svm,resnet50,logistic,2,2104.655577659607,0.6193979933110368,0.5642233186342208,0.6176272220094817,0.7507093635995136,0.1335210606593922,2.60506863780359,3.70960929250264,"{'type': 'late-fusion', 'balanced_list': [True, True], 'vectorizers': ['distilbert', 'resnet50'], 'models': ['svm', 'logistic'], 'max_features_tfidf': 20000, 'max_iter': 40, 'learning_rate_init': 0.001, 'max_depth': 5, 'max_iter_svm': 5000}"
late-fusion,late-fusion-avg,,distilbert,svm,resnet50,logistic,3,2104.655577659607,0.6024535809018567,0.5376871490641946,0.5953488726455991,0.736522091609242,0.1406781649653877,2.60506863780359,3.764519535374868,"{'type': 'late-fusion', 'balanced_list': [True, True], 'vectorizers': ['distilbert', 'resnet50'], 'models': ['svm', 'logistic'], 'max_features_tfidf': 20000, 'max_iter': 40, 'learning_rate_init': 0.001, 'max_depth': 5, 'max_iter_svm': 5000}"
late-fusion,late-fusion-avg,,distilbert,svm,resnet50,logistic,4,2104.655577659607,0.6067639257294429,0.5597692624706014,0.59917500075895,0.741190765492102,0.1391528804411592,2.607180570221753,3.7624076029567055,"{'type': 'late-fusion', 'balanced_list': [True, True], 'vectorizers': ['distilbert', 'resnet50'], 'models': ['svm', 'logistic'], 'max_features_tfidf': 20000, 'max_iter': 40, 'learning_rate_init': 0.001, 'max_depth': 5, 'max_iter_svm': 5000}"
late-fusion,late-fusion-avg,,distilbert,svm,resnet50,logistic,5,2104.655577659607,0.6049199273567772,0.5339323021279831,0.6010410367175695,0.7420008100445524,0.1405332393704486,2.609936575052854,3.792811839323467,"{'type': 'late-fusion', 'balanced_list': [True, True], 'vectorizers': ['distilbert', 'resnet50'], 'models': ['svm', 'logistic'], 'max_features_tfidf': 20000, 'max_iter': 40, 'learning_rate_init': 0.001, 'max_depth': 5, 'max_iter_svm': 5000}"
late-fusion,late-fusion-avg,,distilbert,svm,resnet50,logistic,6,2104.655577659607,0.6041356492969396,0.5421935059704364,0.6000861072214138,0.7392712550607288,0.1405332393704486,2.610993657505285,3.779069767441861,"{'type': 'late-fusion', 'balanced_list': [True, True], 'vectorizers': ['distilbert', 'resnet50'], 'models': ['svm', 'logistic'], 'max_features_tfidf': 20000, 'max_iter': 40, 'learning_rate_init': 0.001, 'max_depth': 5, 'max_iter_svm': 5000}"
late-fusion,late-fusion-avg,,distilbert,svm,resnet50,logistic,7,2104.655577659607,0.6133995037220844,0.5480847952365813,0.6090923112593303,0.7506072874493928,0.1372445384073291,2.610993657505285,3.779069767441861,"{'type': 'late-fusion', 'balanced_list': [True, True], 'vectorizers': ['distilbert', 'resnet50'], 'models': ['svm', 'logistic'], 'max_features_tfidf': 20000, 'max_iter': 40, 'learning_rate_init': 0.001, 'max_depth': 5, 'max_iter_svm': 5000}"
late-fusion,late-fusion-avg,,distilbert,svm,resnet50,logistic,8,2104.655577659607,0.6317713526088401,0.5831128135245124,0.627972186375992,0.7690129449838188,0.1301385952548743,2.613107822410148,3.748414376321353,"{'type': 'late-fusion', 'balanced_list': [True, True], 'vectorizers': ['distilbert', 'resnet50'], 'models': ['svm', 'logistic'], 'max_features_tfidf': 20000, 'max_iter': 40, 'learning_rate_init': 0.001, 'max_depth': 5, 'max_iter_svm': 5000}"
late-fusion,late-fusion-avg,,distilbert,svm,resnet50,logistic,9,2104.655577659607,0.615874079035499,0.5572943750846022,0.6097549678416485,0.7439320388349514,0.1347192858820765,2.613107822410148,3.699788583509514,"{'type': 'late-fusion', 'balanced_list': [True, True], 'vectorizers': ['distilbert', 'resnet50'], 'models': ['svm', 'logistic'], 'max_features_tfidf': 20000, 'max_iter': 40, 'learning_rate_init': 0.001, 'max_depth': 5, 'max_iter_svm': 5000}"
late-fusion,late-fusion-or,,distilbert,svm,resnet50,random_forest,0,2741.021607160568,0.565794561154788,0.5056349477595631,0.5644268409051936,0.8865105008077544,0.197641675466385,2.614572333685322,5.578669482576558,"{'type': 'late-fusion', 'balanced_list': [True, True], 'vectorizers': ['distilbert', 'resnet50'], 'models': ['svm', 'random_forest'], 'max_features_tfidf': 20000, 'max_iter': 40, 'learning_rate_init': 0.001, 'max_depth': 5, 'max_iter_svm': 5000}"
late-fusion,late-fusion-or,,distilbert,svm,resnet50,random_forest,1,2741.021607160568,0.5645933014354066,0.5043833257083151,0.5674378302678196,0.8816639741518578,0.1975243458875982,2.614572333685322,5.551214361140444,"{'type': 'late-fusion', 'balanced_list': [True, True], 'vectorizers': ['distilbert', 'resnet50'], 'models': ['svm', 'random_forest'], 'max_features_tfidf': 20000, 'max_iter': 40, 'learning_rate_init': 0.001, 'max_depth': 5, 'max_iter_svm': 5000}"
late-fusion,late-fusion-or,,distilbert,svm,resnet50,random_forest,2,2741.021607160568,0.5532410402380644,0.491990958670421,0.5555952964083903,0.866639643291447,0.2025695177754312,2.60506863780359,5.55649419218585,"{'type': 'late-fusion', 'balanced_list': [True, True], 'vectorizers': ['distilbert', 'resnet50'], 'models': ['svm', 'random_forest'], 'max_features_tfidf': 20000, 'max_iter': 40, 'learning_rate_init': 0.001, 'max_depth': 5, 'max_iter_svm': 5000}"
late-fusion,late-fusion-or,,distilbert,svm,resnet50,random_forest,3,2741.021607160568,0.5454779364466744,0.4794955187460369,0.5458075011929289,0.8593433319821646,0.2072627009269036,2.60506863780359,5.602956705385427,"{'type': 'late-fusion', 'balanced_list': [True, True], 'vectorizers': ['distilbert', 'resnet50'], 'models': ['svm', 'random_forest'], 'max_features_tfidf': 20000, 'max_iter': 40, 'learning_rate_init': 0.001, 'max_depth': 5, 'max_iter_svm': 5000}"
late-fusion,late-fusion-or,,distilbert,svm,resnet50,random_forest,4,2741.021607160568,0.5567302733367715,0.4970629473462982,0.5560510417038773,0.8744430943701904,0.2016895459345301,2.607180570221753,5.582893347412883,"{'type': 'late-fusion', 'balanced_list': [True, True], 'vectorizers': ['distilbert', 'resnet50'], 'models': ['svm', 'random_forest'], 'max_features_tfidf': 20000, 'max_iter': 40, 'learning_rate_init': 0.001, 'max_depth': 5, 'max_iter_svm': 5000}"
late-fusion,late-fusion-or,,distilbert,svm,resnet50,random_forest,5,2741.021607160568,0.5530448104174646,0.478803885792036,0.5552889659981439,0.8772782503037667,0.2056025369978858,2.609936575052854,5.670190274841437,"{'type': 'late-fusion', 'balanced_list': [True, True], 'vectorizers': ['distilbert', 'resnet50'], 'models': ['svm', 'random_forest'], 'max_features_tfidf': 20000, 'max_iter': 40, 'learning_rate_init': 0.001, 'max_depth': 5, 'max_iter_svm': 5000}"
late-fusion,late-fusion-or,,distilbert,svm,resnet50,random_forest,6,2741.021607160568,0.5570209464701319,0.4891477514326857,0.5569644297445566,0.8720647773279352,0.2011980267794221,2.610993657505285,5.564482029598309,"{'type': 'late-fusion', 'balanced_list': [True, True], 'vectorizers': ['distilbert', 'resnet50'], 'models': ['svm', 'random_forest'], 'max_features_tfidf': 20000, 'max_iter': 40, 'learning_rate_init': 0.001, 'max_depth': 5, 'max_iter_svm': 5000}"
late-fusion,late-fusion-or,,distilbert,svm,resnet50,random_forest,7,2741.021607160568,0.5566134843026248,0.4896319093343351,0.5586756824336107,0.8757085020242915,0.2023725628376791,2.610993657505285,5.604651162790698,"{'type': 'late-fusion', 'balanced_list': [True, True], 'vectorizers': ['distilbert', 'resnet50'], 'models': ['svm', 'random_forest'], 'max_features_tfidf': 20000, 'max_iter': 40, 'learning_rate_init': 0.001, 'max_depth': 5, 'max_iter_svm': 5000}"
late-fusion,late-fusion-or,,distilbert,svm,resnet50,random_forest,8,2741.021607160568,0.5609567901234568,0.5037031118519377,0.5611835603907486,0.8822815533980582,0.2004933051444679,2.613107822410148,5.606765327695561,"{'type': 'late-fusion', 'balanced_list': [True, True], 'vectorizers': ['distilbert', 'resnet50'], 'models': ['svm', 'random_forest'], 'max_features_tfidf': 20000, 'max_iter': 40, 'learning_rate_init': 0.001, 'max_depth': 5, 'max_iter_svm': 5000}"
late-fusion,late-fusion-or,,distilbert,svm,resnet50,random_forest,9,2741.021607160568,0.5603234641972088,0.4923436383118406,0.5610271394098033,0.8689320388349514,0.1979680526192154,2.613107822410148,5.49154334038055,"{'type': 'late-fusion', 'balanced_list': [True, True], 'vectorizers': ['distilbert', 'resnet50'], 'models': ['svm', 'random_forest'], 'max_features_tfidf': 20000, 'max_iter': 40, 'learning_rate_init': 0.001, 'max_depth': 5, 'max_iter_svm': 5000}"
late-fusion,late-fusion-and,,distilbert,svm,resnet50,random_forest,0,2741.021607160568,0.5923183711244794,0.4635595074608101,0.5499848385804036,0.5169628432956381,0.1033673589111815,2.614572333685322,1.9493136219640967,"{'type': 'late-fusion', 'balanced_list': [True, True], 'vectorizers': ['distilbert', 'resnet50'], 'models': ['svm', 'random_forest'], 'max_features_tfidf': 20000, 'max_iter': 40, 'learning_rate_init': 0.001, 'max_depth': 5, 'max_iter_svm': 5000}"
late-fusion,late-fusion-and,,distilbert,svm,resnet50,random_forest,1,2741.021607160568,0.5856276248250116,0.4769148255675351,0.5514442966396504,0.5068659127625202,0.1041886659626891,2.614572333685322,1.91129883843717,"{'type': 'late-fusion', 'balanced_list': [True, True], 'vectorizers': ['distilbert', 'resnet50'], 'models': ['svm', 'random_forest'], 'max_features_tfidf': 20000, 'max_iter': 40, 'learning_rate_init': 0.001, 'max_depth': 5, 'max_iter_svm': 5000}"
late-fusion,late-fusion-and,,distilbert,svm,resnet50,random_forest,2,2741.021607160568,0.5833333333333334,0.4798829708894018,0.5449204555857143,0.5050668828536684,0.1044233251202628,2.60506863780359,1.906019007391764,"{'type': 'late-fusion', 'balanced_list': [True, True], 'vectorizers': ['distilbert', 'resnet50'], 'models': ['svm', 'random_forest'], 'max_features_tfidf': 20000, 'max_iter': 40, 'learning_rate_init': 0.001, 'max_depth': 5, 'max_iter_svm': 5000}"
late-fusion,late-fusion-and,,distilbert,svm,resnet50,random_forest,3,2741.021607160568,0.5715615545729579,0.4493838194735234,0.529429153505183,0.4977705715443859,0.1080018772732605,2.60506863780359,1.932418162618796,"{'type': 'late-fusion', 'balanced_list': [True, True], 'vectorizers': ['distilbert', 'resnet50'], 'models': ['svm', 'random_forest'], 'max_features_tfidf': 20000, 'max_iter': 40, 'learning_rate_init': 0.001, 'max_depth': 5, 'max_iter_svm': 5000}"
late-fusion,late-fusion-and,,distilbert,svm,resnet50,random_forest,4,2741.021607160568,0.5781428245493954,0.4818925732736424,0.5343003119138283,0.5131632239773187,0.1084711955884078,2.607180570221753,2.021119324181626,"{'type': 'late-fusion', 'balanced_list': [True, True], 'vectorizers': ['distilbert', 'resnet50'], 'models': ['svm', 'random_forest'], 'max_features_tfidf': 20000, 'max_iter': 40, 'learning_rate_init': 0.001, 'max_depth': 5, 'max_iter_svm': 5000}"
late-fusion,late-fusion-and,,distilbert,svm,resnet50,random_forest,5,2741.021607160568,0.563972286374134,0.4304945491620302,0.5243218198292194,0.4945321992709599,0.1108762038994597,2.609936575052854,1.96723044397463,"{'type': 'late-fusion', 'balanced_list': [True, True], 'vectorizers': ['distilbert', 'resnet50'], 'models': ['svm', 'random_forest'], 'max_features_tfidf': 20000, 'max_iter': 40, 'learning_rate_init': 0.001, 'max_depth': 5, 'max_iter_svm': 5000}"
late-fusion,late-fusion-and,,distilbert,svm,resnet50,random_forest,6,2741.021607160568,0.5761450825389445,0.4489083976736046,0.5360524605767735,0.5016194331983805,0.1070589617101245,2.610993657505285,1.935517970401692,"{'type': 'late-fusion', 'balanced_list': [True, True], 'vectorizers': ['distilbert', 'resnet50'], 'models': ['svm', 'random_forest'], 'max_features_tfidf': 20000, 'max_iter': 40, 'learning_rate_init': 0.001, 'max_depth': 5, 'max_iter_svm': 5000}"
late-fusion,late-fusion-and,,distilbert,svm,resnet50,random_forest,7,2741.021607160568,0.5776440638741032,0.4645267707784836,0.5345684266403082,0.5052631578947369,0.1071764153159502,2.610993657505285,1.9566596194503167,"{'type': 'late-fusion', 'balanced_list': [True, True], 'vectorizers': ['distilbert', 'resnet50'], 'models': ['svm', 'random_forest'], 'max_features_tfidf': 20000, 'max_iter': 40, 'learning_rate_init': 0.001, 'max_depth': 5, 'max_iter_svm': 5000}"
late-fusion,late-fusion-and,,distilbert,svm,resnet50,random_forest,8,2741.021607160568,0.5874799357945425,0.4606340236870849,0.5529637968327187,0.5182038834951457,0.1056495184402161,2.613107822410148,1.9968287526427064,"{'type': 'late-fusion', 'balanced_list': [True, True], 'vectorizers': ['distilbert', 'resnet50'], 'models': ['svm', 'random_forest'], 'max_features_tfidf': 20000, 'max_iter': 40, 'learning_rate_init': 0.001, 'max_depth': 5, 'max_iter_svm': 5000}"
late-fusion,late-fusion-and,,distilbert,svm,resnet50,random_forest,9,2741.021607160568,0.5673959068454482,0.4425747188085269,0.5207752724137502,0.4878640776699029,0.1079985905567301,2.613107822410148,1.8805496828752644,"{'type': 'late-fusion', 'balanced_list': [True, True], 'vectorizers': ['distilbert', 'resnet50'], 'models': ['svm', 'random_forest'], 'max_features_tfidf': 20000, 'max_iter': 40, 'learning_rate_init': 0.001, 'max_depth': 5, 'max_iter_svm': 5000}"
late-fusion,late-fusion-avg,,distilbert,svm,resnet50,random_forest,0,2741.021607160568,0.6199540531670495,0.563880483676082,0.6122633790004435,0.7629240710823909,0.1358676522351284,2.614572333685322,3.820485744456177,"{'type': 'late-fusion', 'balanced_list': [True, True], 'vectorizers': ['distilbert', 'resnet50'], 'models': ['svm', 'random_forest'], 'max_features_tfidf': 20000, 'max_iter': 40, 'learning_rate_init': 0.001, 'max_depth': 5, 'max_iter_svm': 5000}"
late-fusion,late-fusion-avg,,distilbert,svm,resnet50,random_forest,1,2741.021607160568,0.6214726999499082,0.5611277205121188,0.6181953679313763,0.7516155088852988,0.1329930775548515,2.614572333685322,3.70960929250264,"{'type': 'late-fusion', 'balanced_list': [True, True], 'vectorizers': ['distilbert', 'resnet50'], 'models': ['svm', 'random_forest'], 'max_features_tfidf': 20000, 'max_iter': 40, 'learning_rate_init': 0.001, 'max_depth': 5, 'max_iter_svm': 5000}"
late-fusion,late-fusion-avg,,distilbert,svm,resnet50,random_forest,2,2741.021607160568,0.6193979933110368,0.5642233186342208,0.6176272220094817,0.7507093635995136,0.1335210606593922,2.60506863780359,3.70960929250264,"{'type': 'late-fusion', 'balanced_list': [True, True], 'vectorizers': ['distilbert', 'resnet50'], 'models': ['svm', 'random_forest'], 'max_features_tfidf': 20000, 'max_iter': 40, 'learning_rate_init': 0.001, 'max_depth': 5, 'max_iter_svm': 5000}"
late-fusion,late-fusion-avg,,distilbert,svm,resnet50,random_forest,3,2741.021607160568,0.6024535809018567,0.5376871490641946,0.5953488726455991,0.736522091609242,0.1406781649653877,2.60506863780359,3.764519535374868,"{'type': 'late-fusion', 'balanced_list': [True, True], 'vectorizers': ['distilbert', 'resnet50'], 'models': ['svm', 'random_forest'], 'max_features_tfidf': 20000, 'max_iter': 40, 'learning_rate_init': 0.001, 'max_depth': 5, 'max_iter_svm': 5000}"
late-fusion,late-fusion-avg,,distilbert,svm,resnet50,random_forest,4,2741.021607160568,0.6067639257294429,0.5597692624706014,0.59917500075895,0.741190765492102,0.1391528804411592,2.607180570221753,3.7624076029567055,"{'type': 'late-fusion', 'balanced_list': [True, True], 'vectorizers': ['distilbert', 'resnet50'], 'models': ['svm', 'random_forest'], 'max_features_tfidf': 20000, 'max_iter': 40, 'learning_rate_init': 0.001, 'max_depth': 5, 'max_iter_svm': 5000}"
late-fusion,late-fusion-avg,,distilbert,svm,resnet50,random_forest,5,2741.021607160568,0.6049199273567772,0.5339323021279831,0.6010410367175695,0.7420008100445524,0.1405332393704486,2.609936575052854,3.792811839323467,"{'type': 'late-fusion', 'balanced_list': [True, True], 'vectorizers': ['distilbert', 'resnet50'], 'models': ['svm', 'random_forest'], 'max_features_tfidf': 20000, 'max_iter': 40, 'learning_rate_init': 0.001, 'max_depth': 5, 'max_iter_svm': 5000}"
late-fusion,late-fusion-avg,,distilbert,svm,resnet50,random_forest,6,2741.021607160568,0.6041356492969396,0.5421935059704364,0.6000861072214138,0.7392712550607288,0.1405332393704486,2.610993657505285,3.779069767441861,"{'type': 'late-fusion', 'balanced_list': [True, True], 'vectorizers': ['distilbert', 'resnet50'], 'models': ['svm', 'random_forest'], 'max_features_tfidf': 20000, 'max_iter': 40, 'learning_rate_init': 0.001, 'max_depth': 5, 'max_iter_svm': 5000}"
late-fusion,late-fusion-avg,,distilbert,svm,resnet50,random_forest,7,2741.021607160568,0.6133995037220844,0.5480847952365813,0.6090923112593303,0.7506072874493928,0.1372445384073291,2.610993657505285,3.779069767441861,"{'type': 'late-fusion', 'balanced_list': [True, True], 'vectorizers': ['distilbert', 'resnet50'], 'models': ['svm', 'random_forest'], 'max_features_tfidf': 20000, 'max_iter': 40, 'learning_rate_init': 0.001, 'max_depth': 5, 'max_iter_svm': 5000}"
late-fusion,late-fusion-avg,,distilbert,svm,resnet50,random_forest,8,2741.021607160568,0.6317713526088401,0.5831128135245124,0.627972186375992,0.7690129449838188,0.1301385952548743,2.613107822410148,3.748414376321353,"{'type': 'late-fusion', 'balanced_list': [True, True], 'vectorizers': ['distilbert', 'resnet50'], 'models': ['svm', 'random_forest'], 'max_features_tfidf': 20000, 'max_iter': 40, 'learning_rate_init': 0.001, 'max_depth': 5, 'max_iter_svm': 5000}"
late-fusion,late-fusion-avg,,distilbert,svm,resnet50,random_forest,9,2741.021607160568,0.615874079035499,0.5572943750846022,0.6097549678416485,0.7439320388349514,0.1347192858820765,2.613107822410148,3.699788583509514,"{'type': 'late-fusion', 'balanced_list': [True, True], 'vectorizers': ['distilbert', 'resnet50'], 'models': ['svm', 'random_forest'], 'max_features_tfidf': 20000, 'max_iter': 40, 'learning_rate_init': 0.001, 'max_depth': 5, 'max_iter_svm': 5000}"
late-fusion,late-fusion-or,,distilbert,svm,resnet50,mlp,0,2189.914624929428,0.6242424242424243,0.5659802084132601,0.6227744741472303,0.8319870759289176,0.145488677695647,2.614572333685322,4.35480464625132,"{'type': 'late-fusion', 'balanced_list': [True, True], 'vectorizers': ['distilbert', 'resnet50'], 'models': ['svm', 'mlp'], 'max_features_tfidf': 20000, 'max_iter': 40, 'learning_rate_init': 0.001, 'max_depth': 5, 'max_iter_svm': 5000}"
late-fusion,late-fusion-or,,distilbert,svm,resnet50,mlp,1,2189.914624929428,0.6242018850714502,0.5588515714917259,0.6245157283172067,0.8291599353796446,0.1450193593804998,2.614572333685322,4.331573389651531,"{'type': 'late-fusion', 'balanced_list': [True, True], 'vectorizers': ['distilbert', 'resnet50'], 'models': ['svm', 'mlp'], 'max_features_tfidf': 20000, 'max_iter': 40, 'learning_rate_init': 0.001, 'max_depth': 5, 'max_iter_svm': 5000}"
late-fusion,late-fusion-or,,distilbert,svm,resnet50,mlp,2,2189.914624929428,0.6225391412184158,0.5643971601232346,0.6213133516723802,0.8139440616132955,0.1428487621729438,2.60506863780359,4.206969376979937,"{'type': 'late-fusion', 'balanced_list': [True, True], 'vectorizers': ['distilbert', 'resnet50'], 'models': ['svm', 'mlp'], 'max_features_tfidf': 20000, 'max_iter': 40, 'learning_rate_init': 0.001, 'max_depth': 5, 'max_iter_svm': 5000}"
late-fusion,late-fusion-or,,distilbert,svm,resnet50,mlp,3,2189.914624929428,0.6115599751398384,0.5423349491333825,0.6089170831515076,0.7977300364815565,0.1466619734835152,2.60506863780359,4.191129883843717,"{'type': 'late-fusion', 'balanced_list': [True, True], 'vectorizers': ['distilbert', 'resnet50'], 'models': ['svm', 'mlp'], 'max_features_tfidf': 20000, 'max_iter': 40, 'learning_rate_init': 0.001, 'max_depth': 5, 'max_iter_svm': 5000}"
late-fusion,late-fusion-or,,distilbert,svm,resnet50,mlp,4,2189.914624929428,0.6154320036962884,0.5613185779061944,0.6122097836458977,0.8092345078979344,0.1464859791153349,2.607180570221753,4.249208025343189,"{'type': 'late-fusion', 'balanced_list': [True, True], 'vectorizers': ['distilbert', 'resnet50'], 'models': ['svm', 'mlp'], 'max_features_tfidf': 20000, 'max_iter': 40, 'learning_rate_init': 0.001, 'max_depth': 5, 'max_iter_svm': 5000}"
late-fusion,late-fusion-or,,distilbert,svm,resnet50,mlp,5,2189.914624929428,0.6052825734100634,0.5283608504747728,0.6040409144531765,0.8307006885378696,0.1570941977918722,2.609936575052854,4.553911205073995,"{'type': 'late-fusion', 'balanced_list': [True, True], 'vectorizers': ['distilbert', 'resnet50'], 'models': ['svm', 'mlp'], 'max_features_tfidf': 20000, 'max_iter': 40, 'learning_rate_init': 0.001, 'max_depth': 5, 'max_iter_svm': 5000}"
late-fusion,late-fusion-or,,distilbert,svm,resnet50,mlp,6,2189.914624929428,0.6098791864199419,0.5464899241618822,0.6085398627681926,0.8072874493927126,0.1498120742306788,2.610993657505285,4.3012684989429175,"{'type': 'late-fusion', 'balanced_list': [True, True], 'vectorizers': ['distilbert', 'resnet50'], 'models': ['svm', 'mlp'], 'max_features_tfidf': 20000, 'max_iter': 40, 'learning_rate_init': 0.001, 'max_depth': 5, 'max_iter_svm': 5000}"
late-fusion,late-fusion-or,,distilbert,svm,resnet50,mlp,7,2189.914624929428,0.6210510094005239,0.55009956067459,0.619625611644639,0.8157894736842105,0.1444092083626967,2.610993657505285,4.248414376321353,"{'type': 'late-fusion', 'balanced_list': [True, True], 'vectorizers': ['distilbert', 'resnet50'], 'models': ['svm', 'mlp'], 'max_features_tfidf': 20000, 'max_iter': 40, 'learning_rate_init': 0.001, 'max_depth': 5, 'max_iter_svm': 5000}"
late-fusion,late-fusion-or,,distilbert,svm,resnet50,mlp,8,2189.914624929428,0.6312874942316566,0.5813554409931299,0.6293450676643065,0.8300970873786407,0.1407681465821,2.613107822410148,4.258985200845666,"{'type': 'late-fusion', 'balanced_list': [True, True], 'vectorizers': ['distilbert', 'resnet50'], 'models': ['svm', 'mlp'], 'max_features_tfidf': 20000, 'max_iter': 40, 'learning_rate_init': 0.001, 'max_depth': 5, 'max_iter_svm': 5000}"
late-fusion,late-fusion-or,,distilbert,svm,resnet50,mlp,9,2189.914624929428,0.6151765589782119,0.5526925891677369,0.6116184555402314,0.8280744336569579,0.1503993422598074,2.613107822410148,4.421775898520084,"{'type': 'late-fusion', 'balanced_list': [True, True], 'vectorizers': ['distilbert', 'resnet50'], 'models': ['svm', 'mlp'], 'max_features_tfidf': 20000, 'max_iter': 40, 'learning_rate_init': 0.001, 'max_depth': 5, 'max_iter_svm': 5000}"
late-fusion,late-fusion-and,,distilbert,svm,resnet50,mlp,0,2189.914624929428,0.5040066316662062,0.3229693841223267,0.4600660397914886,0.3683360258481422,0.1053032969611639,2.614572333685322,1.2069693769799366,"{'type': 'late-fusion', 'balanced_list': [True, True], 'vectorizers': ['distilbert', 'resnet50'], 'models': ['svm', 'mlp'], 'max_features_tfidf': 20000, 'max_iter': 40, 'learning_rate_init': 0.001, 'max_depth': 5, 'max_iter_svm': 5000}"
late-fusion,late-fusion-and,,distilbert,svm,resnet50,mlp,1,2189.914624929428,0.4783216783216783,0.3267138367779043,0.437765877206215,0.3453150242326332,0.1094098322187023,2.614572333685322,1.160506863780359,"{'type': 'late-fusion', 'balanced_list': [True, True], 'vectorizers': ['distilbert', 'resnet50'], 'models': ['svm', 'mlp'], 'max_features_tfidf': 20000, 'max_iter': 40, 'learning_rate_init': 0.001, 'max_depth': 5, 'max_iter_svm': 5000}"
late-fusion,late-fusion-and,,distilbert,svm,resnet50,mlp,2,2189.914624929428,0.4660414890593918,0.2812719855982759,0.4367245391004631,0.3323875152006486,0.11023113927021,2.60506863780359,1.1108764519535377,"{'type': 'late-fusion', 'balanced_list': [True, True], 'vectorizers': ['distilbert', 'resnet50'], 'models': ['svm', 'mlp'], 'max_features_tfidf': 20000, 'max_iter': 40, 'learning_rate_init': 0.001, 'max_depth': 5, 'max_iter_svm': 5000}"
late-fusion,late-fusion-and,,distilbert,svm,resnet50,mlp,3,2189.914624929428,0.4237541032527603,0.2700617778733758,0.3747909019292335,0.2877989460883664,0.1132817083186671,2.60506863780359,0.9334741288278776,"{'type': 'late-fusion', 'balanced_list': [True, True], 'vectorizers': ['distilbert', 'resnet50'], 'models': ['svm', 'mlp'], 'max_features_tfidf': 20000, 'max_iter': 40, 'learning_rate_init': 0.001, 'max_depth': 5, 'max_iter_svm': 5000}"
late-fusion,late-fusion-and,,distilbert,svm,resnet50,mlp,4,2189.914624929428,0.4623406720741599,0.305914185209388,0.4143569501014063,0.3232077764277035,0.1088818491141616,2.607180570221753,1.038014783526927,"{'type': 'late-fusion', 'balanced_list': [True, True], 'vectorizers': ['distilbert', 'resnet50'], 'models': ['svm', 'mlp'], 'max_features_tfidf': 20000, 'max_iter': 40, 'learning_rate_init': 0.001, 'max_depth': 5, 'max_iter_svm': 5000}"
late-fusion,late-fusion-and,,distilbert,svm,resnet50,mlp,5,2189.914624929428,0.4760321418675533,0.3371840235661688,0.4365188429141917,0.3479141352774402,0.1110523843081982,2.609936575052854,1.2050739957716703,"{'type': 'late-fusion', 'balanced_list': [True, True], 'vectorizers': ['distilbert', 'resnet50'], 'models': ['svm', 'mlp'], 'max_features_tfidf': 20000, 'max_iter': 40, 'learning_rate_init': 0.001, 'max_depth': 5, 'max_iter_svm': 5000}"
late-fusion,late-fusion-and,,distilbert,svm,resnet50,mlp,6,2189.914624929428,0.4790723981900452,0.3184015176187481,0.4395318329779218,0.342914979757085,0.1081747709654686,2.610993657505285,1.1268498942917549,"{'type': 'late-fusion', 'balanced_list': [True, True], 'vectorizers': ['distilbert', 'resnet50'], 'models': ['svm', 'mlp'], 'max_features_tfidf': 20000, 'max_iter': 40, 'learning_rate_init': 0.001, 'max_depth': 5, 'max_iter_svm': 5000}"
late-fusion,late-fusion-and,,distilbert,svm,resnet50,mlp,7,2189.914624929428,0.4561707035755478,0.2968015624793315,0.4135703913188057,0.3202429149797571,0.110758750293634,2.610993657505285,1.054968287526427,"{'type': 'late-fusion', 'balanced_list': [True, True], 'vectorizers': ['distilbert', 'resnet50'], 'models': ['svm', 'mlp'], 'max_features_tfidf': 20000, 'max_iter': 40, 'learning_rate_init': 0.001, 'max_depth': 5, 'max_iter_svm': 5000}"
late-fusion,late-fusion-and,,distilbert,svm,resnet50,mlp,8,2189.914624929428,0.4871220604703247,0.3179162365731683,0.4500788617067687,0.3519417475728155,0.1075875029363401,2.613107822410148,1.162790697674419,"{'type': 'late-fusion', 'balanced_list': [True, True], 'vectorizers': ['distilbert', 'resnet50'], 'models': ['svm', 'mlp'], 'max_features_tfidf': 20000, 'max_iter': 40, 'learning_rate_init': 0.001, 'max_depth': 5, 'max_iter_svm': 5000}"
late-fusion,late-fusion-and,,distilbert,svm,resnet50,mlp,9,2189.914624929428,0.4803347280334728,0.3454574725407875,0.4400734923990738,0.3483009708737864,0.1094080338266384,2.613107822410148,1.1765327695560253,"{'type': 'late-fusion', 'balanced_list': [True, True], 'vectorizers': ['distilbert', 'resnet50'], 'models': ['svm', 'mlp'], 'max_features_tfidf': 20000, 'max_iter': 40, 'learning_rate_init': 0.001, 'max_depth': 5, 'max_iter_svm': 5000}"
late-fusion,late-fusion-avg,,distilbert,svm,resnet50,mlp,0,2189.914624929428,0.6199540531670495,0.563880483676082,0.6122633790004435,0.7629240710823909,0.1358676522351284,2.614572333685322,3.820485744456177,"{'type': 'late-fusion', 'balanced_list': [True, True], 'vectorizers': ['distilbert', 'resnet50'], 'models': ['svm', 'mlp'], 'max_features_tfidf': 20000, 'max_iter': 40, 'learning_rate_init': 0.001, 'max_depth': 5, 'max_iter_svm': 5000}"
late-fusion,late-fusion-avg,,distilbert,svm,resnet50,mlp,1,2189.914624929428,0.6214726999499082,0.5611277205121188,0.6181953679313763,0.7516155088852988,0.1329930775548515,2.614572333685322,3.70960929250264,"{'type': 'late-fusion', 'balanced_list': [True, True], 'vectorizers': ['distilbert', 'resnet50'], 'models': ['svm', 'mlp'], 'max_features_tfidf': 20000, 'max_iter': 40, 'learning_rate_init': 0.001, 'max_depth': 5, 'max_iter_svm': 5000}"
late-fusion,late-fusion-avg,,distilbert,svm,resnet50,mlp,2,2189.914624929428,0.6193979933110368,0.5642233186342208,0.6176272220094817,0.7507093635995136,0.1335210606593922,2.60506863780359,3.70960929250264,"{'type': 'late-fusion', 'balanced_list': [True, True], 'vectorizers': ['distilbert', 'resnet50'], 'models': ['svm', 'mlp'], 'max_features_tfidf': 20000, 'max_iter': 40, 'learning_rate_init': 0.001, 'max_depth': 5, 'max_iter_svm': 5000}"
late-fusion,late-fusion-avg,,distilbert,svm,resnet50,mlp,3,2189.914624929428,0.6024535809018567,0.5376871490641946,0.5953488726455991,0.736522091609242,0.1406781649653877,2.60506863780359,3.764519535374868,"{'type': 'late-fusion', 'balanced_list': [True, True], 'vectorizers': ['distilbert', 'resnet50'], 'models': ['svm', 'mlp'], 'max_features_tfidf': 20000, 'max_iter': 40, 'learning_rate_init': 0.001, 'max_depth': 5, 'max_iter_svm': 5000}"
late-fusion,late-fusion-avg,,distilbert,svm,resnet50,mlp,4,2189.914624929428,0.6067639257294429,0.5597692624706014,0.59917500075895,0.741190765492102,0.1391528804411592,2.607180570221753,3.7624076029567055,"{'type': 'late-fusion', 'balanced_list': [True, True], 'vectorizers': ['distilbert', 'resnet50'], 'models': ['svm', 'mlp'], 'max_features_tfidf': 20000, 'max_iter': 40, 'learning_rate_init': 0.001, 'max_depth': 5, 'max_iter_svm': 5000}"
late-fusion,late-fusion-avg,,distilbert,svm,resnet50,mlp,5,2189.914624929428,0.6049199273567772,0.5339323021279831,0.6010410367175695,0.7420008100445524,0.1405332393704486,2.609936575052854,3.792811839323467,"{'type': 'late-fusion', 'balanced_list': [True, True], 'vectorizers': ['distilbert', 'resnet50'], 'models': ['svm', 'mlp'], 'max_features_tfidf': 20000, 'max_iter': 40, 'learning_rate_init': 0.001, 'max_depth': 5, 'max_iter_svm': 5000}"
late-fusion,late-fusion-avg,,distilbert,svm,resnet50,mlp,6,2189.914624929428,0.6041356492969396,0.5421935059704364,0.6000861072214138,0.7392712550607288,0.1405332393704486,2.610993657505285,3.779069767441861,"{'type': 'late-fusion', 'balanced_list': [True, True], 'vectorizers': ['distilbert', 'resnet50'], 'models': ['svm', 'mlp'], 'max_features_tfidf': 20000, 'max_iter': 40, 'learning_rate_init': 0.001, 'max_depth': 5, 'max_iter_svm': 5000}"
late-fusion,late-fusion-avg,,distilbert,svm,resnet50,mlp,7,2189.914624929428,0.6133995037220844,0.5480847952365813,0.6090923112593303,0.7506072874493928,0.1372445384073291,2.610993657505285,3.779069767441861,"{'type': 'late-fusion', 'balanced_list': [True, True], 'vectorizers': ['distilbert', 'resnet50'], 'models': ['svm', 'mlp'], 'max_features_tfidf': 20000, 'max_iter': 40, 'learning_rate_init': 0.001, 'max_depth': 5, 'max_iter_svm': 5000}"
late-fusion,late-fusion-avg,,distilbert,svm,resnet50,mlp,8,2189.914624929428,0.6317713526088401,0.5831128135245124,0.627972186375992,0.7690129449838188,0.1301385952548743,2.613107822410148,3.748414376321353,"{'type': 'late-fusion', 'balanced_list': [True, True], 'vectorizers': ['distilbert', 'resnet50'], 'models': ['svm', 'mlp'], 'max_features_tfidf': 20000, 'max_iter': 40, 'learning_rate_init': 0.001, 'max_depth': 5, 'max_iter_svm': 5000}"
late-fusion,late-fusion-avg,,distilbert,svm,resnet50,mlp,9,2189.914624929428,0.615874079035499,0.5572943750846022,0.6097549678416485,0.7439320388349514,0.1347192858820765,2.613107822410148,3.699788583509514,"{'type': 'late-fusion', 'balanced_list': [True, True], 'vectorizers': ['distilbert', 'resnet50'], 'models': ['svm', 'mlp'], 'max_features_tfidf': 20000, 'max_iter': 40, 'learning_rate_init': 0.001, 'max_depth': 5, 'max_iter_svm': 5000}"
late-fusion,late-fusion-or,,distilbert,logistic,resnet50,logistic,0,1663.5683660507202,0.5572451929119014,0.4852636762045635,0.5584664221147855,0.8953957996768982,0.2066760530329696,2.614572333685322,5.7877507919746565,"{'type': 'late-fusion', 'balanced_list': [True, True], 'vectorizers': ['distilbert', 'resnet50'], 'models': ['logistic', 'logistic'], 'max_features_tfidf': 20000, 'max_iter': 40, 'learning_rate_init': 0.001, 'max_depth': 5, 'max_iter_svm': 5000}"
late-fusion,late-fusion-or,,distilbert,logistic,resnet50,logistic,1,1663.5683660507202,0.5561470215462611,0.4826935946701373,0.5555858022067103,0.8861066235864298,0.205444092455708,2.614572333685322,5.717001055966209,"{'type': 'late-fusion', 'balanced_list': [True, True], 'vectorizers': ['distilbert', 'resnet50'], 'models': ['logistic', 'logistic'], 'max_features_tfidf': 20000, 'max_iter': 40, 'learning_rate_init': 0.001, 'max_depth': 5, 'max_iter_svm': 5000}"
late-fusion,late-fusion-or,,distilbert,logistic,resnet50,logistic,2,1663.5683660507202,0.5499622451547949,0.4870493150245119,0.5486452536082947,0.8856911228212404,0.2097852868708201,2.60506863780359,5.785638859556494,"{'type': 'late-fusion', 'balanced_list': [True, True], 'vectorizers': ['distilbert', 'resnet50'], 'models': ['logistic', 'logistic'], 'max_features_tfidf': 20000, 'max_iter': 40, 'learning_rate_init': 0.001, 'max_depth': 5, 'max_iter_svm': 5000}"
late-fusion,late-fusion-or,,distilbert,logistic,resnet50,logistic,3,1663.5683660507202,0.5358169771221403,0.4668276576424031,0.5350846619062036,0.8686663964329144,0.2178223630177167,2.60506863780359,5.841605068637803,"{'type': 'late-fusion', 'balanced_list': [True, True], 'vectorizers': ['distilbert', 'resnet50'], 'models': ['logistic', 'logistic'], 'max_features_tfidf': 20000, 'max_iter': 40, 'learning_rate_init': 0.001, 'max_depth': 5, 'max_iter_svm': 5000}"
late-fusion,late-fusion-or,,distilbert,logistic,resnet50,logistic,4,1663.5683660507202,0.539714108141703,0.4837475161955097,0.538365538603131,0.8793033616848926,0.2172357151237827,2.607180570221753,5.888067581837381,"{'type': 'late-fusion', 'balanced_list': [True, True], 'vectorizers': ['distilbert', 'resnet50'], 'models': ['logistic', 'logistic'], 'max_features_tfidf': 20000, 'max_iter': 40, 'learning_rate_init': 0.001, 'max_depth': 5, 'max_iter_svm': 5000}"
late-fusion,late-fusion-or,,distilbert,logistic,resnet50,logistic,5,1663.5683660507202,0.5436869001620341,0.4631598849621017,0.5436081969613246,0.8833535844471446,0.2149988254639417,2.609936575052854,5.871035940803383,"{'type': 'late-fusion', 'balanced_list': [True, True], 'vectorizers': ['distilbert', 'resnet50'], 'models': ['logistic', 'logistic'], 'max_features_tfidf': 20000, 'max_iter': 40, 'learning_rate_init': 0.001, 'max_depth': 5, 'max_iter_svm': 5000}"
late-fusion,late-fusion-or,,distilbert,logistic,resnet50,logistic,6,1663.5683660507202,0.5405811623246493,0.4721657232832588,0.5413422054806833,0.8736842105263158,0.2154099130843317,2.610993657505285,5.828752642706131,"{'type': 'late-fusion', 'balanced_list': [True, True], 'vectorizers': ['distilbert', 'resnet50'], 'models': ['logistic', 'logistic'], 'max_features_tfidf': 20000, 'max_iter': 40, 'learning_rate_init': 0.001, 'max_depth': 5, 'max_iter_svm': 5000}"
late-fusion,late-fusion-or,,distilbert,logistic,resnet50,logistic,7,1663.5683660507202,0.5442672359663443,0.4650765467084018,0.5459272082157919,0.877327935222672,0.2131195677707305,2.610993657505285,5.806553911205074,"{'type': 'late-fusion', 'balanced_list': [True, True], 'vectorizers': ['distilbert', 'resnet50'], 'models': ['logistic', 'logistic'], 'max_features_tfidf': 20000, 'max_iter': 40, 'learning_rate_init': 0.001, 'max_depth': 5, 'max_iter_svm': 5000}"
late-fusion,late-fusion-or,,distilbert,logistic,resnet50,logistic,8,1663.5683660507202,0.5489606811920862,0.4809320666323654,0.5475652254722021,0.8867313915857605,0.2115339440920836,2.613107822410148,5.828752642706131,"{'type': 'late-fusion', 'balanced_list': [True, True], 'vectorizers': ['distilbert', 'resnet50'], 'models': ['logistic', 'logistic'], 'max_features_tfidf': 20000, 'max_iter': 40, 'learning_rate_init': 0.001, 'max_depth': 5, 'max_iter_svm': 5000}"
late-fusion,late-fusion-or,,distilbert,logistic,resnet50,logistic,9,1663.5683660507202,0.5454772926310522,0.4720290710576347,0.545050800151223,0.8818770226537217,0.2133544749823819,2.613107822410148,5.83615221987315,"{'type': 'late-fusion', 'balanced_list': [True, True], 'vectorizers': ['distilbert', 'resnet50'], 'models': ['logistic', 'logistic'], 'max_features_tfidf': 20000, 'max_iter': 40, 'learning_rate_init': 0.001, 'max_depth': 5, 'max_iter_svm': 5000}"
late-fusion,late-fusion-and,,distilbert,logistic,resnet50,logistic,0,1663.5683660507202,0.5670789724072313,0.4758257843608822,0.5230170920244838,0.481421647819063,0.106769916695999,2.614572333685322,1.8247096092925024,"{'type': 'late-fusion', 'balanced_list': [True, True], 'vectorizers': ['distilbert', 'resnet50'], 'models': ['logistic', 'logistic'], 'max_features_tfidf': 20000, 'max_iter': 40, 'learning_rate_init': 0.001, 'max_depth': 5, 'max_iter_svm': 5000}"
late-fusion,late-fusion-and,,distilbert,logistic,resnet50,logistic,1,1663.5683660507202,0.5681159420289855,0.4841561245771345,0.5323040329376126,0.4749596122778675,0.10489264343541,2.614572333685322,1.7571277719112988,"{'type': 'late-fusion', 'balanced_list': [True, True], 'vectorizers': ['distilbert', 'resnet50'], 'models': ['logistic', 'logistic'], 'max_features_tfidf': 20000, 'max_iter': 40, 'learning_rate_init': 0.001, 'max_depth': 5, 'max_iter_svm': 5000}"
late-fusion,late-fusion-and,,distilbert,logistic,resnet50,logistic,2,1663.5683660507202,0.555635664503725,0.4670630695660024,0.5194946904556197,0.4685853263072558,0.1084711955884078,2.60506863780359,1.788806758183738,"{'type': 'late-fusion', 'balanced_list': [True, True], 'vectorizers': ['distilbert', 'resnet50'], 'models': ['logistic', 'logistic'], 'max_features_tfidf': 20000, 'max_iter': 40, 'learning_rate_init': 0.001, 'max_depth': 5, 'max_iter_svm': 5000}"
late-fusion,late-fusion-and,,distilbert,logistic,resnet50,logistic,3,1663.5683660507202,0.5579173632672558,0.452300486749201,0.5150508707530882,0.4734495338467774,0.1085885251671946,2.60506863780359,1.816261879619852,"{'type': 'late-fusion', 'balanced_list': [True, True], 'vectorizers': ['distilbert', 'resnet50'], 'models': ['logistic', 'logistic'], 'max_features_tfidf': 20000, 'max_iter': 40, 'learning_rate_init': 0.001, 'max_depth': 5, 'max_iter_svm': 5000}"
late-fusion,late-fusion-and,,distilbert,logistic,resnet50,logistic,4,1663.5683660507202,0.5540218943360304,0.4661759674082141,0.5130541346486437,0.4714459295261239,0.109937815323243,2.607180570221753,1.829989440337909,"{'type': 'late-fusion', 'balanced_list': [True, True], 'vectorizers': ['distilbert', 'resnet50'], 'models': ['logistic', 'logistic'], 'max_features_tfidf': 20000, 'max_iter': 40, 'learning_rate_init': 0.001, 'max_depth': 5, 'max_iter_svm': 5000}"
late-fusion,late-fusion-and,,distilbert,logistic,resnet50,logistic,5,1663.5683660507202,0.5471969333972209,0.446268495682211,0.5070945791347483,0.4625354394491697,0.1109936575052854,2.609936575052854,1.802325581395349,"{'type': 'late-fusion', 'balanced_list': [True, True], 'vectorizers': ['distilbert', 'resnet50'], 'models': ['logistic', 'logistic'], 'max_features_tfidf': 20000, 'max_iter': 40, 'learning_rate_init': 0.001, 'max_depth': 5, 'max_iter_svm': 5000}"
late-fusion,late-fusion-and,,distilbert,logistic,resnet50,logistic,6,1663.5683660507202,0.5601325757575758,0.4480602743427359,0.5252218652852902,0.4789473684210526,0.1091143998120742,2.610993657505285,1.854122621564482,"{'type': 'late-fusion', 'balanced_list': [True, True], 'vectorizers': ['distilbert', 'resnet50'], 'models': ['logistic', 'logistic'], 'max_features_tfidf': 20000, 'max_iter': 40, 'learning_rate_init': 0.001, 'max_depth': 5, 'max_iter_svm': 5000}"
late-fusion,late-fusion-and,,distilbert,logistic,resnet50,logistic,7,1663.5683660507202,0.5556874851579198,0.4654913027779546,0.5128217389845297,0.4736842105263157,0.1098778482499412,2.610993657505285,1.840380549682876,"{'type': 'late-fusion', 'balanced_list': [True, True], 'vectorizers': ['distilbert', 'resnet50'], 'models': ['logistic', 'logistic'], 'max_features_tfidf': 20000, 'max_iter': 40, 'learning_rate_init': 0.001, 'max_depth': 5, 'max_iter_svm': 5000}"
late-fusion,late-fusion-and,,distilbert,logistic,resnet50,logistic,8,1663.5683660507202,0.5636320865678663,0.4630068982150896,0.5283494107489879,0.4846278317152103,0.1089382194033356,2.613107822410148,1.8805496828752644,"{'type': 'late-fusion', 'balanced_list': [True, True], 'vectorizers': ['distilbert', 'resnet50'], 'models': ['logistic', 'logistic'], 'max_features_tfidf': 20000, 'max_iter': 40, 'learning_rate_init': 0.001, 'max_depth': 5, 'max_iter_svm': 5000}"
late-fusion,late-fusion-and,,distilbert,logistic,resnet50,logistic,9,1663.5683660507202,0.555984555984556,0.4734105811528814,0.5156715905658823,0.4660194174757281,0.1080573173596429,2.613107822410148,1.7674418604651163,"{'type': 'late-fusion', 'balanced_list': [True, True], 'vectorizers': ['distilbert', 'resnet50'], 'models': ['logistic', 'logistic'], 'max_features_tfidf': 20000, 'max_iter': 40, 'learning_rate_init': 0.001, 'max_depth': 5, 'max_iter_svm': 5000}"
late-fusion,late-fusion-avg,,distilbert,logistic,resnet50,logistic,0,1663.5683660507202,0.6330805344889852,0.5570869449973753,0.6215717287522989,0.7079967689822294,0.1192068520474011,2.614572333685322,3.233368532206969,"{'type': 'late-fusion', 'balanced_list': [True, True], 'vectorizers': ['distilbert', 'resnet50'], 'models': ['logistic', 'logistic'], 'max_features_tfidf': 20000, 'max_iter': 40, 'learning_rate_init': 0.001, 'max_depth': 5, 'max_iter_svm': 5000}"
late-fusion,late-fusion-avg,,distilbert,logistic,resnet50,logistic,1,1663.5683660507202,0.6275723911855764,0.5549140816018067,0.619651790190333,0.6958804523424879,0.1199694943095154,2.614572333685322,3.183738120380148,"{'type': 'late-fusion', 'balanced_list': [True, True], 'vectorizers': ['distilbert', 'resnet50'], 'models': ['logistic', 'logistic'], 'max_features_tfidf': 20000, 'max_iter': 40, 'learning_rate_init': 0.001, 'max_depth': 5, 'max_iter_svm': 5000}"
late-fusion,late-fusion-avg,,distilbert,logistic,resnet50,logistic,2,1663.5683660507202,0.6200651937703731,0.5541583647533032,0.6121481826867256,0.6939602756384272,0.1230787281473659,2.60506863780359,3.2259767687434,"{'type': 'late-fusion', 'balanced_list': [True, True], 'vectorizers': ['distilbert', 'resnet50'], 'models': ['logistic', 'logistic'], 'max_features_tfidf': 20000, 'max_iter': 40, 'learning_rate_init': 0.001, 'max_depth': 5, 'max_iter_svm': 5000}"
late-fusion,late-fusion-avg,,distilbert,logistic,resnet50,logistic,3,1663.5683660507202,0.6188502432870787,0.5373637082395395,0.6063885193769037,0.6959870287798946,0.1240760295670538,2.60506863780359,3.254487856388596,"{'type': 'late-fusion', 'balanced_list': [True, True], 'vectorizers': ['distilbert', 'resnet50'], 'models': ['logistic', 'logistic'], 'max_features_tfidf': 20000, 'max_iter': 40, 'learning_rate_init': 0.001, 'max_depth': 5, 'max_iter_svm': 5000}"
late-fusion,late-fusion-avg,,distilbert,logistic,resnet50,logistic,4,1663.5683660507202,0.6101876675603217,0.546155661492932,0.5999748989717312,0.6913730255164034,0.1279479056670186,2.607180570221753,3.300950369588173,"{'type': 'late-fusion', 'balanced_list': [True, True], 'vectorizers': ['distilbert', 'resnet50'], 'models': ['logistic', 'logistic'], 'max_features_tfidf': 20000, 'max_iter': 40, 'learning_rate_init': 0.001, 'max_depth': 5, 'max_iter_svm': 5000}"
late-fusion,late-fusion-avg,,distilbert,logistic,resnet50,logistic,5,1663.5683660507202,0.6135169414749049,0.5283632952367034,0.6005515391350487,0.6857027136492507,0.1252642706131078,2.609936575052854,3.2241014799154333,"{'type': 'late-fusion', 'balanced_list': [True, True], 'vectorizers': ['distilbert', 'resnet50'], 'models': ['logistic', 'logistic'], 'max_features_tfidf': 20000, 'max_iter': 40, 'learning_rate_init': 0.001, 'max_depth': 5, 'max_iter_svm': 5000}"
late-fusion,late-fusion-avg,,distilbert,logistic,resnet50,logistic,6,1663.5683660507202,0.6187284912153596,0.5480001328914053,0.6071249750953768,0.691497975708502,0.123619920131548,2.610993657505285,3.2251585623678647,"{'type': 'late-fusion', 'balanced_list': [True, True], 'vectorizers': ['distilbert', 'resnet50'], 'models': ['logistic', 'logistic'], 'max_features_tfidf': 20000, 'max_iter': 40, 'learning_rate_init': 0.001, 'max_depth': 5, 'max_iter_svm': 5000}"
late-fusion,late-fusion-avg,,distilbert,logistic,resnet50,logistic,7,1663.5683660507202,0.6178655553542308,0.5370303437964685,0.6031940164604013,0.6902834008097166,0.1238548273431994,2.610993657505285,3.2230443974630023,"{'type': 'late-fusion', 'balanced_list': [True, True], 'vectorizers': ['distilbert', 'resnet50'], 'models': ['logistic', 'logistic'], 'max_features_tfidf': 20000, 'max_iter': 40, 'learning_rate_init': 0.001, 'max_depth': 5, 'max_iter_svm': 5000}"
late-fusion,late-fusion-avg,,distilbert,logistic,resnet50,logistic,8,1663.5683660507202,0.6167922497308934,0.5377282879810777,0.6029741693589473,0.6953883495145631,0.1254404510218463,2.613107822410148,3.2790697674418605,"{'type': 'late-fusion', 'balanced_list': [True, True], 'vectorizers': ['distilbert', 'resnet50'], 'models': ['logistic', 'logistic'], 'max_features_tfidf': 20000, 'max_iter': 40, 'learning_rate_init': 0.001, 'max_depth': 5, 'max_iter_svm': 5000}"
late-fusion,late-fusion-avg,,distilbert,logistic,resnet50,logistic,9,1663.5683660507202,0.6200585651537335,0.5467598187353122,0.6133952610696796,0.6852750809061489,0.1219168428470754,2.613107822410148,3.1627906976744184,"{'type': 'late-fusion', 'balanced_list': [True, True], 'vectorizers': ['distilbert', 'resnet50'], 'models': ['logistic', 'logistic'], 'max_features_tfidf': 20000, 'max_iter': 40, 'learning_rate_init': 0.001, 'max_depth': 5, 'max_iter_svm': 5000}"
late-fusion,late-fusion-or,,distilbert,logistic,resnet50,random_forest,0,1827.8737921714785,0.5717202654415519,0.511487269303876,0.5703914002224456,0.9046849757673668,0.1968790332042708,2.614572333685322,5.659978880675818,"{'type': 'late-fusion', 'balanced_list': [True, True], 'vectorizers': ['distilbert', 'resnet50'], 'models': ['logistic', 'random_forest'], 'max_features_tfidf': 20000, 'max_iter': 40, 'learning_rate_init': 0.001, 'max_depth': 5, 'max_iter_svm': 5000}"
late-fusion,late-fusion-or,,distilbert,logistic,resnet50,random_forest,1,1827.8737921714785,0.5697405599794503,0.5099591070574457,0.572240272926651,0.8957996768982229,0.1965270444679103,2.614572333685322,5.607180570221753,"{'type': 'late-fusion', 'balanced_list': [True, True], 'vectorizers': ['distilbert', 'resnet50'], 'models': ['logistic', 'random_forest'], 'max_features_tfidf': 20000, 'max_iter': 40, 'learning_rate_init': 0.001, 'max_depth': 5, 'max_iter_svm': 5000}"
late-fusion,late-fusion-or,,distilbert,logistic,resnet50,random_forest,2,1827.8737921714785,0.5569199283704273,0.4974965706411594,0.5587018578042866,0.8824483177948926,0.2032148304587586,2.60506863780359,5.650475184794087,"{'type': 'late-fusion', 'balanced_list': [True, True], 'vectorizers': ['distilbert', 'resnet50'], 'models': ['logistic', 'random_forest'], 'max_features_tfidf': 20000, 'max_iter': 40, 'learning_rate_init': 0.001, 'max_depth': 5, 'max_iter_svm': 5000}"
late-fusion,late-fusion-or,,distilbert,logistic,resnet50,random_forest,3,1827.8737921714785,0.5483870967741935,0.4884391254550515,0.549077418533596,0.8751520064856101,0.208611991082952,2.60506863780359,5.70960929250264,"{'type': 'late-fusion', 'balanced_list': [True, True], 'vectorizers': ['distilbert', 'resnet50'], 'models': ['logistic', 'random_forest'], 'max_features_tfidf': 20000, 'max_iter': 40, 'learning_rate_init': 0.001, 'max_depth': 5, 'max_iter_svm': 5000}"
late-fusion,late-fusion-or,,distilbert,logistic,resnet50,random_forest,4,1827.8737921714785,0.557665349815216,0.5038723364790765,0.5579781300478239,0.8861887403807209,0.2036254839845125,2.607180570221753,5.678986272439282,"{'type': 'late-fusion', 'balanced_list': [True, True], 'vectorizers': ['distilbert', 'resnet50'], 'models': ['logistic', 'random_forest'], 'max_features_tfidf': 20000, 'max_iter': 40, 'learning_rate_init': 0.001, 'max_depth': 5, 'max_iter_svm': 5000}"
late-fusion,late-fusion-or,,distilbert,logistic,resnet50,random_forest,5,1827.8737921714785,0.5579279848389135,0.4848429822901403,0.560778271425268,0.8942891859052248,0.2054850833920601,2.609936575052854,5.756871035940804,"{'type': 'late-fusion', 'balanced_list': [True, True], 'vectorizers': ['distilbert', 'resnet50'], 'models': ['logistic', 'random_forest'], 'max_features_tfidf': 20000, 'max_iter': 40, 'learning_rate_init': 0.001, 'max_depth': 5, 'max_iter_svm': 5000}"
late-fusion,late-fusion-or,,distilbert,logistic,resnet50,random_forest,6,1827.8737921714785,0.5633008713480266,0.5020091491653949,0.5641087301235294,0.8898785425101214,0.2001409443269908,2.610993657505285,5.638477801268499,"{'type': 'late-fusion', 'balanced_list': [True, True], 'vectorizers': ['distilbert', 'resnet50'], 'models': ['logistic', 'random_forest'], 'max_features_tfidf': 20000, 'max_iter': 40, 'learning_rate_init': 0.001, 'max_depth': 5, 'max_iter_svm': 5000}"
late-fusion,late-fusion-or,,distilbert,logistic,resnet50,random_forest,7,1827.8737921714785,0.5611492499364353,0.4889876671846592,0.5637261933509291,0.8935222672064778,0.2027249236551562,2.610993657505285,5.704016913319239,"{'type': 'late-fusion', 'balanced_list': [True, True], 'vectorizers': ['distilbert', 'resnet50'], 'models': ['logistic', 'random_forest'], 'max_features_tfidf': 20000, 'max_iter': 40, 'learning_rate_init': 0.001, 'max_depth': 5, 'max_iter_svm': 5000}"
late-fusion,late-fusion-or,,distilbert,logistic,resnet50,random_forest,8,1827.8737921714785,0.5633160096336671,0.5000748746143636,0.5631645896973593,0.8988673139158576,0.2023138360347662,2.613107822410148,5.726215644820296,"{'type': 'late-fusion', 'balanced_list': [True, True], 'vectorizers': ['distilbert', 'resnet50'], 'models': ['logistic', 'random_forest'], 'max_features_tfidf': 20000, 'max_iter': 40, 'learning_rate_init': 0.001, 'max_depth': 5, 'max_iter_svm': 5000}"
late-fusion,late-fusion-or,,distilbert,logistic,resnet50,random_forest,9,1827.8737921714785,0.5626840824689461,0.4934458883085668,0.5640504081307465,0.8887540453074434,0.2005520319473807,2.613107822410148,5.641649048625792,"{'type': 'late-fusion', 'balanced_list': [True, True], 'vectorizers': ['distilbert', 'resnet50'], 'models': ['logistic', 'random_forest'], 'max_features_tfidf': 20000, 'max_iter': 40, 'learning_rate_init': 0.001, 'max_depth': 5, 'max_iter_svm': 5000}"
late-fusion,late-fusion-and,,distilbert,logistic,resnet50,random_forest,0,1827.8737921714785,0.6053169734151329,0.4832176057221428,0.5644318429429305,0.5379644588045234,0.1019007391763463,2.614572333685322,2.032734952481521,"{'type': 'late-fusion', 'balanced_list': [True, True], 'vectorizers': ['distilbert', 'resnet50'], 'models': ['logistic', 'random_forest'], 'max_features_tfidf': 20000, 'max_iter': 40, 'learning_rate_init': 0.001, 'max_depth': 5, 'max_iter_svm': 5000}"
late-fusion,late-fusion-and,,distilbert,logistic,resnet50,random_forest,1,1827.8737921714785,0.5998627316403569,0.504172263204246,0.5662441278069578,0.5294830371567044,0.1026047166490672,2.614572333685322,2.001055966209081,"{'type': 'late-fusion', 'balanced_list': [True, True], 'vectorizers': ['distilbert', 'resnet50'], 'models': ['logistic', 'random_forest'], 'max_features_tfidf': 20000, 'max_iter': 40, 'learning_rate_init': 0.001, 'max_depth': 5, 'max_iter_svm': 5000}"
late-fusion,late-fusion-and,,distilbert,logistic,resnet50,random_forest,2,1827.8737921714785,0.5973605001157676,0.4928822348021897,0.5558290706125976,0.5229023104985813,0.1020180687551331,2.60506863780359,1.955649419218585,"{'type': 'late-fusion', 'balanced_list': [True, True], 'vectorizers': ['distilbert', 'resnet50'], 'models': ['logistic', 'random_forest'], 'max_features_tfidf': 20000, 'max_iter': 40, 'learning_rate_init': 0.001, 'max_depth': 5, 'max_iter_svm': 5000}"
late-fusion,late-fusion-and,,distilbert,logistic,resnet50,random_forest,3,1827.8737921714785,0.5835434334173734,0.4581658563164715,0.5436977254823084,0.5160113498175922,0.1065939223278188,2.60506863780359,2.0021119324181624,"{'type': 'late-fusion', 'balanced_list': [True, True], 'vectorizers': ['distilbert', 'resnet50'], 'models': ['logistic', 'random_forest'], 'max_features_tfidf': 20000, 'max_iter': 40, 'learning_rate_init': 0.001, 'max_depth': 5, 'max_iter_svm': 5000}"
late-fusion,late-fusion-and,,distilbert,logistic,resnet50,random_forest,4,1827.8737921714785,0.5884736605132823,0.4902035357134972,0.5490849054735011,0.5293641150263264,0.1072392350111463,2.607180570221753,2.083421330517424,"{'type': 'late-fusion', 'balanced_list': [True, True], 'vectorizers': ['distilbert', 'resnet50'], 'models': ['logistic', 'random_forest'], 'max_features_tfidf': 20000, 'max_iter': 40, 'learning_rate_init': 0.001, 'max_depth': 5, 'max_iter_svm': 5000}"
late-fusion,late-fusion-and,,distilbert,logistic,resnet50,random_forest,5,1827.8737921714785,0.5789713245334547,0.4518605309065292,0.5370495196605133,0.5151883353584447,0.1086445853887714,2.609936575052854,2.0348837209302326,"{'type': 'late-fusion', 'balanced_list': [True, True], 'vectorizers': ['distilbert', 'resnet50'], 'models': ['logistic', 'random_forest'], 'max_features_tfidf': 20000, 'max_iter': 40, 'learning_rate_init': 0.001, 'max_depth': 5, 'max_iter_svm': 5000}"
late-fusion,late-fusion-and,,distilbert,logistic,resnet50,random_forest,6,1827.8737921714785,0.5858678252915619,0.4586127312844099,0.5489314420604062,0.5186234817813765,0.1063542400751703,2.610993657505285,2.011627906976744,"{'type': 'late-fusion', 'balanced_list': [True, True], 'vectorizers': ['distilbert', 'resnet50'], 'models': ['logistic', 'random_forest'], 'max_features_tfidf': 20000, 'max_iter': 40, 'learning_rate_init': 0.001, 'max_depth': 5, 'max_iter_svm': 5000}"
late-fusion,late-fusion-and,,distilbert,logistic,resnet50,random_forest,7,1827.8737921714785,0.590441344614681,0.4818567503408001,0.5457911949455291,0.522672064777328,0.1051797040169133,2.610993657505285,2.011627906976744,"{'type': 'late-fusion', 'balanced_list': [True, True], 'vectorizers': ['distilbert', 'resnet50'], 'models': ['logistic', 'random_forest'], 'max_features_tfidf': 20000, 'max_iter': 40, 'learning_rate_init': 0.001, 'max_depth': 5, 'max_iter_svm': 5000}"
late-fusion,late-fusion-and,,distilbert,logistic,resnet50,random_forest,8,1827.8737921714785,0.5983291939489727,0.4687877204439328,0.5611596179249457,0.5360032362459547,0.1044749823819591,2.613107822410148,2.068710359408034,"{'type': 'late-fusion', 'balanced_list': [True, True], 'vectorizers': ['distilbert', 'resnet50'], 'models': ['logistic', 'random_forest'], 'max_features_tfidf': 20000, 'max_iter': 40, 'learning_rate_init': 0.001, 'max_depth': 5, 'max_iter_svm': 5000}"
late-fusion,late-fusion-and,,distilbert,logistic,resnet50,random_forest,9,1827.8737921714785,0.5828703703703704,0.4685430535996149,0.5357170313829934,0.5093042071197411,0.1058256988489546,2.613107822410148,1.9534883720930232,"{'type': 'late-fusion', 'balanced_list': [True, True], 'vectorizers': ['distilbert', 'resnet50'], 'models': ['logistic', 'random_forest'], 'max_features_tfidf': 20000, 'max_iter': 40, 'learning_rate_init': 0.001, 'max_depth': 5, 'max_iter_svm': 5000}"
late-fusion,late-fusion-avg,,distilbert,logistic,resnet50,random_forest,0,1827.8737921714785,0.6732673267326733,0.616413949562823,0.6667780946028042,0.8101777059773829,0.1142203449489616,2.614572333685322,3.6779303062302007,"{'type': 'late-fusion', 'balanced_list': [True, True], 'vectorizers': ['distilbert', 'resnet50'], 'models': ['logistic', 'random_forest'], 'max_features_tfidf': 20000, 'max_iter': 40, 'learning_rate_init': 0.001, 'max_depth': 5, 'max_iter_svm': 5000}"
late-fusion,late-fusion-avg,,distilbert,logistic,resnet50,random_forest,1,1827.8737921714785,0.6635897435897435,0.6155674803322975,0.6589567829800141,0.7839256865912763,0.1154523055262231,2.614572333685322,3.562829989440338,"{'type': 'late-fusion', 'balanced_list': [True, True], 'vectorizers': ['distilbert', 'resnet50'], 'models': ['logistic', 'random_forest'], 'max_features_tfidf': 20000, 'max_iter': 40, 'learning_rate_init': 0.001, 'max_depth': 5, 'max_iter_svm': 5000}"
late-fusion,late-fusion-avg,,distilbert,logistic,resnet50,random_forest,2,1827.8737921714785,0.6672381278930225,0.6065534236164195,0.6664020070039077,0.7888123226591002,0.1138683562126011,2.60506863780359,3.554382259767688,"{'type': 'late-fusion', 'balanced_list': [True, True], 'vectorizers': ['distilbert', 'resnet50'], 'models': ['logistic', 'random_forest'], 'max_features_tfidf': 20000, 'max_iter': 40, 'learning_rate_init': 0.001, 'max_depth': 5, 'max_iter_svm': 5000}"
late-fusion,late-fusion-avg,,distilbert,logistic,resnet50,random_forest,3,1827.8737921714785,0.6518543838660058,0.5894650127828973,0.6442294066370097,0.7730036481556546,0.1195001759943681,2.60506863780359,3.573389651531151,"{'type': 'late-fusion', 'balanced_list': [True, True], 'vectorizers': ['distilbert', 'resnet50'], 'models': ['logistic', 'random_forest'], 'max_features_tfidf': 20000, 'max_iter': 40, 'learning_rate_init': 0.001, 'max_depth': 5, 'max_iter_svm': 5000}"
late-fusion,late-fusion-avg,,distilbert,logistic,resnet50,random_forest,4,1827.8737921714785,0.6486303686168414,0.6015527541250454,0.6466000443297171,0.776832725799919,0.1219054323594978,2.607180570221753,3.637803590285111,"{'type': 'late-fusion', 'balanced_list': [True, True], 'vectorizers': ['distilbert', 'resnet50'], 'models': ['logistic', 'random_forest'], 'max_features_tfidf': 20000, 'max_iter': 40, 'learning_rate_init': 0.001, 'max_depth': 5, 'max_iter_svm': 5000}"
late-fusion,late-fusion-avg,,distilbert,logistic,resnet50,random_forest,5,1827.8737921714785,0.6507533434907736,0.5829714822550759,0.6484820324143792,0.7784528149048198,0.1211533944092083,2.609936575052854,3.634249471458774,"{'type': 'late-fusion', 'balanced_list': [True, True], 'vectorizers': ['distilbert', 'resnet50'], 'models': ['logistic', 'random_forest'], 'max_features_tfidf': 20000, 'max_iter': 40, 'learning_rate_init': 0.001, 'max_depth': 5, 'max_iter_svm': 5000}"
late-fusion,late-fusion-avg,,distilbert,logistic,resnet50,random_forest,6,1827.8737921714785,0.6490783020463385,0.5891329146576755,0.646787039598879,0.7769230769230769,0.1218581160441625,2.610993657505285,3.63953488372093,"{'type': 'late-fusion', 'balanced_list': [True, True], 'vectorizers': ['distilbert', 'resnet50'], 'models': ['logistic', 'random_forest'], 'max_features_tfidf': 20000, 'max_iter': 40, 'learning_rate_init': 0.001, 'max_depth': 5, 'max_iter_svm': 5000}"
late-fusion,late-fusion-avg,,distilbert,logistic,resnet50,random_forest,7,1827.8737921714785,0.6591989137813985,0.5897457379403315,0.6543845102513178,0.7862348178137651,0.1179234202490016,2.610993657505285,3.617336152219873,"{'type': 'late-fusion', 'balanced_list': [True, True], 'vectorizers': ['distilbert', 'resnet50'], 'models': ['logistic', 'random_forest'], 'max_features_tfidf': 20000, 'max_iter': 40, 'learning_rate_init': 0.001, 'max_depth': 5, 'max_iter_svm': 5000}"
late-fusion,late-fusion-avg,,distilbert,logistic,resnet50,random_forest,8,1827.8737921714785,0.6687962340282448,0.6172247572140603,0.6634200424898099,0.8046116504854369,0.1156918017383133,2.613107822410148,3.674418604651162,"{'type': 'late-fusion', 'balanced_list': [True, True], 'vectorizers': ['distilbert', 'resnet50'], 'models': ['logistic', 'random_forest'], 'max_features_tfidf': 20000, 'max_iter': 40, 'learning_rate_init': 0.001, 'max_depth': 5, 'max_iter_svm': 5000}"
late-fusion,late-fusion-avg,,distilbert,logistic,resnet50,random_forest,9,1827.8737921714785,0.6584825234441603,0.5989415537486334,0.6532620480294898,0.7811488673139159,0.1176297862344374,2.613107822410148,3.5866807610993656,"{'type': 'late-fusion', 'balanced_list': [True, True], 'vectorizers': ['distilbert', 'resnet50'], 'models': ['logistic', 'random_forest'], 'max_features_tfidf': 20000, 'max_iter': 40, 'learning_rate_init': 0.001, 'max_depth': 5, 'max_iter_svm': 5000}"
late-fusion,late-fusion-or,,distilbert,logistic,resnet50,mlp,0,1229.5584404468536,0.6331598513011153,0.574377939380652,0.6327035278460832,0.8598546042003231,0.1447260354335328,2.614572333685322,4.486800422386484,"{'type': 'late-fusion', 'balanced_list': [True, True], 'vectorizers': ['distilbert', 'resnet50'], 'models': ['logistic', 'mlp'], 'max_features_tfidf': 20000, 'max_iter': 40, 'learning_rate_init': 0.001, 'max_depth': 5, 'max_iter_svm': 5000}"
late-fusion,late-fusion-or,,distilbert,logistic,resnet50,mlp,1,1229.5584404468536,0.6325734853029394,0.5699140187323185,0.6316846710722106,0.8517770597738288,0.1437287340138449,2.614572333685322,4.426610348468849,"{'type': 'late-fusion', 'balanced_list': [True, True], 'vectorizers': ['distilbert', 'resnet50'], 'models': ['logistic', 'mlp'], 'max_features_tfidf': 20000, 'max_iter': 40, 'learning_rate_init': 0.001, 'max_depth': 5, 'max_iter_svm': 5000}"
late-fusion,late-fusion-or,,distilbert,logistic,resnet50,mlp,2,1229.5584404468536,0.6302956415726912,0.572123707612815,0.6288136186235447,0.838265099310904,0.1423207790684031,2.60506863780359,4.324181626187962,"{'type': 'late-fusion', 'balanced_list': [True, True], 'vectorizers': ['distilbert', 'resnet50'], 'models': ['logistic', 'mlp'], 'max_features_tfidf': 20000, 'max_iter': 40, 'learning_rate_init': 0.001, 'max_depth': 5, 'max_iter_svm': 5000}"
late-fusion,late-fusion-or,,distilbert,logistic,resnet50,mlp,3,1229.5584404468536,0.616998631594952,0.5517466423462789,0.6148544345482043,0.8224564248074584,0.1477766044819899,2.60506863780359,4.340021119324182,"{'type': 'late-fusion', 'balanced_list': [True, True], 'vectorizers': ['distilbert', 'resnet50'], 'models': ['logistic', 'mlp'], 'max_features_tfidf': 20000, 'max_iter': 40, 'learning_rate_init': 0.001, 'max_depth': 5, 'max_iter_svm': 5000}"
late-fusion,late-fusion-or,,distilbert,logistic,resnet50,mlp,4,1229.5584404468536,0.6179452262066879,0.5675912889008154,0.6143404759033058,0.8270554880518428,0.1481285932183503,2.607180570221753,4.371700105596621,"{'type': 'late-fusion', 'balanced_list': [True, True], 'vectorizers': ['distilbert', 'resnet50'], 'models': ['logistic', 'mlp'], 'max_features_tfidf': 20000, 'max_iter': 40, 'learning_rate_init': 0.001, 'max_depth': 5, 'max_iter_svm': 5000}"
late-fusion,late-fusion-or,,distilbert,logistic,resnet50,mlp,5,1229.5584404468536,0.6119663084519315,0.537700041194189,0.6102016787534758,0.8533819360064804,0.1569180173831336,2.609936575052854,4.669133192389007,"{'type': 'late-fusion', 'balanced_list': [True, True], 'vectorizers': ['distilbert', 'resnet50'], 'models': ['logistic', 'mlp'], 'max_features_tfidf': 20000, 'max_iter': 40, 'learning_rate_init': 0.001, 'max_depth': 5, 'max_iter_svm': 5000}"
late-fusion,late-fusion-or,,distilbert,logistic,resnet50,mlp,6,1229.5584404468536,0.6187828700225394,0.5591488449736648,0.6177886654102299,0.8336032388663968,0.1489898989898989,2.610993657505285,4.423890063424947,"{'type': 'late-fusion', 'balanced_list': [True, True], 'vectorizers': ['distilbert', 'resnet50'], 'models': ['logistic', 'mlp'], 'max_features_tfidf': 20000, 'max_iter': 40, 'learning_rate_init': 0.001, 'max_depth': 5, 'max_iter_svm': 5000}"
late-fusion,late-fusion-or,,distilbert,logistic,resnet50,mlp,7,1229.5584404468536,0.6291079812206573,0.5531603236947916,0.6274939882762293,0.8408906882591093,0.1438219403335682,2.610993657505285,4.36892177589852,"{'type': 'late-fusion', 'balanced_list': [True, True], 'vectorizers': ['distilbert', 'resnet50'], 'models': ['logistic', 'mlp'], 'max_features_tfidf': 20000, 'max_iter': 40, 'learning_rate_init': 0.001, 'max_depth': 5, 'max_iter_svm': 5000}"
late-fusion,late-fusion-or,,distilbert,logistic,resnet50,mlp,8,1229.5584404468536,0.6347485697079193,0.5729725839649832,0.6312784232445966,0.8527508090614887,0.1424712238665727,2.613107822410148,4.408033826638478,"{'type': 'late-fusion', 'balanced_list': [True, True], 'vectorizers': ['distilbert', 'resnet50'], 'models': ['logistic', 'mlp'], 'max_features_tfidf': 20000, 'max_iter': 40, 'learning_rate_init': 0.001, 'max_depth': 5, 'max_iter_svm': 5000}"
late-fusion,late-fusion-or,,distilbert,logistic,resnet50,mlp,9,1229.5584404468536,0.618160481150066,0.5509606101090402,0.616383710252632,0.8523462783171522,0.152865867982147,2.613107822410148,4.593023255813954,"{'type': 'late-fusion', 'balanced_list': [True, True], 'vectorizers': ['distilbert', 'resnet50'], 'models': ['logistic', 'mlp'], 'max_features_tfidf': 20000, 'max_iter': 40, 'learning_rate_init': 0.001, 'max_depth': 5, 'max_iter_svm': 5000}"
late-fusion,late-fusion-and,,distilbert,logistic,resnet50,mlp,0,1229.5584404468536,0.5150684931506849,0.3377693867028964,0.4721945659643654,0.3796445880452342,0.1038366772263287,2.614572333685322,1.2397043294614571,"{'type': 'late-fusion', 'balanced_list': [True, True], 'vectorizers': ['distilbert', 'resnet50'], 'models': ['logistic', 'mlp'], 'max_features_tfidf': 20000, 'max_iter': 40, 'learning_rate_init': 0.001, 'max_depth': 5, 'max_iter_svm': 5000}"
late-fusion,late-fusion-and,,distilbert,logistic,resnet50,mlp,1,1229.5584404468536,0.4913055478884902,0.3389382694444248,0.4510266338143846,0.3594507269789984,0.1081192068520474,2.614572333685322,1.211193241816262,"{'type': 'late-fusion', 'balanced_list': [True, True], 'vectorizers': ['distilbert', 'resnet50'], 'models': ['logistic', 'mlp'], 'max_features_tfidf': 20000, 'max_iter': 40, 'learning_rate_init': 0.001, 'max_depth': 5, 'max_iter_svm': 5000}"
late-fusion,late-fusion-and,,distilbert,logistic,resnet50,mlp,2,1229.5584404468536,0.4757336343115124,0.2859666770951338,0.444981189173375,0.3417105796513984,0.1089991786929484,2.60506863780359,1.1372756071805703,"{'type': 'late-fusion', 'balanced_list': [True, True], 'vectorizers': ['distilbert', 'resnet50'], 'models': ['logistic', 'mlp'], 'max_features_tfidf': 20000, 'max_iter': 40, 'learning_rate_init': 0.001, 'max_depth': 5, 'max_iter_svm': 5000}"
late-fusion,late-fusion-and,,distilbert,logistic,resnet50,mlp,3,1229.5584404468536,0.4341131181522061,0.2784575576755821,0.384687651899901,0.2971220105391163,0.112108412530799,2.60506863780359,0.9609292502639916,"{'type': 'late-fusion', 'balanced_list': [True, True], 'vectorizers': ['distilbert', 'resnet50'], 'models': ['logistic', 'mlp'], 'max_features_tfidf': 20000, 'max_iter': 40, 'learning_rate_init': 0.001, 'max_depth': 5, 'max_iter_svm': 5000}"
late-fusion,late-fusion-and,,distilbert,logistic,resnet50,mlp,4,1229.5584404468536,0.472174411933448,0.3113921780549356,0.4260907460485074,0.3333333333333333,0.1079432124838671,2.607180570221753,1.0739176346356916,"{'type': 'late-fusion', 'balanced_list': [True, True], 'vectorizers': ['distilbert', 'resnet50'], 'models': ['logistic', 'mlp'], 'max_features_tfidf': 20000, 'max_iter': 40, 'learning_rate_init': 0.001, 'max_depth': 5, 'max_iter_svm': 5000}"
late-fusion,late-fusion-and,,distilbert,logistic,resnet50,mlp,5,1229.5584404468536,0.4914975315414152,0.3549010476773339,0.449226484110205,0.3628999594977724,0.1088794926004228,2.609936575052854,1.244186046511628,"{'type': 'late-fusion', 'balanced_list': [True, True], 'vectorizers': ['distilbert', 'resnet50'], 'models': ['logistic', 'mlp'], 'max_features_tfidf': 20000, 'max_iter': 40, 'learning_rate_init': 0.001, 'max_depth': 5, 'max_iter_svm': 5000}"
late-fusion,late-fusion-and,,distilbert,logistic,resnet50,mlp,6,1229.5584404468536,0.4873666479505895,0.329526762508698,0.4488618440521189,0.351417004048583,0.107235142118863,2.610993657505285,1.1543340380549685,"{'type': 'late-fusion', 'balanced_list': [True, True], 'vectorizers': ['distilbert', 'resnet50'], 'models': ['logistic', 'mlp'], 'max_features_tfidf': 20000, 'max_iter': 40, 'learning_rate_init': 0.001, 'max_depth': 5, 'max_iter_svm': 5000}"
late-fusion,late-fusion-and,,distilbert,logistic,resnet50,mlp,7,1229.5584404468536,0.4662857142857143,0.3045754940897353,0.4229708745564982,0.3303643724696356,0.1097016678412027,2.610993657505285,1.0887949260042282,"{'type': 'late-fusion', 'balanced_list': [True, True], 'vectorizers': ['distilbert', 'resnet50'], 'models': ['logistic', 'mlp'], 'max_features_tfidf': 20000, 'max_iter': 40, 'learning_rate_init': 0.001, 'max_depth': 5, 'max_iter_svm': 5000}"
late-fusion,late-fusion-and,,distilbert,logistic,resnet50,mlp,8,1229.5584404468536,0.4977851605758582,0.3255668597500004,0.4606270344642438,0.3636731391585761,0.1065304204839088,2.613107822410148,1.2050739957716703,"{'type': 'late-fusion', 'balanced_list': [True, True], 'vectorizers': ['distilbert', 'resnet50'], 'models': ['logistic', 'mlp'], 'max_features_tfidf': 20000, 'max_iter': 40, 'learning_rate_init': 0.001, 'max_depth': 5, 'max_iter_svm': 5000}"
late-fusion,late-fusion-and,,distilbert,logistic,resnet50,mlp,9,1229.5584404468536,0.4969730324711062,0.3673603324867075,0.4543524950501695,0.3652912621359223,0.1073525957246887,2.613107822410148,1.2283298097251585,"{'type': 'late-fusion', 'balanced_list': [True, True], 'vectorizers': ['distilbert', 'resnet50'], 'models': ['logistic', 'mlp'], 'max_features_tfidf': 20000, 'max_iter': 40, 'learning_rate_init': 0.001, 'max_depth': 5, 'max_iter_svm': 5000}"
late-fusion,late-fusion-avg,,distilbert,logistic,resnet50,mlp,0,1229.5584404468536,0.6947066064833812,0.6327860880397131,0.6856620969081371,0.6837641357027464,0.0872932066173882,2.614572333685322,2.53220696937698,"{'type': 'late-fusion', 'balanced_list': [True, True], 'vectorizers': ['distilbert', 'resnet50'], 'models': ['logistic', 'mlp'], 'max_features_tfidf': 20000, 'max_iter': 40, 'learning_rate_init': 0.001, 'max_depth': 5, 'max_iter_svm': 5000}"
late-fusion,late-fusion-avg,,distilbert,logistic,resnet50,mlp,1,1229.5584404468536,0.6767134599504542,0.6205441196143117,0.6666334486820232,0.6619547657512116,0.0918690601900739,2.614572333685322,2.500527983104541,"{'type': 'late-fusion', 'balanced_list': [True, True], 'vectorizers': ['distilbert', 'resnet50'], 'models': ['logistic', 'mlp'], 'max_features_tfidf': 20000, 'max_iter': 40, 'learning_rate_init': 0.001, 'max_depth': 5, 'max_iter_svm': 5000}"
late-fusion,late-fusion-avg,,distilbert,logistic,resnet50,mlp,2,1229.5584404468536,0.6861646961211367,0.6248810285949324,0.6781849266537756,0.6704499391974058,0.0887598263522233,2.60506863780359,2.4857444561774025,"{'type': 'late-fusion', 'balanced_list': [True, True], 'vectorizers': ['distilbert', 'resnet50'], 'models': ['logistic', 'mlp'], 'max_features_tfidf': 20000, 'max_iter': 40, 'learning_rate_init': 0.001, 'max_depth': 5, 'max_iter_svm': 5000}"
late-fusion,late-fusion-avg,,distilbert,logistic,resnet50,mlp,3,1229.5584404468536,0.6734949832775919,0.6027019526165827,0.6603131175992845,0.6530198621807863,0.0916344010325003,2.60506863780359,2.446673706441394,"{'type': 'late-fusion', 'balanced_list': [True, True], 'vectorizers': ['distilbert', 'resnet50'], 'models': ['logistic', 'mlp'], 'max_features_tfidf': 20000, 'max_iter': 40, 'learning_rate_init': 0.001, 'max_depth': 5, 'max_iter_svm': 5000}"
late-fusion,late-fusion-avg,,distilbert,logistic,resnet50,mlp,4,1229.5584404468536,0.6684873949579831,0.6012115354768001,0.6524031992880989,0.644390441474281,0.0925730376627947,2.607180570221753,2.41921858500528,"{'type': 'late-fusion', 'balanced_list': [True, True], 'vectorizers': ['distilbert', 'resnet50'], 'models': ['logistic', 'mlp'], 'max_features_tfidf': 20000, 'max_iter': 40, 'learning_rate_init': 0.001, 'max_depth': 5, 'max_iter_svm': 5000}"
late-fusion,late-fusion-avg,,distilbert,logistic,resnet50,mlp,5,1229.5584404468536,0.6502421562434196,0.5864250871597458,0.6290918853286718,0.625354394491697,0.0975452196382428,2.609936575052854,2.4101479915433406,"{'type': 'late-fusion', 'balanced_list': [True, True], 'vectorizers': ['distilbert', 'resnet50'], 'models': ['logistic', 'mlp'], 'max_features_tfidf': 20000, 'max_iter': 40, 'learning_rate_init': 0.001, 'max_depth': 5, 'max_iter_svm': 5000}"
late-fusion,late-fusion-avg,,distilbert,logistic,resnet50,mlp,6,1229.5584404468536,0.667360532889259,0.6147800281395619,0.6529451520994861,0.6489878542510121,0.0938454310547333,2.610993657505285,2.46723044397463,"{'type': 'late-fusion', 'balanced_list': [True, True], 'vectorizers': ['distilbert', 'resnet50'], 'models': ['logistic', 'mlp'], 'max_features_tfidf': 20000, 'max_iter': 40, 'learning_rate_init': 0.001, 'max_depth': 5, 'max_iter_svm': 5000}"
late-fusion,late-fusion-avg,,distilbert,logistic,resnet50,mlp,7,1229.5584404468536,0.6792845257903494,0.6033938186553451,0.6639585631657513,0.6611336032388664,0.0905567300916138,2.610993657505285,2.471458773784355,"{'type': 'late-fusion', 'balanced_list': [True, True], 'vectorizers': ['distilbert', 'resnet50'], 'models': ['logistic', 'mlp'], 'max_features_tfidf': 20000, 'max_iter': 40, 'learning_rate_init': 0.001, 'max_depth': 5, 'max_iter_svm': 5000}"
late-fusion,late-fusion-avg,,distilbert,logistic,resnet50,mlp,8,1229.5584404468536,0.6947110475801511,0.638195618872695,0.6771555787412024,0.6881067961165048,0.0877965703547098,2.613107822410148,2.563424947145877,"{'type': 'late-fusion', 'balanced_list': [True, True], 'vectorizers': ['distilbert', 'resnet50'], 'models': ['logistic', 'mlp'], 'max_features_tfidf': 20000, 'max_iter': 40, 'learning_rate_init': 0.001, 'max_depth': 5, 'max_iter_svm': 5000}"
late-fusion,late-fusion-avg,,distilbert,logistic,resnet50,mlp,9,1229.5584404468536,0.6747745858670581,0.6268398784173973,0.6607557758192009,0.6508899676375405,0.0910852713178294,2.613107822410148,2.4281183932346724,"{'type': 'late-fusion', 'balanced_list': [True, True], 'vectorizers': ['distilbert', 'resnet50'], 'models': ['logistic', 'mlp'], 'max_features_tfidf': 20000, 'max_iter': 40, 'learning_rate_init': 0.001, 'max_depth': 5, 'max_iter_svm': 5000}"
late-fusion,late-fusion-or,,distilbert,random_forest,resnet50,logistic,0,2412.5489404201508,0.5608187901850151,0.4873822425228651,0.5603225180310715,0.8630856219709209,0.19635105009973014,2.614572333685322,5.432946145723337,"{'type': 'late-fusion', 'balanced_list': [True, True], 'vectorizers': ['distilbert', 'resnet50'], 'models': ['random_forest', 'logistic'], 'max_features_tfidf': 20000, 'max_iter': 40, 'learning_rate_init': 0.001, 'max_depth': 5, 'max_iter_svm': 5000}"
late-fusion,late-fusion-or,,distilbert,random_forest,resnet50,logistic,1,2412.5489404201508,0.549453409682457,0.47603557606837427,0.5477278177647765,0.8525848142164781,0.20309750087997183,2.614572333685322,5.499472016895459,"{'type': 'late-fusion', 'balanced_list': [True, True], 'vectorizers': ['distilbert', 'resnet50'], 'models': ['random_forest', 'logistic'], 'max_features_tfidf': 20000, 'max_iter': 40, 'learning_rate_init': 0.001, 'max_depth': 5, 'max_iter_svm': 5000}"
late-fusion,late-fusion-or,,distilbert,random_forest,resnet50,logistic,2,2412.5489404201508,0.5474424053104257,0.48109715540068554,0.5470474204898703,0.8524523713011756,0.20397747272087294,2.60506863780359,5.50791974656811,"{'type': 'late-fusion', 'balanced_list': [True, True], 'vectorizers': ['distilbert', 'resnet50'], 'models': ['random_forest', 'logistic'], 'max_features_tfidf': 20000, 'max_iter': 40, 'learning_rate_init': 0.001, 'max_depth': 5, 'max_iter_svm': 5000}"
late-fusion,late-fusion-or,,distilbert,random_forest,resnet50,logistic,3,2412.5489404201508,0.5465903175429464,0.472069185305155,0.5463206334906442,0.8512363194162951,0.20438812624662678,2.60506863780359,5.5089757127771914,"{'type': 'late-fusion', 'balanced_list': [True, True], 'vectorizers': ['distilbert', 'resnet50'], 'models': ['random_forest', 'logistic'], 'max_features_tfidf': 20000, 'max_iter': 40, 'learning_rate_init': 0.001, 'max_depth': 5, 'max_iter_svm': 5000}"
late-fusion,late-fusion-or,,distilbert,random_forest,resnet50,logistic,4,2412.5489404201508,0.5429829104091144,0.4738661323701121,0.5401384078786402,0.8493317132442284,0.20708670655872347,2.607180570221753,5.549102428722281,"{'type': 'late-fusion', 'balanced_list': [True, True], 'vectorizers': ['distilbert', 'resnet50'], 'models': ['random_forest', 'logistic'], 'max_features_tfidf': 20000, 'max_iter': 40, 'learning_rate_init': 0.001, 'max_depth': 5, 'max_iter_svm': 5000}"
late-fusion,late-fusion-or,,distilbert,random_forest,resnet50,logistic,5,2412.5489404201508,0.5438800568695877,0.4613281759869884,0.5436418995615612,0.8521668691778048,0.2072468874794456,2.609936575052854,5.568710359408033,"{'type': 'late-fusion', 'balanced_list': [True, True], 'vectorizers': ['distilbert', 'resnet50'], 'models': ['random_forest', 'logistic'], 'max_features_tfidf': 20000, 'max_iter': 40, 'learning_rate_init': 0.001, 'max_depth': 5, 'max_iter_svm': 5000}"
late-fusion,late-fusion-or,,distilbert,random_forest,resnet50,logistic,6,2412.5489404201508,0.5394805194805194,0.4635503200032475,0.5387825440943834,0.8408906882591093,0.20824524312896406,2.6109936575052854,5.528541226215645,"{'type': 'late-fusion', 'balanced_list': [True, True], 'vectorizers': ['distilbert', 'resnet50'], 'models': ['random_forest', 'logistic'], 'max_features_tfidf': 20000, 'max_iter': 40, 'learning_rate_init': 0.001, 'max_depth': 5, 'max_iter_svm': 5000}"
late-fusion,late-fusion-or,,distilbert,random_forest,resnet50,logistic,7,2412.5489404201508,0.5447217888715549,0.46472233607329955,0.5441005259715619,0.8481781376518218,0.2056612638007987,2.6109936575052854,5.520084566596195,"{'type': 'late-fusion', 'balanced_list': [True, True], 'vectorizers': ['distilbert', 'resnet50'], 'models': ['random_forest', 'logistic'], 'max_features_tfidf': 20000, 'max_iter': 40, 'learning_rate_init': 0.001, 'max_depth': 5, 'max_iter_svm': 5000}"
late-fusion,late-fusion-or,,distilbert,random_forest,resnet50,logistic,8,2412.5489404201508,0.5465613262530761,0.47983124712926206,0.5413198147870453,0.8535598705501618,0.20560253699788583,2.613107822410148,5.54862579281184,"{'type': 'late-fusion', 'balanced_list': [True, True], 'vectorizers': ['distilbert', 'resnet50'], 'models': ['random_forest', 'logistic'], 'max_features_tfidf': 20000, 'max_iter': 40, 'learning_rate_init': 0.001, 'max_depth': 5, 'max_iter_svm': 5000}"
late-fusion,late-fusion-or,,distilbert,random_forest,resnet50,logistic,9,2412.5489404201508,0.5500455551216973,0.4728121735783088,0.5484358133126942,0.8547734627831716,0.20301855766972046,2.613107822410148,5.50845665961945,"{'type': 'late-fusion', 'balanced_list': [True, True], 'vectorizers': ['distilbert', 'resnet50'], 'models': ['random_forest', 'logistic'], 'max_features_tfidf': 20000, 'max_iter': 40, 'learning_rate_init': 0.001, 'max_depth': 5, 'max_iter_svm': 5000}"
late-fusion,late-fusion-and,,distilbert,random_forest,resnet50,logistic,0,2412.5489404201508,0.535645472061657,0.4360345095475005,0.48860623126726616,0.4491114701130856,0.11310571395048692,2.614572333685322,1.7697993664202745,"{'type': 'late-fusion', 'balanced_list': [True, True], 'vectorizers': ['distilbert', 'resnet50'], 'models': ['random_forest', 'logistic'], 'max_features_tfidf': 20000, 'max_iter': 40, 'learning_rate_init': 0.001, 'max_depth': 5, 'max_iter_svm': 5000}"
late-fusion,late-fusion-and,,distilbert,random_forest,resnet50,logistic,1,2412.5489404201508,0.5429200293470287,0.47023319709922823,0.5040669936657265,0.4483037156704362,0.10964449137627597,2.614572333685322,1.703273495248152,"{'type': 'late-fusion', 'balanced_list': [True, True], 'vectorizers': ['distilbert', 'resnet50'], 'models': ['random_forest', 'logistic'], 'max_features_tfidf': 20000, 'max_iter': 40, 'learning_rate_init': 0.001, 'max_depth': 5, 'max_iter_svm': 5000}"
late-fusion,late-fusion-and,,distilbert,random_forest,resnet50,logistic,2,2412.5489404201508,0.5357745121657432,0.4395216446919168,0.49845940168009867,0.45074989866234294,0.11304704916109351,2.60506863780359,1.778247096092925,"{'type': 'late-fusion', 'balanced_list': [True, True], 'vectorizers': ['distilbert', 'resnet50'], 'models': ['random_forest', 'logistic'], 'max_features_tfidf': 20000, 'max_iter': 40, 'learning_rate_init': 0.001, 'max_depth': 5, 'max_iter_svm': 5000}"
late-fusion,late-fusion-and,,distilbert,random_forest,resnet50,logistic,3,2412.5489404201508,0.5417070805043647,0.4272952832641229,0.4957618880005364,0.45277665180381027,0.11087645195353749,2.60506863780359,1.7497360084477296,"{'type': 'late-fusion', 'balanced_list': [True, True], 'vectorizers': ['distilbert', 'resnet50'], 'models': ['random_forest', 'logistic'], 'max_features_tfidf': 20000, 'max_iter': 40, 'learning_rate_init': 0.001, 'max_depth': 5, 'max_iter_svm': 5000}"
late-fusion,late-fusion-and,,distilbert,random_forest,resnet50,logistic,4,2412.5489404201508,0.5389076848719188,0.44754806513226364,0.49491330563136265,0.4515998379910895,0.1119324181626188,2.607180570221753,1.7624076029567053,"{'type': 'late-fusion', 'balanced_list': [True, True], 'vectorizers': ['distilbert', 'resnet50'], 'models': ['random_forest', 'logistic'], 'max_features_tfidf': 20000, 'max_iter': 40, 'learning_rate_init': 0.001, 'max_depth': 5, 'max_iter_svm': 5000}"
late-fusion,late-fusion-and,,distilbert,random_forest,resnet50,logistic,5,2412.5489404201508,0.5337837837837838,0.4263897044362908,0.4901602860376645,0.44795463750506276,0.11346018322762509,2.609936575052854,1.77061310782241,"{'type': 'late-fusion', 'balanced_list': [True, True], 'vectorizers': ['distilbert', 'resnet50'], 'models': ['random_forest', 'logistic'], 'max_features_tfidf': 20000, 'max_iter': 40, 'learning_rate_init': 0.001, 'max_depth': 5, 'max_iter_svm': 5000}"
late-fusion,late-fusion-and,,distilbert,random_forest,resnet50,logistic,6,2412.5489404201508,0.545367717287488,0.4159227542294581,0.5052670315355304,0.46234817813765183,0.11181583274606531,2.6109936575052854,1.8160676532769555,"{'type': 'late-fusion', 'balanced_list': [True, True], 'vectorizers': ['distilbert', 'resnet50'], 'models': ['random_forest', 'logistic'], 'max_features_tfidf': 20000, 'max_iter': 40, 'learning_rate_init': 0.001, 'max_depth': 5, 'max_iter_svm': 5000}"
late-fusion,late-fusion-and,,distilbert,random_forest,resnet50,logistic,7,2412.5489404201508,0.5424300867888139,0.4499850461486113,0.4914849186519377,0.45546558704453444,0.1114634719285882,2.6109936575052854,1.7737843551797041,"{'type': 'late-fusion', 'balanced_list': [True, True], 'vectorizers': ['distilbert', 'resnet50'], 'models': ['random_forest', 'logistic'], 'max_features_tfidf': 20000, 'max_iter': 40, 'learning_rate_init': 0.001, 'max_depth': 5, 'max_iter_svm': 5000}"
late-fusion,late-fusion-and,,distilbert,random_forest,resnet50,logistic,8,2412.5489404201508,0.5458483754512635,0.4479903052731779,0.5018616396523373,0.4587378640776699,0.11081747709654687,2.613107822410148,1.7790697674418605,"{'type': 'late-fusion', 'balanced_list': [True, True], 'vectorizers': ['distilbert', 'resnet50'], 'models': ['random_forest', 'logistic'], 'max_features_tfidf': 20000, 'max_iter': 40, 'learning_rate_init': 0.001, 'max_depth': 5, 'max_iter_svm': 5000}"
late-fusion,late-fusion-and,,distilbert,random_forest,resnet50,logistic,9,2412.5489404201508,0.5410909090909091,0.4451774392841348,0.4934850620368591,0.45145631067961167,0.11116983791402396,2.613107822410148,1.7473572938689217,"{'type': 'late-fusion', 'balanced_list': [True, True], 'vectorizers': ['distilbert', 'resnet50'], 'models': ['random_forest', 'logistic'], 'max_features_tfidf': 20000, 'max_iter': 40, 'learning_rate_init': 0.001, 'max_depth': 5, 'max_iter_svm': 5000}"
late-fusion,late-fusion-avg,,distilbert,random_forest,resnet50,logistic,0,2412.5489404201508,0.5518716577540107,0.45159677686435695,0.5358139396682162,0.6252019386106623,0.14748328053502288,2.614572333685322,3.309398099260824,"{'type': 'late-fusion', 'balanced_list': [True, True], 'vectorizers': ['distilbert', 'resnet50'], 'models': ['random_forest', 'logistic'], 'max_features_tfidf': 20000, 'max_iter': 40, 'learning_rate_init': 0.001, 'max_depth': 5, 'max_iter_svm': 5000}"
late-fusion,late-fusion-avg,,distilbert,random_forest,resnet50,logistic,1,2412.5489404201508,0.5481164077843242,0.45593353377409174,0.5425565810465495,0.619951534733441,0.14848058195471078,2.614572333685322,3.299894403379092,"{'type': 'late-fusion', 'balanced_list': [True, True], 'vectorizers': ['distilbert', 'resnet50'], 'models': ['random_forest', 'logistic'], 'max_features_tfidf': 20000, 'max_iter': 40, 'learning_rate_init': 0.001, 'max_depth': 5, 'max_iter_svm': 5000}"
late-fusion,late-fusion-avg,,distilbert,random_forest,resnet50,logistic,2,2412.5489404201508,0.5342806394316163,0.44965735776437693,0.5210903375634104,0.6096473449533847,0.15381907778951073,2.60506863780359,3.3400211193241818,"{'type': 'late-fusion', 'balanced_list': [True, True], 'vectorizers': ['distilbert', 'resnet50'], 'models': ['random_forest', 'logistic'], 'max_features_tfidf': 20000, 'max_iter': 40, 'learning_rate_init': 0.001, 'max_depth': 5, 'max_iter_svm': 5000}"
late-fusion,late-fusion-avg,,distilbert,random_forest,resnet50,logistic,3,2412.5489404201508,0.5368103601206315,0.4342719872265266,0.526063353518475,0.613295500608026,0.15317376510618327,2.60506863780359,3.3474128827877507,"{'type': 'late-fusion', 'balanced_list': [True, True], 'vectorizers': ['distilbert', 'resnet50'], 'models': ['random_forest', 'logistic'], 'max_features_tfidf': 20000, 'max_iter': 40, 'learning_rate_init': 0.001, 'max_depth': 5, 'max_iter_svm': 5000}"
late-fusion,late-fusion-avg,,distilbert,random_forest,resnet50,logistic,4,2412.5489404201508,0.533567046450482,0.44576999525516314,0.5240994603191014,0.6164439044147428,0.15610700457585358,2.607180570221753,3.417106652587117,"{'type': 'late-fusion', 'balanced_list': [True, True], 'vectorizers': ['distilbert', 'resnet50'], 'models': ['random_forest', 'logistic'], 'max_features_tfidf': 20000, 'max_iter': 40, 'learning_rate_init': 0.001, 'max_depth': 5, 'max_iter_svm': 5000}"
late-fusion,late-fusion-avg,,distilbert,random_forest,resnet50,logistic,5,2412.5489404201508,0.5325088339222614,0.42469464501032084,0.5175014672900509,0.6103685702713649,0.1553911205073996,2.609936575052854,3.373150105708245,"{'type': 'late-fusion', 'balanced_list': [True, True], 'vectorizers': ['distilbert', 'resnet50'], 'models': ['random_forest', 'logistic'], 'max_features_tfidf': 20000, 'max_iter': 40, 'learning_rate_init': 0.001, 'max_depth': 5, 'max_iter_svm': 5000}"
late-fusion,late-fusion-avg,,distilbert,random_forest,resnet50,logistic,6,2412.5489404201508,0.5393179006891677,0.42251815747884686,0.5278769327923662,0.6178137651821862,0.15310077519379844,2.6109936575052854,3.3710359408033828,"{'type': 'late-fusion', 'balanced_list': [True, True], 'vectorizers': ['distilbert', 'resnet50'], 'models': ['random_forest', 'logistic'], 'max_features_tfidf': 20000, 'max_iter': 40, 'learning_rate_init': 0.001, 'max_depth': 5, 'max_iter_svm': 5000}"
late-fusion,late-fusion-avg,,distilbert,random_forest,resnet50,logistic,7,2412.5489404201508,0.537626756804839,0.44263894706074075,0.5221365726122597,0.6117408906882591,0.15263096077049565,2.6109936575052854,3.3308668076109935,"{'type': 'late-fusion', 'balanced_list': [True, True], 'vectorizers': ['distilbert', 'resnet50'], 'models': ['random_forest', 'logistic'], 'max_features_tfidf': 20000, 'max_iter': 40, 'learning_rate_init': 0.001, 'max_depth': 5, 'max_iter_svm': 5000}"
late-fusion,late-fusion-avg,,distilbert,random_forest,resnet50,logistic,8,2412.5489404201508,0.5380960760161886,0.43578139709885977,0.5227366537620237,0.6185275080906149,0.15415785764622975,2.613107822410148,3.394291754756871,"{'type': 'late-fusion', 'balanced_list': [True, True], 'vectorizers': ['distilbert', 'resnet50'], 'models': ['random_forest', 'logistic'], 'max_features_tfidf': 20000, 'max_iter': 40, 'learning_rate_init': 0.001, 'max_depth': 5, 'max_iter_svm': 5000}"
late-fusion,late-fusion-avg,,distilbert,random_forest,resnet50,logistic,9,2412.5489404201508,0.5325253965425057,0.43556415427045947,0.5187093737833696,0.6043689320388349,0.15404040404040403,2.613107822410148,3.3181818181818183,"{'type': 'late-fusion', 'balanced_list': [True, True], 'vectorizers': ['distilbert', 'resnet50'], 'models': ['random_forest', 'logistic'], 'max_features_tfidf': 20000, 'max_iter': 40, 'learning_rate_init': 0.001, 'max_depth': 5, 'max_iter_svm': 5000}"
