type,subtype,add,vectorizer1,model1,vectorizer2,model2,fold,time,f1_micro,f1_macro,b1,recall_micro,hamming,avg_labels_true,avg_labels_pred,config
text,,"Tuning text | distilbert | logistic | {'balanced': True, 'threshold': 0.2}",distilbert,logistic,,,0,23.647809982299805,0.3025550215026562,0.2194695198084038,0.2958982973830258,0.7274939172749392,0.4909188034188034,2.6346153846153846,10.03525641025641,"{'type': 'text', 'vectorizers': ['distilbert'], 'models': ['logistic'], 'balanced': True, 'threshold': 0.2}"
text,,"Tuning text | distilbert | logistic | {'balanced': True, 'threshold': 0.2}",distilbert,logistic,,,1,23.647809982299805,0.3158169934640523,0.2264622098580003,0.311136830568643,0.7312348668280871,0.4766848816029144,2.7081967213114755,9.832786885245902,"{'type': 'text', 'vectorizers': ['distilbert'], 'models': ['logistic'], 'balanced': True, 'threshold': 0.2}"
text,,"Tuning text | distilbert | logistic | {'balanced': True, 'threshold': 0.2}",distilbert,logistic,,,2,23.647809982299805,0.299538050085096,0.224494323057789,0.2952271271293307,0.7466666666666667,0.4955280357757138,2.554179566563468,10.179566563467493,"{'type': 'text', 'vectorizers': ['distilbert'], 'models': ['logistic'], 'balanced': True, 'threshold': 0.2}"
text,,"Tuning text | distilbert | logistic | {'balanced': True, 'threshold': 0.3}",distilbert,logistic,,,0,6.189014673233032,0.3005277864017386,0.2108071543870873,0.293417675629214,0.5888077858880778,0.4011752136752137,2.6346153846153846,7.689102564102564,"{'type': 'text', 'vectorizers': ['distilbert'], 'models': ['logistic'], 'balanced': True, 'threshold': 0.3}"
text,,"Tuning text | distilbert | logistic | {'balanced': True, 'threshold': 0.3}",distilbert,logistic,,,1,6.189014673233032,0.3073929961089494,0.2136179473321341,0.3024749567372518,0.5738498789346247,0.3890710382513661,2.7081967213114755,7.4032786885245905,"{'type': 'text', 'vectorizers': ['distilbert'], 'models': ['logistic'], 'balanced': True, 'threshold': 0.3}"
text,,"Tuning text | distilbert | logistic | {'balanced': True, 'threshold': 0.3}",distilbert,logistic,,,2,6.189014673233032,0.2990936555891239,0.2093008742667965,0.292563825922959,0.6,0.3990368077055383,2.554179566563468,7.693498452012384,"{'type': 'text', 'vectorizers': ['distilbert'], 'models': ['logistic'], 'balanced': True, 'threshold': 0.3}"
text,,"Tuning text | distilbert | logistic | {'balanced': True, 'threshold': 0.4}",distilbert,logistic,,,0,4.826685190200806,0.2887864823348694,0.1940429613174371,0.2816463095309249,0.4574209245742092,0.3297720797720798,2.6346153846153846,5.711538461538462,"{'type': 'text', 'vectorizers': ['distilbert'], 'models': ['logistic'], 'balanced': True, 'threshold': 0.4}"
text,,"Tuning text | distilbert | logistic | {'balanced': True, 'threshold': 0.4}",distilbert,logistic,,,1,4.826685190200806,0.2688259109311741,0.1794860680893486,0.2666445940216432,0.4019370460048426,0.3289617486338798,2.7081967213114755,5.390163934426229,"{'type': 'text', 'vectorizers': ['distilbert'], 'models': ['logistic'], 'balanced': True, 'threshold': 0.4}"
text,,"Tuning text | distilbert | logistic | {'balanced': True, 'threshold': 0.4}",distilbert,logistic,,,2,4.826685190200806,0.2894333843797856,0.2019924982852547,0.280938067780173,0.4581818181818182,0.3192294461644306,2.554179566563468,5.53250773993808,"{'type': 'text', 'vectorizers': ['distilbert'], 'models': ['logistic'], 'balanced': True, 'threshold': 0.4}"
text,,"Tuning text | distilbert | logistic | {'balanced': True, 'threshold': 0.5}",distilbert,logistic,,,0,6.122565507888794,0.2557122022362664,0.1701321367908413,0.2459290709290709,0.3199513381995134,0.2726139601139601,2.6346153846153846,3.9583333333333335,"{'type': 'text', 'vectorizers': ['distilbert'], 'models': ['logistic'], 'balanced': True, 'threshold': 0.5}"
text,,"Tuning text | distilbert | logistic | {'balanced': True, 'threshold': 0.5}",distilbert,logistic,,,1,6.122565507888794,0.247011952191235,0.1620909839629508,0.2473472429210134,0.3002421307506053,0.2754098360655738,2.7081967213114755,3.875409836065574,"{'type': 'text', 'vectorizers': ['distilbert'], 'models': ['logistic'], 'balanced': True, 'threshold': 0.5}"
text,,"Tuning text | distilbert | logistic | {'balanced': True, 'threshold': 0.5}",distilbert,logistic,,,2,6.122565507888794,0.2466830466830467,0.1730775821955826,0.2304779327999142,0.3042424242424242,0.2636738906088751,2.554179566563468,3.746130030959753,"{'type': 'text', 'vectorizers': ['distilbert'], 'models': ['logistic'], 'balanced': True, 'threshold': 0.5}"
text,,"Tuning text | distilbert | logistic | {'balanced': False, 'threshold': 0.2}",distilbert,logistic,,,0,4.955296516418457,0.3328906595838867,0.170313207585814,0.3305339603416526,0.4574209245742092,0.2683404558404558,2.6346153846153846,4.605769230769231,"{'type': 'text', 'vectorizers': ['distilbert'], 'models': ['logistic'], 'balanced': False, 'threshold': 0.2}"
text,,"Tuning text | distilbert | logistic | {'balanced': False, 'threshold': 0.2}",distilbert,logistic,,,1,4.955296516418457,0.3290909090909091,0.1607544420799293,0.3297686466538925,0.4382566585956416,0.2688524590163934,2.7081967213114755,4.504918032786885,"{'type': 'text', 'vectorizers': ['distilbert'], 'models': ['logistic'], 'balanced': False, 'threshold': 0.2}"
text,,"Tuning text | distilbert | logistic | {'balanced': False, 'threshold': 0.2}",distilbert,logistic,,,2,4.955296516418457,0.3340526542943461,0.1997859013670238,0.3310654086195881,0.4690909090909091,0.2653938768489852,2.554179566563468,4.6191950464396285,"{'type': 'text', 'vectorizers': ['distilbert'], 'models': ['logistic'], 'balanced': False, 'threshold': 0.2}"
text,,"Tuning text | distilbert | logistic | {'balanced': False, 'threshold': 0.3}",distilbert,logistic,,,0,4.978955984115601,0.3034973325429757,0.1359937405129969,0.301027676027676,0.3114355231143552,0.2092236467236467,2.6346153846153846,2.7724358974358974,"{'type': 'text', 'vectorizers': ['distilbert'], 'models': ['logistic'], 'balanced': False, 'threshold': 0.3}"
text,,"Tuning text | distilbert | logistic | {'balanced': False, 'threshold': 0.3}",distilbert,logistic,,,1,4.978955984115601,0.301568154402895,0.1345137451234703,0.3041009627894873,0.3026634382566586,0.2109289617486338,2.7081967213114755,2.727868852459016,"{'type': 'text', 'vectorizers': ['distilbert'], 'models': ['logistic'], 'balanced': False, 'threshold': 0.3}"
text,,"Tuning text | distilbert | logistic | {'balanced': False, 'threshold': 0.3}",distilbert,logistic,,,2,4.978955984115601,0.3014492753623188,0.1565893859581805,0.2999635899016704,0.3151515151515151,0.2072583419332645,2.554179566563468,2.7863777089783284,"{'type': 'text', 'vectorizers': ['distilbert'], 'models': ['logistic'], 'balanced': False, 'threshold': 0.3}"
text,,"Tuning text | distilbert | logistic | {'balanced': False, 'threshold': 0.4}",distilbert,logistic,,,0,4.17393946647644,0.2542750929368029,0.0977554081179293,0.2496108058608059,0.2080291970802919,0.1785968660968661,2.6346153846153846,1.676282051282051,"{'type': 'text', 'vectorizers': ['distilbert'], 'models': ['logistic'], 'balanced': False, 'threshold': 0.4}"
text,,"Tuning text | distilbert | logistic | {'balanced': False, 'threshold': 0.4}",distilbert,logistic,,,1,4.17393946647644,0.2452687358062074,0.0898759969789722,0.238615664845173,0.1961259079903147,0.1816029143897996,2.7081967213114755,1.6229508196721312,"{'type': 'text', 'vectorizers': ['distilbert'], 'models': ['logistic'], 'balanced': False, 'threshold': 0.4}"
text,,"Tuning text | distilbert | logistic | {'balanced': False, 'threshold': 0.4}",distilbert,logistic,,,2,4.17393946647644,0.2337278106508875,0.0928800327397171,0.2240748931151407,0.1915151515151515,0.1781905744754042,2.554179566563468,1.631578947368421,"{'type': 'text', 'vectorizers': ['distilbert'], 'models': ['logistic'], 'balanced': False, 'threshold': 0.4}"
text,,"Tuning text | distilbert | logistic | {'balanced': False, 'threshold': 0.5}",distilbert,logistic,,,0,4.10061502456665,0.1839080459770115,0.0658605259884332,0.174587912087912,0.1265206812652068,0.1643518518518518,2.6346153846153846,0.9903846153846154,"{'type': 'text', 'vectorizers': ['distilbert'], 'models': ['logistic'], 'balanced': False, 'threshold': 0.5}"
text,,"Tuning text | distilbert | logistic | {'balanced': False, 'threshold': 0.5}",distilbert,logistic,,,1,4.10061502456665,0.2021466905187835,0.0735891533037695,0.1855893832943013,0.1368038740920097,0.1624772313296903,2.7081967213114755,0.9573770491803278,"{'type': 'text', 'vectorizers': ['distilbert'], 'models': ['logistic'], 'balanced': False, 'threshold': 0.5}"
text,,"Tuning text | distilbert | logistic | {'balanced': False, 'threshold': 0.5}",distilbert,logistic,,,2,4.10061502456665,0.1687388987566607,0.0676488534964741,0.1501842842400118,0.1151515151515151,0.1609907120743034,2.554179566563468,0.9318885448916407,"{'type': 'text', 'vectorizers': ['distilbert'], 'models': ['logistic'], 'balanced': False, 'threshold': 0.5}"
text,,"Tuning text | distilbert | svm | {'balanced': True, 'max_iter_svm': 3000}",distilbert,svm,,,0,66.05931997299194,0.2646744930629669,0.1675308598858834,0.2513659951159951,0.3017031630170316,0.2453703703703703,2.6346153846153846,3.371794871794872,"{'type': 'text', 'vectorizers': ['distilbert'], 'models': ['svm'], 'balanced': True, 'max_iter_svm': 3000}"
text,,"Tuning text | distilbert | svm | {'balanced': True, 'max_iter_svm': 3000}",distilbert,svm,,,1,66.05931997299194,0.2492949802594472,0.1456241193293935,0.2446760343481654,0.2675544794188862,0.2424408014571949,2.7081967213114755,3.1049180327868853,"{'type': 'text', 'vectorizers': ['distilbert'], 'models': ['svm'], 'balanced': True, 'max_iter_svm': 3000}"
text,,"Tuning text | distilbert | svm | {'balanced': True, 'max_iter_svm': 3000}",distilbert,svm,,,2,66.05931997299194,0.2606354334948842,0.1822905720545328,0.2428676414744526,0.2933333333333333,0.2361541107671138,2.554179566563468,3.195046439628483,"{'type': 'text', 'vectorizers': ['distilbert'], 'models': ['svm'], 'balanced': True, 'max_iter_svm': 3000}"
text,,"Tuning text | distilbert | svm | {'balanced': True, 'max_iter_svm': 5000}",distilbert,svm,,,0,70.45957064628601,0.2646744930629669,0.1675308598858834,0.2513659951159951,0.3017031630170316,0.2453703703703703,2.6346153846153846,3.371794871794872,"{'type': 'text', 'vectorizers': ['distilbert'], 'models': ['svm'], 'balanced': True, 'max_iter_svm': 5000}"
text,,"Tuning text | distilbert | svm | {'balanced': True, 'max_iter_svm': 5000}",distilbert,svm,,,1,70.45957064628601,0.2492949802594472,0.1456241193293935,0.2446760343481654,0.2675544794188862,0.2424408014571949,2.7081967213114755,3.1049180327868853,"{'type': 'text', 'vectorizers': ['distilbert'], 'models': ['svm'], 'balanced': True, 'max_iter_svm': 5000}"
text,,"Tuning text | distilbert | svm | {'balanced': True, 'max_iter_svm': 5000}",distilbert,svm,,,2,70.45957064628601,0.2606354334948842,0.1822905720545328,0.2428676414744526,0.2933333333333333,0.2361541107671138,2.554179566563468,3.195046439628483,"{'type': 'text', 'vectorizers': ['distilbert'], 'models': ['svm'], 'balanced': True, 'max_iter_svm': 5000}"
text,,"Tuning text | distilbert | svm | {'balanced': False, 'max_iter_svm': 3000}",distilbert,svm,,,0,44.80120015144348,0.2449511400651465,0.1293296846505209,0.234775641025641,0.2287104622871046,0.2063746438746438,2.6346153846153846,2.28525641025641,"{'type': 'text', 'vectorizers': ['distilbert'], 'models': ['svm'], 'balanced': False, 'max_iter_svm': 3000}"
text,,"Tuning text | distilbert | svm | {'balanced': False, 'max_iter_svm': 3000}",distilbert,svm,,,1,44.80120015144348,0.2358620689655172,0.1189006386864908,0.2258183710642727,0.2070217917675544,0.2018214936247723,2.7081967213114755,2.045901639344262,"{'type': 'text', 'vectorizers': ['distilbert'], 'models': ['svm'], 'balanced': False, 'max_iter_svm': 3000}"
text,,"Tuning text | distilbert | svm | {'balanced': False, 'max_iter_svm': 3000}",distilbert,svm,,,2,44.80120015144348,0.2343434343434343,0.1520802066502052,0.2110816256327091,0.2109090909090909,0.195562435500516,2.554179566563468,2.043343653250774,"{'type': 'text', 'vectorizers': ['distilbert'], 'models': ['svm'], 'balanced': False, 'max_iter_svm': 3000}"
text,,"Tuning text | distilbert | svm | {'balanced': False, 'max_iter_svm': 5000}",distilbert,svm,,,0,53.03904128074646,0.2449511400651465,0.1293296846505209,0.234775641025641,0.2287104622871046,0.2063746438746438,2.6346153846153846,2.28525641025641,"{'type': 'text', 'vectorizers': ['distilbert'], 'models': ['svm'], 'balanced': False, 'max_iter_svm': 5000}"
text,,"Tuning text | distilbert | svm | {'balanced': False, 'max_iter_svm': 5000}",distilbert,svm,,,1,53.03904128074646,0.2358620689655172,0.1189006386864908,0.2258183710642727,0.2070217917675544,0.2018214936247723,2.7081967213114755,2.045901639344262,"{'type': 'text', 'vectorizers': ['distilbert'], 'models': ['svm'], 'balanced': False, 'max_iter_svm': 5000}"
text,,"Tuning text | distilbert | svm | {'balanced': False, 'max_iter_svm': 5000}",distilbert,svm,,,2,53.03904128074646,0.2343434343434343,0.1520802066502052,0.2110816256327091,0.2109090909090909,0.195562435500516,2.554179566563468,2.043343653250774,"{'type': 'text', 'vectorizers': ['distilbert'], 'models': ['svm'], 'balanced': False, 'max_iter_svm': 5000}"
text,,"Tuning | {'balanced': True, 'threshold': 0.2}",distilbert,logistic,,,0,52.69621253013611,0.2947034857401539,0.2241736158678756,0.2886888794257597,0.7900485436893204,0.5334702961821606,2.5392912172573188,11.075500770416024,"{'type': 'text', 'vectorizers': ['distilbert'], 'models': ['logistic'], 'balanced': True, 'threshold': 0.2}"
text,,"Tuning | {'balanced': True, 'threshold': 0.2}",distilbert,logistic,,,1,52.69621253013611,0.2994677158065262,0.225627594884799,0.2930288262804534,0.7847180109157065,0.5296587926509186,2.5968503937007874,11.01259842519685,"{'type': 'text', 'vectorizers': ['distilbert'], 'models': ['logistic'], 'balanced': True, 'threshold': 0.2}"
text,,"Tuning | {'balanced': True, 'threshold': 0.2}",distilbert,logistic,,,2,52.69621253013611,0.3110901145624188,0.2311911883963762,0.3048017868029126,0.801094890510949,0.5168350168350169,2.6220095693779903,10.881977671451356,"{'type': 'text', 'vectorizers': ['distilbert'], 'models': ['logistic'], 'balanced': True, 'threshold': 0.2}"
text,,"Tuning | {'balanced': True, 'threshold': 0.3}",distilbert,logistic,,,0,9.346757650375366,0.2905396127969243,0.2131303241771128,0.2843675944487147,0.6419902912621359,0.4423043999315186,2.5392912172573188,8.682588597842836,"{'type': 'text', 'vectorizers': ['distilbert'], 'models': ['logistic'], 'balanced': True, 'threshold': 0.3}"
text,,"Tuning | {'balanced': True, 'threshold': 0.3}",distilbert,logistic,,,1,9.346757650375366,0.2995223377353189,0.2181717448139713,0.29466427350633,0.6464523953911462,0.4362204724409448,2.5968503937007874,8.61259842519685,"{'type': 'text', 'vectorizers': ['distilbert'], 'models': ['logistic'], 'balanced': True, 'threshold': 0.3}"
text,,"Tuning | {'balanced': True, 'threshold': 0.3}",distilbert,logistic,,,2,9.346757650375366,0.3104086572689734,0.2229216463286035,0.3036247232560207,0.6630170316301703,0.4291157185894028,2.6220095693779903,8.578947368421053,"{'type': 'text', 'vectorizers': ['distilbert'], 'models': ['logistic'], 'balanced': True, 'threshold': 0.3}"
text,,"Tuning | {'balanced': True, 'threshold': 0.4}",distilbert,logistic,,,0,7.935539484024048,0.2804709141274238,0.1987918768520809,0.2743315065348963,0.491504854368932,0.3557609998287964,2.5392912172573188,6.36055469953775,"{'type': 'text', 'vectorizers': ['distilbert'], 'models': ['logistic'], 'balanced': True, 'threshold': 0.4}"
text,,"Tuning | {'balanced': True, 'threshold': 0.4}",distilbert,logistic,,,1,7.935539484024048,0.2821052631578947,0.1982743734599206,0.2771737230398647,0.4875682231655548,0.358005249343832,2.5968503937007874,6.379527559055118,"{'type': 'text', 'vectorizers': ['distilbert'], 'models': ['logistic'], 'balanced': True, 'threshold': 0.4}"
text,,"Tuning | {'balanced': True, 'threshold': 0.4}",distilbert,logistic,,,2,7.935539484024048,0.2917630314890589,0.2031139995218539,0.285035441255537,0.4987834549878345,0.3527379053694843,2.6220095693779903,6.342902711323764,"{'type': 'text', 'vectorizers': ['distilbert'], 'models': ['logistic'], 'balanced': True, 'threshold': 0.4}"
text,,"Tuning | {'balanced': True, 'threshold': 0.5}",distilbert,logistic,,,0,8.315845251083374,0.2563305197689915,0.180435863785167,0.248683690902489,0.3501213592233009,0.2865947611710323,2.5392912172573188,4.397534668721109,"{'type': 'text', 'vectorizers': ['distilbert'], 'models': ['logistic'], 'balanced': True, 'threshold': 0.5}"
text,,"Tuning | {'balanced': True, 'threshold': 0.5}",distilbert,logistic,,,1,8.315845251083374,0.2450466864040082,0.171926038985844,0.2371013850541409,0.3262583383869011,0.2900262467191601,2.5968503937007874,4.318110236220472,"{'type': 'text', 'vectorizers': ['distilbert'], 'models': ['logistic'], 'balanced': True, 'threshold': 0.5}"
text,,"Tuning | {'balanced': True, 'threshold': 0.5}",distilbert,logistic,,,2,8.315845251083374,0.2683806946323861,0.1859708435310037,0.2631756866206626,0.3619221411192214,0.2874357611199716,2.6220095693779903,4.44976076555024,"{'type': 'text', 'vectorizers': ['distilbert'], 'models': ['logistic'], 'balanced': True, 'threshold': 0.5}"
text,,"Tuning | {'balanced': False, 'threshold': 0.2}",distilbert,logistic,,,0,5.870362043380737,0.3350694444444444,0.178121899510923,0.3295600735508285,0.4684466019417476,0.2622838555041945,2.5392912172573188,4.560862865947612,"{'type': 'text', 'vectorizers': ['distilbert'], 'models': ['logistic'], 'balanced': False, 'threshold': 0.2}"
text,,"Tuning | {'balanced': False, 'threshold': 0.2}",distilbert,logistic,,,1,5.870362043380737,0.3364567443887557,0.1713976685105615,0.3359984547386122,0.4681625227410552,0.2664041994750656,2.5968503937007874,4.62992125984252,"{'type': 'text', 'vectorizers': ['distilbert'], 'models': ['logistic'], 'balanced': False, 'threshold': 0.2}"
text,,"Tuning | {'balanced': False, 'threshold': 0.2}",distilbert,logistic,,,2,5.870362043380737,0.3445990722332671,0.1797460012198675,0.3377365147700075,0.4744525547445255,0.2628920786815523,2.6220095693779903,4.598086124401914,"{'type': 'text', 'vectorizers': ['distilbert'], 'models': ['logistic'], 'balanced': False, 'threshold': 0.2}"
text,,"Tuning | {'balanced': False, 'threshold': 0.3}",distilbert,logistic,,,0,6.023343086242676,0.3036992840095465,0.1225057644356241,0.3028603223518477,0.3088592233009709,0.1997945557267591,2.5392912172573188,2.62557781201849,"{'type': 'text', 'vectorizers': ['distilbert'], 'models': ['logistic'], 'balanced': False, 'threshold': 0.3}"
text,,"Tuning | {'balanced': False, 'threshold': 0.3}",distilbert,logistic,,,1,6.023343086242676,0.3043742405832321,0.1272567086549755,0.3040294963129609,0.3038204972710733,0.200349956255468,2.5968503937007874,2.58740157480315,"{'type': 'text', 'vectorizers': ['distilbert'], 'models': ['logistic'], 'balanced': False, 'threshold': 0.3}"
text,,"Tuning | {'balanced': False, 'threshold': 0.3}",distilbert,logistic,,,2,6.023343086242676,0.318154219793564,0.1354003543591872,0.3111706032758664,0.3187347931873479,0.1990076200602516,2.6220095693779903,2.631578947368421,"{'type': 'text', 'vectorizers': ['distilbert'], 'models': ['logistic'], 'balanced': False, 'threshold': 0.3}"
text,,"Tuning | {'balanced': False, 'threshold': 0.4}",distilbert,logistic,,,0,5.990729331970215,0.2470543519574306,0.0867583351496982,0.2413285396336244,0.1972087378640776,0.1695771272042458,2.5392912172573188,1.5146379044684128,"{'type': 'text', 'vectorizers': ['distilbert'], 'models': ['logistic'], 'balanced': False, 'threshold': 0.4}"
text,,"Tuning | {'balanced': False, 'threshold': 0.4}",distilbert,logistic,,,1,5.990729331970215,0.2424716464606961,0.0900204883248704,0.2328208973878265,0.1879927228623408,0.1694663167104112,2.5968503937007874,1.4299212598425195,"{'type': 'text', 'vectorizers': ['distilbert'], 'models': ['logistic'], 'balanced': False, 'threshold': 0.4}"
text,,"Tuning | {'balanced': False, 'threshold': 0.4}",distilbert,logistic,,,2,5.990729331970215,0.2561349693251534,0.0923072406797734,0.2536669957722589,0.2031630170316301,0.1718943824206982,2.6220095693779903,1.5374800637958532,"{'type': 'text', 'vectorizers': ['distilbert'], 'models': ['logistic'], 'balanced': False, 'threshold': 0.4}"
text,,"Tuning | {'balanced': False, 'threshold': 0.5}",distilbert,logistic,,,0,7.666397333145142,0.1787658802177858,0.0613733989361909,0.1657910827402352,0.1195388349514563,0.1549392227358329,2.5392912172573188,0.8567026194144838,"{'type': 'text', 'vectorizers': ['distilbert'], 'models': ['logistic'], 'balanced': False, 'threshold': 0.5}"
text,,"Tuning | {'balanced': False, 'threshold': 0.5}",distilbert,logistic,,,1,7.666397333145142,0.1752433936022253,0.0607578281812839,0.1592950881139857,0.1146149181322013,0.1556430446194225,2.5968503937007874,0.8,"{'type': 'text', 'vectorizers': ['distilbert'], 'models': ['logistic'], 'balanced': False, 'threshold': 0.5}"
text,,"Tuning | {'balanced': False, 'threshold': 0.5}",distilbert,logistic,,,2,7.666397333145142,0.1905200184077312,0.0628042895024566,0.1837472469051416,0.1259124087591241,0.1558568137515505,2.6220095693779903,0.8437001594896332,"{'type': 'text', 'vectorizers': ['distilbert'], 'models': ['logistic'], 'balanced': False, 'threshold': 0.5}"
text,,"Tuning | {'balanced': True, 'max_iter_svm': 3000}",distilbert,svm,,,0,36.45447564125061,0.2464736451373422,0.1626404488194789,0.2376600030683235,0.3021844660194174,0.2606574216743708,2.5392912172573188,3.687211093990755,"{'type': 'text', 'vectorizers': ['distilbert'], 'models': ['svm'], 'balanced': True, 'max_iter_svm': 3000}"
text,,"Tuning | {'balanced': True, 'max_iter_svm': 3000}",distilbert,svm,,,1,36.45447564125061,0.2535908865775136,0.1625293908670848,0.2449921644409833,0.3104912067919951,0.2636920384951881,2.5968503937007874,3.762204724409449,"{'type': 'text', 'vectorizers': ['distilbert'], 'models': ['svm'], 'balanced': True, 'max_iter_svm': 3000}"
text,,"Tuning | {'balanced': True, 'max_iter_svm': 3000}",distilbert,svm,,,2,36.45447564125061,0.2675222112537019,0.1700799253352185,0.2579455986154551,0.3296836982968369,0.2629806840333156,2.6220095693779903,3.840510366826156,"{'type': 'text', 'vectorizers': ['distilbert'], 'models': ['svm'], 'balanced': True, 'max_iter_svm': 3000}"
text,,"Tuning | {'balanced': True, 'max_iter_svm': 5000}",distilbert,svm,,,0,34.92696833610535,0.2464736451373422,0.1626404488194789,0.2376600030683235,0.3021844660194174,0.2606574216743708,2.5392912172573188,3.687211093990755,"{'type': 'text', 'vectorizers': ['distilbert'], 'models': ['svm'], 'balanced': True, 'max_iter_svm': 5000}"
text,,"Tuning | {'balanced': True, 'max_iter_svm': 5000}",distilbert,svm,,,1,34.92696833610535,0.2535908865775136,0.1625293908670848,0.2449921644409833,0.3104912067919951,0.2636920384951881,2.5968503937007874,3.762204724409449,"{'type': 'text', 'vectorizers': ['distilbert'], 'models': ['svm'], 'balanced': True, 'max_iter_svm': 5000}"
text,,"Tuning | {'balanced': True, 'max_iter_svm': 5000}",distilbert,svm,,,2,34.92696833610535,0.2675222112537019,0.1700799253352185,0.2579455986154551,0.3296836982968369,0.2629806840333156,2.6220095693779903,3.840510366826156,"{'type': 'text', 'vectorizers': ['distilbert'], 'models': ['svm'], 'balanced': True, 'max_iter_svm': 5000}"
text,,"Tuning | {'balanced': False, 'max_iter_svm': 3000}",distilbert,svm,,,0,28.68507194519043,0.2280453257790368,0.1181408168218424,0.2140790471298946,0.1953883495145631,0.1866118815271357,2.5392912172573188,1.812018489984592,"{'type': 'text', 'vectorizers': ['distilbert'], 'models': ['svm'], 'balanced': False, 'max_iter_svm': 3000}"
text,,"Tuning | {'balanced': False, 'max_iter_svm': 3000}",distilbert,svm,,,1,28.68507194519043,0.2160056657223796,0.1087860290016787,0.2037720284964379,0.1849605821710127,0.1937007874015748,2.5968503937007874,1.8503937007874016,"{'type': 'text', 'vectorizers': ['distilbert'], 'models': ['svm'], 'balanced': False, 'max_iter_svm': 3000}"
text,,"Tuning | {'balanced': False, 'max_iter_svm': 3000}",distilbert,svm,,,2,28.68507194519043,0.2324762240225431,0.1172994172579941,0.2205918837497784,0.2007299270072992,0.1930710614921141,2.6220095693779903,1.905901116427432,"{'type': 'text', 'vectorizers': ['distilbert'], 'models': ['svm'], 'balanced': False, 'max_iter_svm': 3000}"
text,,"Tuning | {'balanced': False, 'max_iter_svm': 5000}",distilbert,svm,,,0,27.122801065444943,0.2280453257790368,0.1181408168218424,0.2140790471298946,0.1953883495145631,0.1866118815271357,2.5392912172573188,1.812018489984592,"{'type': 'text', 'vectorizers': ['distilbert'], 'models': ['svm'], 'balanced': False, 'max_iter_svm': 5000}"
text,,"Tuning | {'balanced': False, 'max_iter_svm': 5000}",distilbert,svm,,,1,27.122801065444943,0.2160056657223796,0.1087860290016787,0.2037720284964379,0.1849605821710127,0.1937007874015748,2.5968503937007874,1.8503937007874016,"{'type': 'text', 'vectorizers': ['distilbert'], 'models': ['svm'], 'balanced': False, 'max_iter_svm': 5000}"
text,,"Tuning | {'balanced': False, 'max_iter_svm': 5000}",distilbert,svm,,,2,27.122801065444943,0.2324762240225431,0.1172994172579941,0.2205918837497784,0.2007299270072992,0.1930710614921141,2.6220095693779903,1.905901116427432,"{'type': 'text', 'vectorizers': ['distilbert'], 'models': ['svm'], 'balanced': False, 'max_iter_svm': 5000}"
text,,"Tuning | {'balanced': True, 'n_estimators': 100, 'max_depth': 3, 'max_features_rf': 'sqrt'}",distilbert,random_forest,,,0,36.91669511795044,0.2399143163156015,0.1234291484661355,0.2327989336463912,0.203883495145631,0.182246190720767,2.5392912172573188,1.7765793528505394,"{'type': 'text', 'vectorizers': ['distilbert'], 'models': ['random_forest'], 'balanced': True, 'n_estimators': 100, 'max_depth': 3, 'max_features_rf': 'sqrt'}"
text,,"Tuning | {'balanced': True, 'n_estimators': 100, 'max_depth': 3, 'max_features_rf': 'sqrt'}",distilbert,random_forest,,,1,36.91669511795044,0.2338530066815144,0.1222436841027341,0.2237882764654418,0.1910248635536688,0.1805774278215223,2.5968503937007874,1.6456692913385826,"{'type': 'text', 'vectorizers': ['distilbert'], 'models': ['random_forest'], 'balanced': True, 'n_estimators': 100, 'max_depth': 3, 'max_features_rf': 'sqrt'}"
text,,"Tuning | {'balanced': True, 'n_estimators': 100, 'max_depth': 3, 'max_features_rf': 'sqrt'}",distilbert,random_forest,,,2,36.91669511795044,0.2212189616252821,0.1051384457836008,0.2050631629578997,0.1788321167883211,0.1834130781499202,2.6220095693779903,1.6172248803827751,"{'type': 'text', 'vectorizers': ['distilbert'], 'models': ['random_forest'], 'balanced': True, 'n_estimators': 100, 'max_depth': 3, 'max_features_rf': 'sqrt'}"
text,,"Tuning | {'balanced': True, 'threshold': 0.2}",distilbert,logistic,,,0,24.63695502281189,0.2945035059941189,0.2240196525292147,0.2885475894539612,0.7900485436893204,0.5339839068652628,2.5392912172573188,11.084745762711863,"{'type': 'text', 'vectorizers': ['distilbert'], 'models': ['logistic'], 'balanced': True, 'threshold': 0.2}"
text,,"Tuning | {'balanced': True, 'threshold': 0.2}",distilbert,logistic,,,1,24.63695502281189,0.2993984266543267,0.2256139147157461,0.2930888036146318,0.7847180109157065,0.5298337707786527,2.5968503937007874,11.015748031496065,"{'type': 'text', 'vectorizers': ['distilbert'], 'models': ['logistic'], 'balanced': True, 'threshold': 0.2}"
text,,"Tuning | {'balanced': True, 'threshold': 0.2}",distilbert,logistic,,,2,24.63695502281189,0.3110166489550124,0.2311448806832217,0.3048059364200653,0.801094890510949,0.5170122275385434,2.6220095693779903,10.885167464114833,"{'type': 'text', 'vectorizers': ['distilbert'], 'models': ['logistic'], 'balanced': True, 'threshold': 0.2}"
text,,"Tuning | {'balanced': True, 'threshold': 0.3}",distilbert,logistic,,,0,8.057170391082764,0.2902562696998766,0.2129407347545819,0.2839653002867903,0.6425970873786407,0.4433316212977229,2.5392912172573188,8.704160246533128,"{'type': 'text', 'vectorizers': ['distilbert'], 'models': ['logistic'], 'balanced': True, 'threshold': 0.3}"
text,,"Tuning | {'balanced': True, 'threshold': 0.3}",distilbert,logistic,,,1,8.057170391082764,0.2993120876035378,0.2181139619563589,0.2945062687813962,0.6464523953911462,0.4366579177602799,2.5968503937007874,8.620472440944882,"{'type': 'text', 'vectorizers': ['distilbert'], 'models': ['logistic'], 'balanced': True, 'threshold': 0.3}"
text,,"Tuning | {'balanced': True, 'threshold': 0.3}",distilbert,logistic,,,2,8.057170391082764,0.3104970801880074,0.2229837771239563,0.3036450113145862,0.6630170316301703,0.4289385078858763,2.6220095693779903,8.575757575757576,"{'type': 'text', 'vectorizers': ['distilbert'], 'models': ['logistic'], 'balanced': True, 'threshold': 0.3}"
text,,"Tuning | {'balanced': True, 'threshold': 0.4}",distilbert,logistic,,,0,8.006169557571411,0.2805257696298858,0.1988755095247424,0.2744222221880157,0.4921116504854368,0.3561034069508645,2.5392912172573188,6.36979969183359,"{'type': 'text', 'vectorizers': ['distilbert'], 'models': ['logistic'], 'balanced': True, 'threshold': 0.4}"
text,,"Tuning | {'balanced': True, 'threshold': 0.4}",distilbert,logistic,,,1,8.006169557571411,0.2821052631578947,0.198143904058261,0.2773615841726078,0.4875682231655548,0.358005249343832,2.5968503937007874,6.379527559055118,"{'type': 'text', 'vectorizers': ['distilbert'], 'models': ['logistic'], 'balanced': True, 'threshold': 0.4}"
text,,"Tuning | {'balanced': True, 'threshold': 0.4}",distilbert,logistic,,,2,8.006169557571411,0.2916073968705547,0.2030170223109971,0.2850400441309532,0.4987834549878345,0.353003721424774,2.6220095693779903,6.347687400318979,"{'type': 'text', 'vectorizers': ['distilbert'], 'models': ['logistic'], 'balanced': True, 'threshold': 0.4}"
text,,"Tuning | {'balanced': True, 'threshold': 0.5}",distilbert,logistic,,,0,8.000237941741943,0.256,0.1801027771791103,0.2485317199492854,0.3495145631067961,0.2865947611710323,2.5392912172573188,4.3944530046224966,"{'type': 'text', 'vectorizers': ['distilbert'], 'models': ['logistic'], 'balanced': True, 'threshold': 0.5}"
text,,"Tuning | {'balanced': True, 'threshold': 0.5}",distilbert,logistic,,,1,8.000237941741943,0.2449351240610061,0.17158721636667,0.2371213825544534,0.3262583383869011,0.2902012248468941,2.5968503937007874,4.321259842519685,"{'type': 'text', 'vectorizers': ['distilbert'], 'models': ['logistic'], 'balanced': True, 'threshold': 0.5}"
text,,"Tuning | {'balanced': True, 'threshold': 0.5}",distilbert,logistic,,,2,8.000237941741943,0.2685018050541516,0.1859306962397976,0.2631184958936155,0.3619221411192214,0.2872585504164451,2.6220095693779903,4.446570972886763,"{'type': 'text', 'vectorizers': ['distilbert'], 'models': ['logistic'], 'balanced': True, 'threshold': 0.5}"
text,,"Tuning | {'balanced': False, 'threshold': 0.2}",distilbert,logistic,,,0,6.121170997619629,0.3349967454979388,0.1780883999967627,0.3294830319483632,0.4684466019417476,0.2623694572847115,2.5392912172573188,4.562403697996919,"{'type': 'text', 'vectorizers': ['distilbert'], 'models': ['logistic'], 'balanced': False, 'threshold': 0.2}"
text,,"Tuning | {'balanced': False, 'threshold': 0.2}",distilbert,logistic,,,1,6.121170997619629,0.3368925691871867,0.1715926002844406,0.3365458863096658,0.4687689508793208,0.2662292213473315,2.5968503937007874,4.62992125984252,"{'type': 'text', 'vectorizers': ['distilbert'], 'models': ['logistic'], 'balanced': False, 'threshold': 0.2}"
text,,"Tuning | {'balanced': False, 'threshold': 0.2}",distilbert,logistic,,,2,6.121170997619629,0.3445990722332671,0.1797460012198675,0.3377365147700075,0.4744525547445255,0.2628920786815523,2.6220095693779903,4.598086124401914,"{'type': 'text', 'vectorizers': ['distilbert'], 'models': ['logistic'], 'balanced': False, 'threshold': 0.2}"
text,,"Tuning | {'balanced': False, 'threshold': 0.3}",distilbert,logistic,,,0,6.135444164276123,0.3042959427207637,0.1231230483862413,0.3032271871254922,0.3094660194174757,0.199623352165725,2.5392912172573188,2.62557781201849,"{'type': 'text', 'vectorizers': ['distilbert'], 'models': ['logistic'], 'balanced': False, 'threshold': 0.3}"
text,,"Tuning | {'balanced': False, 'threshold': 0.3}",distilbert,logistic,,,1,6.135444164276123,0.3044667274384685,0.1273028648342988,0.3041344831896013,0.3038204972710733,0.200262467191601,2.5968503937007874,2.5858267716535432,"{'type': 'text', 'vectorizers': ['distilbert'], 'models': ['logistic'], 'balanced': False, 'threshold': 0.3}"
text,,"Tuning | {'balanced': False, 'threshold': 0.3}",distilbert,logistic,,,2,6.135444164276123,0.318154219793564,0.1354003543591872,0.3111706032758664,0.3187347931873479,0.1990076200602516,2.6220095693779903,2.631578947368421,"{'type': 'text', 'vectorizers': ['distilbert'], 'models': ['logistic'], 'balanced': False, 'threshold': 0.3}"
text,,"Tuning | {'balanced': False, 'threshold': 0.4}",distilbert,logistic,,,0,6.199403762817383,0.2470543519574306,0.0867256885754015,0.2415853449751754,0.1972087378640776,0.1695771272042458,2.5392912172573188,1.5146379044684128,"{'type': 'text', 'vectorizers': ['distilbert'], 'models': ['logistic'], 'balanced': False, 'threshold': 0.4}"
text,,"Tuning | {'balanced': False, 'threshold': 0.4}",distilbert,logistic,,,1,6.199403762817383,0.2428738773916439,0.0901950945930283,0.2332408448943881,0.1885991510006064,0.1696412948381452,2.5968503937007874,1.4362204724409449,"{'type': 'text', 'vectorizers': ['distilbert'], 'models': ['logistic'], 'balanced': False, 'threshold': 0.4}"
text,,"Tuning | {'balanced': False, 'threshold': 0.4}",distilbert,logistic,,,2,6.199403762817383,0.2561349693251534,0.0923072406797734,0.2536669957722589,0.2031630170316301,0.1718943824206982,2.6220095693779903,1.5374800637958532,"{'type': 'text', 'vectorizers': ['distilbert'], 'models': ['logistic'], 'balanced': False, 'threshold': 0.4}"
text,,"Tuning | {'balanced': False, 'threshold': 0.5}",distilbert,logistic,,,0,6.198501825332642,0.1786848072562358,0.0613652121463949,0.1657910827402352,0.1195388349514563,0.1550248245163499,2.5392912172573188,0.8582434514637904,"{'type': 'text', 'vectorizers': ['distilbert'], 'models': ['logistic'], 'balanced': False, 'threshold': 0.5}"
text,,"Tuning | {'balanced': False, 'threshold': 0.5}",distilbert,logistic,,,1,6.198501825332642,0.1743970315398886,0.0603117886831503,0.1585076865391826,0.1140084899939357,0.1557305336832896,2.5968503937007874,0.7984251968503937,"{'type': 'text', 'vectorizers': ['distilbert'], 'models': ['logistic'], 'balanced': False, 'threshold': 0.5}"
text,,"Tuning | {'balanced': False, 'threshold': 0.5}",distilbert,logistic,,,2,6.198501825332642,0.1905200184077312,0.0628042895024566,0.1837472469051416,0.1259124087591241,0.1558568137515505,2.6220095693779903,0.8437001594896332,"{'type': 'text', 'vectorizers': ['distilbert'], 'models': ['logistic'], 'balanced': False, 'threshold': 0.5}"
text,,"Tuning | {'balanced': True, 'max_iter_svm': 3000}",distilbert,svm,,,0,29.869759798049927,0.2464736451373422,0.1626404488194789,0.2376600030683235,0.3021844660194174,0.2606574216743708,2.5392912172573188,3.687211093990755,"{'type': 'text', 'vectorizers': ['distilbert'], 'models': ['svm'], 'balanced': True, 'max_iter_svm': 3000}"
text,,"Tuning | {'balanced': True, 'max_iter_svm': 3000}",distilbert,svm,,,1,29.869759798049927,0.2540232730873978,0.1626789407734357,0.2457795660157865,0.3110976349302607,0.2636045494313211,2.5968503937007874,3.763779527559055,"{'type': 'text', 'vectorizers': ['distilbert'], 'models': ['svm'], 'balanced': True, 'max_iter_svm': 3000}"
text,,"Tuning | {'balanced': True, 'max_iter_svm': 3000}",distilbert,svm,,,2,29.869759798049927,0.2675222112537019,0.1700799253352185,0.2579455986154551,0.3296836982968369,0.2629806840333156,2.6220095693779903,3.840510366826156,"{'type': 'text', 'vectorizers': ['distilbert'], 'models': ['svm'], 'balanced': True, 'max_iter_svm': 3000}"
text,,"Tuning | {'balanced': True, 'max_iter_svm': 5000}",distilbert,svm,,,0,29.738603591918945,0.2464736451373422,0.1626404488194789,0.2376600030683235,0.3021844660194174,0.2606574216743708,2.5392912172573188,3.687211093990755,"{'type': 'text', 'vectorizers': ['distilbert'], 'models': ['svm'], 'balanced': True, 'max_iter_svm': 5000}"
text,,"Tuning | {'balanced': True, 'max_iter_svm': 5000}",distilbert,svm,,,1,29.738603591918945,0.2540232730873978,0.1626789407734357,0.2457795660157865,0.3110976349302607,0.2636045494313211,2.5968503937007874,3.763779527559055,"{'type': 'text', 'vectorizers': ['distilbert'], 'models': ['svm'], 'balanced': True, 'max_iter_svm': 5000}"
text,,"Tuning | {'balanced': True, 'max_iter_svm': 5000}",distilbert,svm,,,2,29.738603591918945,0.2675222112537019,0.1700799253352185,0.2579455986154551,0.3296836982968369,0.2629806840333156,2.6220095693779903,3.840510366826156,"{'type': 'text', 'vectorizers': ['distilbert'], 'models': ['svm'], 'balanced': True, 'max_iter_svm': 5000}"
text,,"Tuning | {'balanced': False, 'max_iter_svm': 3000}",distilbert,svm,,,0,23.0354871749878,0.2280453257790368,0.1181408168218424,0.2140790471298946,0.1953883495145631,0.1866118815271357,2.5392912172573188,1.812018489984592,"{'type': 'text', 'vectorizers': ['distilbert'], 'models': ['svm'], 'balanced': False, 'max_iter_svm': 3000}"
text,,"Tuning | {'balanced': False, 'max_iter_svm': 3000}",distilbert,svm,,,1,23.0354871749878,0.2160821820758058,0.1088374164631381,0.2038282714660667,0.1849605821710127,0.1936132983377078,2.5968503937007874,1.8488188976377955,"{'type': 'text', 'vectorizers': ['distilbert'], 'models': ['svm'], 'balanced': False, 'max_iter_svm': 3000}"
text,,"Tuning | {'balanced': False, 'max_iter_svm': 3000}",distilbert,svm,,,2,23.0354871749878,0.2317717506164142,0.1166011783445846,0.2199539252170831,0.2001216545012165,0.1932482721956406,2.6220095693779903,1.905901116427432,"{'type': 'text', 'vectorizers': ['distilbert'], 'models': ['svm'], 'balanced': False, 'max_iter_svm': 3000}"
text,,"Tuning | {'balanced': False, 'max_iter_svm': 5000}",distilbert,svm,,,0,23.09438419342041,0.2280453257790368,0.1181408168218424,0.2140790471298946,0.1953883495145631,0.1866118815271357,2.5392912172573188,1.812018489984592,"{'type': 'text', 'vectorizers': ['distilbert'], 'models': ['svm'], 'balanced': False, 'max_iter_svm': 5000}"
text,,"Tuning | {'balanced': False, 'max_iter_svm': 5000}",distilbert,svm,,,1,23.09438419342041,0.2160821820758058,0.1088374164631381,0.2038282714660667,0.1849605821710127,0.1936132983377078,2.5968503937007874,1.8488188976377955,"{'type': 'text', 'vectorizers': ['distilbert'], 'models': ['svm'], 'balanced': False, 'max_iter_svm': 5000}"
text,,"Tuning | {'balanced': False, 'max_iter_svm': 5000}",distilbert,svm,,,2,23.09438419342041,0.2317717506164142,0.1166011783445846,0.2199539252170831,0.2001216545012165,0.1932482721956406,2.6220095693779903,1.905901116427432,"{'type': 'text', 'vectorizers': ['distilbert'], 'models': ['svm'], 'balanced': False, 'max_iter_svm': 5000}"
text,,"Tuning | {'balanced': True, 'n_estimators': 100, 'max_depth': 3, 'max_features_rf': 'sqrt'}",distilbert,random_forest,,,0,21.91446566581726,0.2399143163156015,0.1234291484661355,0.2327989336463912,0.203883495145631,0.182246190720767,2.5392912172573188,1.7765793528505394,"{'type': 'text', 'vectorizers': ['distilbert'], 'models': ['random_forest'], 'balanced': True, 'n_estimators': 100, 'max_depth': 3, 'max_features_rf': 'sqrt'}"
text,,"Tuning | {'balanced': True, 'n_estimators': 100, 'max_depth': 3, 'max_features_rf': 'sqrt'}",distilbert,random_forest,,,1,21.91446566581726,0.2338530066815144,0.1222436841027341,0.2237882764654418,0.1910248635536688,0.1805774278215223,2.5968503937007874,1.6456692913385826,"{'type': 'text', 'vectorizers': ['distilbert'], 'models': ['random_forest'], 'balanced': True, 'n_estimators': 100, 'max_depth': 3, 'max_features_rf': 'sqrt'}"
text,,"Tuning | {'balanced': True, 'n_estimators': 100, 'max_depth': 3, 'max_features_rf': 'sqrt'}",distilbert,random_forest,,,2,21.91446566581726,0.2212189616252821,0.1051384457836008,0.2050631629578997,0.1788321167883211,0.1834130781499202,2.6220095693779903,1.6172248803827751,"{'type': 'text', 'vectorizers': ['distilbert'], 'models': ['random_forest'], 'balanced': True, 'n_estimators': 100, 'max_depth': 3, 'max_features_rf': 'sqrt'}"
text,,"Tuning | {'balanced': True, 'n_estimators': 100, 'max_depth': 3, 'max_features_rf': 0.8}",distilbert,random_forest,,,0,43.26621079444885,0.2393655371304974,0.1242842359441748,0.2251926040061633,0.2014563106796116,0.1806197568909433,2.5392912172573188,1.7349768875192604,"{'type': 'text', 'vectorizers': ['distilbert'], 'models': ['random_forest'], 'balanced': True, 'n_estimators': 100, 'max_depth': 3, 'max_features_rf': 0.8}"
text,,"Tuning | {'balanced': True, 'n_estimators': 100, 'max_depth': 3, 'max_features_rf': 0.8}",distilbert,random_forest,,,1,43.26621079444885,0.2294356326078937,0.1130809583736261,0.220023747031621,0.1885991510006064,0.1827646544181977,2.5968503937007874,1.6724409448818898,"{'type': 'text', 'vectorizers': ['distilbert'], 'models': ['random_forest'], 'balanced': True, 'n_estimators': 100, 'max_depth': 3, 'max_features_rf': 0.8}"
text,,"Tuning | {'balanced': True, 'n_estimators': 100, 'max_depth': 3, 'max_features_rf': 0.8}",distilbert,random_forest,,,2,43.26621079444885,0.233900814211695,0.1182105838606427,0.2175187739781041,0.1922141119221411,0.1834130781499202,2.6220095693779903,1.6874003189792663,"{'type': 'text', 'vectorizers': ['distilbert'], 'models': ['random_forest'], 'balanced': True, 'n_estimators': 100, 'max_depth': 3, 'max_features_rf': 0.8}"
text,,"Tuning | {'balanced': True, 'n_estimators': 100, 'max_depth': 5, 'max_features_rf': 'sqrt'}",distilbert,random_forest,,,0,21.962548971176147,0.1633036133270765,0.0494519027651092,0.1570731528358646,0.1055825242718446,0.1526279746618729,2.5392912172573188,0.7442218798151001,"{'type': 'text', 'vectorizers': ['distilbert'], 'models': ['random_forest'], 'balanced': True, 'n_estimators': 100, 'max_depth': 5, 'max_features_rf': 'sqrt'}"
text,,"Tuning | {'balanced': True, 'n_estimators': 100, 'max_depth': 5, 'max_features_rf': 'sqrt'}",distilbert,random_forest,,,1,21.962548971176147,0.1733889661566991,0.0624462197211725,0.1554143232095987,0.1134020618556701,0.1559930008748906,2.5968503937007874,0.8,"{'type': 'text', 'vectorizers': ['distilbert'], 'models': ['random_forest'], 'balanced': True, 'n_estimators': 100, 'max_depth': 5, 'max_features_rf': 'sqrt'}"
text,,"Tuning | {'balanced': True, 'n_estimators': 100, 'max_depth': 5, 'max_features_rf': 'sqrt'}",distilbert,random_forest,,,2,21.962548971176147,0.1653282947567312,0.053056061125445,0.151386040859725,0.1064476885644768,0.1565656565656565,2.6220095693779903,0.7543859649122807,"{'type': 'text', 'vectorizers': ['distilbert'], 'models': ['random_forest'], 'balanced': True, 'n_estimators': 100, 'max_depth': 5, 'max_features_rf': 'sqrt'}"
text,,"Tuning | {'balanced': True, 'n_estimators': 100, 'max_depth': 5, 'max_features_rf': 0.8}",distilbert,random_forest,,,0,55.82502746582031,0.1727019498607242,0.0575219838963158,0.1620221586323281,0.1128640776699029,0.1525423728813559,2.5392912172573188,0.7796610169491526,"{'type': 'text', 'vectorizers': ['distilbert'], 'models': ['random_forest'], 'balanced': True, 'n_estimators': 100, 'max_depth': 5, 'max_features_rf': 0.8}"
text,,"Tuning | {'balanced': True, 'n_estimators': 100, 'max_depth': 5, 'max_features_rf': 0.8}",distilbert,random_forest,,,1,55.82502746582031,0.1705937794533459,0.0604234022857074,0.1562617172853393,0.1097634930260764,0.1539807524059492,2.5968503937007874,0.7448818897637796,"{'type': 'text', 'vectorizers': ['distilbert'], 'models': ['random_forest'], 'balanced': True, 'n_estimators': 100, 'max_depth': 5, 'max_features_rf': 0.8}"
text,,"Tuning | {'balanced': True, 'n_estimators': 100, 'max_depth': 5, 'max_features_rf': 0.8}",distilbert,random_forest,,,2,55.82502746582031,0.1679389312977099,0.05956005394002,0.1501886028201817,0.1070559610705596,0.1545277334751019,2.6220095693779903,0.7208931419457735,"{'type': 'text', 'vectorizers': ['distilbert'], 'models': ['random_forest'], 'balanced': True, 'n_estimators': 100, 'max_depth': 5, 'max_features_rf': 0.8}"
text,,"Tuning | {'balanced': True, 'n_estimators': 200, 'max_depth': 3, 'max_features_rf': 'sqrt'}",distilbert,random_forest,,,0,35.85758018493652,0.2318404215280391,0.111419133631583,0.2276530437547386,0.1868932038834951,0.1747132340352679,2.5392912172573188,1.5546995377503852,"{'type': 'text', 'vectorizers': ['distilbert'], 'models': ['random_forest'], 'balanced': True, 'n_estimators': 200, 'max_depth': 3, 'max_features_rf': 'sqrt'}"
text,,"Tuning | {'balanced': True, 'n_estimators': 200, 'max_depth': 3, 'max_features_rf': 'sqrt'}",distilbert,random_forest,,,1,35.85758018493652,0.2300194931773879,0.1046713910192161,0.2230983627046619,0.1788963007883565,0.1727909011373578,2.5968503937007874,1.44251968503937,"{'type': 'text', 'vectorizers': ['distilbert'], 'models': ['random_forest'], 'balanced': True, 'n_estimators': 200, 'max_depth': 3, 'max_features_rf': 'sqrt'}"
text,,"Tuning | {'balanced': True, 'n_estimators': 200, 'max_depth': 3, 'max_features_rf': 'sqrt'}",distilbert,random_forest,,,2,35.85758018493652,0.2291748142354321,0.1115733639701789,0.2120275436064909,0.1782238442822384,0.1746411483253588,2.6220095693779903,1.456140350877193,"{'type': 'text', 'vectorizers': ['distilbert'], 'models': ['random_forest'], 'balanced': True, 'n_estimators': 200, 'max_depth': 3, 'max_features_rf': 'sqrt'}"
text,,"Tuning | {'balanced': True, 'n_estimators': 200, 'max_depth': 3, 'max_features_rf': 0.8}",distilbert,random_forest,,,0,75.13976669311523,0.2277039848197343,0.115073939145385,0.2205505417369824,0.1820388349514563,0.1741996233521657,2.5392912172573188,1.5208012326656395,"{'type': 'text', 'vectorizers': ['distilbert'], 'models': ['random_forest'], 'balanced': True, 'n_estimators': 200, 'max_depth': 3, 'max_features_rf': 0.8}"
text,,"Tuning | {'balanced': True, 'n_estimators': 200, 'max_depth': 3, 'max_features_rf': 0.8}",distilbert,random_forest,,,1,75.13976669311523,0.2174242424242424,0.0983675168093279,0.205639295088114,0.1740448756822316,0.1807524059492563,2.5968503937007874,1.5606299212598425,"{'type': 'text', 'vectorizers': ['distilbert'], 'models': ['random_forest'], 'balanced': True, 'n_estimators': 200, 'max_depth': 3, 'max_features_rf': 0.8}"
text,,"Tuning | {'balanced': True, 'n_estimators': 200, 'max_depth': 3, 'max_features_rf': 0.8}",distilbert,random_forest,,,2,75.13976669311523,0.2246596066565809,0.1120568881355193,0.2069884306726412,0.1806569343065693,0.1816409711146553,2.6220095693779903,1.594896331738437,"{'type': 'text', 'vectorizers': ['distilbert'], 'models': ['random_forest'], 'balanced': True, 'n_estimators': 200, 'max_depth': 3, 'max_features_rf': 0.8}"
text,,"Tuning | {'balanced': True, 'n_estimators': 200, 'max_depth': 5, 'max_features_rf': 'sqrt'}",distilbert,random_forest,,,0,35.889790296554565,0.1466275659824047,0.0432522602155826,0.1419436495707682,0.0910194174757281,0.1494607087827426,2.5392912172573188,0.613251155624037,"{'type': 'text', 'vectorizers': ['distilbert'], 'models': ['random_forest'], 'balanced': True, 'n_estimators': 200, 'max_depth': 5, 'max_features_rf': 'sqrt'}"
text,,"Tuning | {'balanced': True, 'n_estimators': 200, 'max_depth': 5, 'max_features_rf': 'sqrt'}",distilbert,random_forest,,,1,35.889790296554565,0.169377990430622,0.0514540678133194,0.1597150356205474,0.1073377804730139,0.1518810148731408,2.5968503937007874,0.694488188976378,"{'type': 'text', 'vectorizers': ['distilbert'], 'models': ['random_forest'], 'balanced': True, 'n_estimators': 200, 'max_depth': 5, 'max_features_rf': 'sqrt'}"
text,,"Tuning | {'balanced': True, 'n_estimators': 200, 'max_depth': 5, 'max_features_rf': 'sqrt'}",distilbert,random_forest,,,2,35.889790296554565,0.1586073500967117,0.0485332934021909,0.1419761525024682,0.0997566909975669,0.1541733120680489,2.6220095693779903,0.6762360446570973,"{'type': 'text', 'vectorizers': ['distilbert'], 'models': ['random_forest'], 'balanced': True, 'n_estimators': 200, 'max_depth': 5, 'max_features_rf': 'sqrt'}"
text,,"Tuning | {'balanced': True, 'n_estimators': 200, 'max_depth': 5, 'max_features_rf': 0.8}",distilbert,random_forest,,,0,98.18155765533449,0.1570327552986512,0.0503091830444639,0.147622716266784,0.0989077669902912,0.1498031159048108,2.5392912172573188,0.6594761171032357,"{'type': 'text', 'vectorizers': ['distilbert'], 'models': ['random_forest'], 'balanced': True, 'n_estimators': 200, 'max_depth': 5, 'max_features_rf': 0.8}"
text,,"Tuning | {'balanced': True, 'n_estimators': 200, 'max_depth': 5, 'max_features_rf': 0.8}",distilbert,random_forest,,,1,98.18155765533449,0.1691211401425178,0.0557302898788606,0.1576115485564304,0.1079442086112795,0.153018372703412,2.5968503937007874,0.7181102362204724,"{'type': 'text', 'vectorizers': ['distilbert'], 'models': ['random_forest'], 'balanced': True, 'n_estimators': 200, 'max_depth': 5, 'max_features_rf': 0.8}"
text,,"Tuning | {'balanced': True, 'n_estimators': 200, 'max_depth': 5, 'max_features_rf': 0.8}",distilbert,random_forest,,,2,98.18155765533449,0.1702127659574468,0.0563207084423502,0.1522543733070048,0.1070559610705596,0.1520467836257309,2.6220095693779903,0.6762360446570973,"{'type': 'text', 'vectorizers': ['distilbert'], 'models': ['random_forest'], 'balanced': True, 'n_estimators': 200, 'max_depth': 5, 'max_features_rf': 0.8}"
text,,"Tuning | {'balanced': False, 'n_estimators': 100, 'max_depth': 3, 'max_features_rf': 'sqrt'}",distilbert,random_forest,,,0,21.985790967941284,0.0131500298864315,0.0039941902687,0.0097072419106317,0.0066747572815533,0.1413285396336243,2.5392912172573188,0.0385208012326656,"{'type': 'text', 'vectorizers': ['distilbert'], 'models': ['random_forest'], 'balanced': False, 'n_estimators': 100, 'max_depth': 3, 'max_features_rf': 'sqrt'}"
text,,"Tuning | {'balanced': False, 'n_estimators': 100, 'max_depth': 3, 'max_features_rf': 'sqrt'}",distilbert,random_forest,,,1,21.985790967941284,0.0131343283582089,0.0039811798769453,0.012020997375328,0.0066707095209217,0.1446194225721784,2.5968503937007874,0.0409448818897637,"{'type': 'text', 'vectorizers': ['distilbert'], 'models': ['random_forest'], 'balanced': False, 'n_estimators': 100, 'max_depth': 3, 'max_features_rf': 'sqrt'}"
text,,"Tuning | {'balanced': False, 'n_estimators': 100, 'max_depth': 3, 'max_features_rf': 'sqrt'}",distilbert,random_forest,,,2,21.985790967941284,0.0144144144144144,0.0044004400440044,0.0116427432216905,0.0072992700729927,0.1454013822434875,2.6220095693779903,0.0334928229665071,"{'type': 'text', 'vectorizers': ['distilbert'], 'models': ['random_forest'], 'balanced': False, 'n_estimators': 100, 'max_depth': 3, 'max_features_rf': 'sqrt'}"
text,,"Tuning | {'balanced': False, 'n_estimators': 100, 'max_depth': 3, 'max_features_rf': 0.8}",distilbert,random_forest,,,0,45.07078456878662,0.0410798122065727,0.0115397296406198,0.0350062367011519,0.0212378640776699,0.1398733093648347,2.5392912172573188,0.086286594761171,"{'type': 'text', 'vectorizers': ['distilbert'], 'models': ['random_forest'], 'balanced': False, 'n_estimators': 100, 'max_depth': 3, 'max_features_rf': 0.8}"
text,,"Tuning | {'balanced': False, 'n_estimators': 100, 'max_depth': 3, 'max_features_rf': 0.8}",distilbert,random_forest,,,1,45.07078456878662,0.0393746381007527,0.0105230578768183,0.0322834645669291,0.0206185567010309,0.1451443569553805,2.5968503937007874,0.1228346456692913,"{'type': 'text', 'vectorizers': ['distilbert'], 'models': ['random_forest'], 'balanced': False, 'n_estimators': 100, 'max_depth': 3, 'max_features_rf': 0.8}"
text,,"Tuning | {'balanced': False, 'n_estimators': 100, 'max_depth': 3, 'max_features_rf': 0.8}",distilbert,random_forest,,,2,45.07078456878662,0.0272028385570668,0.0077676460655184,0.0198298777246145,0.0139902676399026,0.1457558036505405,2.6220095693779903,0.0749601275917065,"{'type': 'text', 'vectorizers': ['distilbert'], 'models': ['random_forest'], 'balanced': False, 'n_estimators': 100, 'max_depth': 3, 'max_features_rf': 0.8}"
text,,"Tuning | {'balanced': False, 'n_estimators': 100, 'max_depth': 5, 'max_features_rf': 'sqrt'}",distilbert,random_forest,,,0,21.84615683555603,0.0386416861826697,0.010752688172043,0.0302076454618827,0.0200242718446601,0.140558123608971,2.5392912172573188,0.0924499229583975,"{'type': 'text', 'vectorizers': ['distilbert'], 'models': ['random_forest'], 'balanced': False, 'n_estimators': 100, 'max_depth': 5, 'max_features_rf': 'sqrt'}"
text,,"Tuning | {'balanced': False, 'n_estimators': 100, 'max_depth': 5, 'max_features_rf': 'sqrt'}",distilbert,random_forest,,,1,21.84615683555603,0.048582995951417,0.012927054478301,0.0396850393700787,0.0254699818071558,0.1439195100612423,2.5968503937007874,0.1259842519685039,"{'type': 'text', 'vectorizers': ['distilbert'], 'models': ['random_forest'], 'balanced': False, 'n_estimators': 100, 'max_depth': 5, 'max_features_rf': 'sqrt'}"
text,,"Tuning | {'balanced': False, 'n_estimators': 100, 'max_depth': 5, 'max_features_rf': 'sqrt'}",distilbert,random_forest,,,2,21.84615683555603,0.0442632498543972,0.0118935837245696,0.0341839447102605,0.0231143552311435,0.1454013822434875,2.6220095693779903,0.1164274322169059,"{'type': 'text', 'vectorizers': ['distilbert'], 'models': ['random_forest'], 'balanced': False, 'n_estimators': 100, 'max_depth': 5, 'max_features_rf': 'sqrt'}"
text,,"Tuning | {'balanced': False, 'n_estimators': 100, 'max_depth': 5, 'max_features_rf': 0.8}",distilbert,random_forest,,,0,63.44780778884888,0.0593607305936073,0.015539365050633,0.0528285274047985,0.0315533980582524,0.1410717342920733,2.5392912172573188,0.160246533127889,"{'type': 'text', 'vectorizers': ['distilbert'], 'models': ['random_forest'], 'balanced': False, 'n_estimators': 100, 'max_depth': 5, 'max_features_rf': 0.8}"
text,,"Tuning | {'balanced': False, 'n_estimators': 100, 'max_depth': 5, 'max_features_rf': 0.8}",distilbert,random_forest,,,1,63.44780778884888,0.068771138669673,0.0172247416407594,0.059872515935508,0.0369921164342025,0.1445319335083114,2.5968503937007874,0.1968503937007874,"{'type': 'text', 'vectorizers': ['distilbert'], 'models': ['random_forest'], 'balanced': False, 'n_estimators': 100, 'max_depth': 5, 'max_features_rf': 0.8}"
text,,"Tuning | {'balanced': False, 'n_estimators': 100, 'max_depth': 5, 'max_features_rf': 0.8}",distilbert,random_forest,,,2,63.44780778884888,0.0519630484988452,0.0136986301369863,0.0440191387559808,0.0273722627737226,0.1454899875952507,2.6220095693779903,0.1403508771929824,"{'type': 'text', 'vectorizers': ['distilbert'], 'models': ['random_forest'], 'balanced': False, 'n_estimators': 100, 'max_depth': 5, 'max_features_rf': 0.8}"
text,,"Tuning | {'balanced': False, 'n_estimators': 200, 'max_depth': 3, 'max_features_rf': 'sqrt'}",distilbert,random_forest,,,0,36.20868158340454,0.0096211665664461,0.003003003003003,0.0078875926333553,0.0048543689320388,0.1409861325115562,2.5392912172573188,0.0231124807395993,"{'type': 'text', 'vectorizers': ['distilbert'], 'models': ['random_forest'], 'balanced': False, 'n_estimators': 200, 'max_depth': 3, 'max_features_rf': 'sqrt'}"
text,,"Tuning | {'balanced': False, 'n_estimators': 200, 'max_depth': 3, 'max_features_rf': 'sqrt'}",distilbert,random_forest,,,1,36.20868158340454,0.0131500298864315,0.004007285974499,0.0104461942257217,0.0066707095209217,0.1444444444444444,2.5968503937007874,0.0377952755905511,"{'type': 'text', 'vectorizers': ['distilbert'], 'models': ['random_forest'], 'balanced': False, 'n_estimators': 200, 'max_depth': 3, 'max_features_rf': 'sqrt'}"
text,,"Tuning | {'balanced': False, 'n_estimators': 200, 'max_depth': 3, 'max_features_rf': 'sqrt'}",distilbert,random_forest,,,2,36.20868158340454,0.0084388185654008,0.0026187803965581,0.0065922381711855,0.004257907542579,0.1457558036505405,2.6220095693779903,0.0239234449760765,"{'type': 'text', 'vectorizers': ['distilbert'], 'models': ['random_forest'], 'balanced': False, 'n_estimators': 200, 'max_depth': 3, 'max_features_rf': 'sqrt'}"
text,,"Tuning | {'balanced': False, 'n_estimators': 200, 'max_depth': 3, 'max_features_rf': 0.8}",distilbert,random_forest,,,0,78.771324634552,0.0364920541494997,0.0103748326639892,0.030383740553232,0.0188106796116504,0.1401301147063859,2.5392912172573188,0.0785824345146379,"{'type': 'text', 'vectorizers': ['distilbert'], 'models': ['random_forest'], 'balanced': False, 'n_estimators': 200, 'max_depth': 3, 'max_features_rf': 0.8}"
text,,"Tuning | {'balanced': False, 'n_estimators': 200, 'max_depth': 3, 'max_features_rf': 0.8}",distilbert,random_forest,,,1,78.771324634552,0.0495391705069124,0.0129830917874396,0.0412073490813648,0.0260764099454214,0.1443569553805774,2.5968503937007874,0.137007874015748,"{'type': 'text', 'vectorizers': ['distilbert'], 'models': ['random_forest'], 'balanced': False, 'n_estimators': 200, 'max_depth': 3, 'max_features_rf': 0.8}"
text,,"Tuning | {'balanced': False, 'n_estimators': 200, 'max_depth': 3, 'max_features_rf': 0.8}",distilbert,random_forest,,,2,78.771324634552,0.0225519287833827,0.0065359477124183,0.0160021265284423,0.0115571776155717,0.145933014354067,2.6220095693779903,0.0653907496012759,"{'type': 'text', 'vectorizers': ['distilbert'], 'models': ['random_forest'], 'balanced': False, 'n_estimators': 200, 'max_depth': 3, 'max_features_rf': 0.8}"
text,,"Tuning | {'balanced': False, 'n_estimators': 200, 'max_depth': 5, 'max_features_rf': 'sqrt'}",distilbert,random_forest,,,0,35.61420774459839,0.0295333727111636,0.0085207907293796,0.0251449115855895,0.0151699029126213,0.1406437253894881,2.5392912172573188,0.0693374422187981,"{'type': 'text', 'vectorizers': ['distilbert'], 'models': ['random_forest'], 'balanced': False, 'n_estimators': 200, 'max_depth': 5, 'max_features_rf': 'sqrt'}"
text,,"Tuning | {'balanced': False, 'n_estimators': 200, 'max_depth': 5, 'max_features_rf': 'sqrt'}",distilbert,random_forest,,,1,35.61420774459839,0.0452436194895591,0.0121722846441947,0.0375853018372703,0.023650697392359,0.1440069991251093,2.5968503937007874,0.1181102362204724,"{'type': 'text', 'vectorizers': ['distilbert'], 'models': ['random_forest'], 'balanced': False, 'n_estimators': 200, 'max_depth': 5, 'max_features_rf': 'sqrt'}"
text,,"Tuning | {'balanced': False, 'n_estimators': 200, 'max_depth': 5, 'max_features_rf': 'sqrt'}",distilbert,random_forest,,,2,35.61420774459839,0.0397893504973668,0.0108869676593019,0.0301967038809144,0.0206812652068126,0.1454013822434875,2.6220095693779903,0.1036682615629984,"{'type': 'text', 'vectorizers': ['distilbert'], 'models': ['random_forest'], 'balanced': False, 'n_estimators': 200, 'max_depth': 5, 'max_features_rf': 'sqrt'}"
text,,"Tuning | {'balanced': False, 'n_estimators': 200, 'max_depth': 5, 'max_features_rf': 0.8}",distilbert,random_forest,,,0,113.01980829238892,0.0497397339502602,0.0132348414896891,0.0428644801526157,0.0260922330097087,0.1406437253894881,2.5392912172573188,0.1248073959938366,"{'type': 'text', 'vectorizers': ['distilbert'], 'models': ['random_forest'], 'balanced': False, 'n_estimators': 200, 'max_depth': 5, 'max_features_rf': 0.8}"
text,,"Tuning | {'balanced': False, 'n_estimators': 200, 'max_depth': 5, 'max_features_rf': 0.8}",distilbert,random_forest,,,1,113.01980829238892,0.0612592172433352,0.0154654505799543,0.0519985001874765,0.0327471194663432,0.1447944006999125,2.5968503937007874,0.1795275590551181,"{'type': 'text', 'vectorizers': ['distilbert'], 'models': ['random_forest'], 'balanced': False, 'n_estimators': 200, 'max_depth': 5, 'max_features_rf': 0.8}"
text,,"Tuning | {'balanced': False, 'n_estimators': 200, 'max_depth': 5, 'max_features_rf': 0.8}",distilbert,random_forest,,,2,113.01980829238892,0.0428985507246376,0.0126546658390233,0.0341307814992025,0.0225060827250608,0.1462874357611199,2.6220095693779903,0.1291866028708134,"{'type': 'text', 'vectorizers': ['distilbert'], 'models': ['random_forest'], 'balanced': False, 'n_estimators': 200, 'max_depth': 5, 'max_features_rf': 0.8}"
text,,"Tuning | {'hidden_layer_sizes': (256, 128), 'learning_rate_init': 0.001, 'batch_size': 32, 'max_iter': 40}",distilbert,mlp,,,0,12.636846780776978,0.1759213759213759,0.0299531459170013,0.1754567466431873,0.1086165048543689,0.1435541859270672,2.5392912172573188,0.5963020030816641,"{'type': 'text', 'vectorizers': ['distilbert'], 'models': ['mlp'], 'hidden_layer_sizes': (256, 128), 'learning_rate_init': 0.001, 'batch_size': 32, 'max_iter': 40}"
text,,"Tuning | {'hidden_layer_sizes': (256, 128), 'learning_rate_init': 0.001, 'batch_size': 32, 'max_iter': 40}",distilbert,mlp,,,1,12.636846780776978,0.2481367821131082,0.0357195545025426,0.2775628046494188,0.1716191631291692,0.1500437445319335,2.5968503937007874,0.9952755905511812,"{'type': 'text', 'vectorizers': ['distilbert'], 'models': ['mlp'], 'hidden_layer_sizes': (256, 128), 'learning_rate_init': 0.001, 'batch_size': 32, 'max_iter': 40}"
text,,"Tuning | {'hidden_layer_sizes': (256, 128), 'learning_rate_init': 0.001, 'batch_size': 32, 'max_iter': 40}",distilbert,mlp,,,2,12.636846780776978,0.2164421737111007,0.0349105193392608,0.2217209690893901,0.1417274939172749,0.1494772284245968,2.6220095693779903,0.8118022328548644,"{'type': 'text', 'vectorizers': ['distilbert'], 'models': ['mlp'], 'hidden_layer_sizes': (256, 128), 'learning_rate_init': 0.001, 'batch_size': 32, 'max_iter': 40}"
text,,"Tuning | {'hidden_layer_sizes': (256, 128), 'learning_rate_init': 0.001, 'batch_size': 32, 'max_iter': 80}",distilbert,mlp,,,0,12.354569673538208,0.1759213759213759,0.0299531459170013,0.1754567466431873,0.1086165048543689,0.1435541859270672,2.5392912172573188,0.5963020030816641,"{'type': 'text', 'vectorizers': ['distilbert'], 'models': ['mlp'], 'hidden_layer_sizes': (256, 128), 'learning_rate_init': 0.001, 'batch_size': 32, 'max_iter': 80}"
text,,"Tuning | {'hidden_layer_sizes': (256, 128), 'learning_rate_init': 0.001, 'batch_size': 32, 'max_iter': 80}",distilbert,mlp,,,1,12.354569673538208,0.2481367821131082,0.0357195545025426,0.2775628046494188,0.1716191631291692,0.1500437445319335,2.5968503937007874,0.9952755905511812,"{'type': 'text', 'vectorizers': ['distilbert'], 'models': ['mlp'], 'hidden_layer_sizes': (256, 128), 'learning_rate_init': 0.001, 'batch_size': 32, 'max_iter': 80}"
text,,"Tuning | {'hidden_layer_sizes': (256, 128), 'learning_rate_init': 0.001, 'batch_size': 32, 'max_iter': 80}",distilbert,mlp,,,2,12.354569673538208,0.2164421737111007,0.0349105193392608,0.2217209690893901,0.1417274939172749,0.1494772284245968,2.6220095693779903,0.8118022328548644,"{'type': 'text', 'vectorizers': ['distilbert'], 'models': ['mlp'], 'hidden_layer_sizes': (256, 128), 'learning_rate_init': 0.001, 'batch_size': 32, 'max_iter': 80}"
text,,"Tuning | {'hidden_layer_sizes': (256, 128), 'learning_rate_init': 0.001, 'batch_size': 64, 'max_iter': 40}",distilbert,mlp,,,0,7.893688440322876,0.1190100052659294,0.0252170706716161,0.1104336341624477,0.0685679611650485,0.1432117788049991,2.5392912172573188,0.386748844375963,"{'type': 'text', 'vectorizers': ['distilbert'], 'models': ['mlp'], 'hidden_layer_sizes': (256, 128), 'learning_rate_init': 0.001, 'batch_size': 64, 'max_iter': 40}"
text,,"Tuning | {'hidden_layer_sizes': (256, 128), 'learning_rate_init': 0.001, 'batch_size': 64, 'max_iter': 40}",distilbert,mlp,,,1,7.893688440322876,0.1985948477751756,0.042383998351326,0.1986651668541432,0.1285627653123104,0.1496937882764654,2.5968503937007874,0.7653543307086614,"{'type': 'text', 'vectorizers': ['distilbert'], 'models': ['mlp'], 'hidden_layer_sizes': (256, 128), 'learning_rate_init': 0.001, 'batch_size': 64, 'max_iter': 40}"
text,,"Tuning | {'hidden_layer_sizes': (256, 128), 'learning_rate_init': 0.001, 'batch_size': 64, 'max_iter': 40}",distilbert,mlp,,,2,7.893688440322876,0.2407489968791796,0.0340522133938706,0.2582972582972583,0.1642335766423357,0.1508949140528087,2.6220095693779903,0.9553429027113236,"{'type': 'text', 'vectorizers': ['distilbert'], 'models': ['mlp'], 'hidden_layer_sizes': (256, 128), 'learning_rate_init': 0.001, 'batch_size': 64, 'max_iter': 40}"
text,,"Tuning | {'hidden_layer_sizes': (256, 128), 'learning_rate_init': 0.001, 'batch_size': 64, 'max_iter': 80}",distilbert,mlp,,,0,7.427958726882935,0.1190100052659294,0.0252170706716161,0.1104336341624477,0.0685679611650485,0.1432117788049991,2.5392912172573188,0.386748844375963,"{'type': 'text', 'vectorizers': ['distilbert'], 'models': ['mlp'], 'hidden_layer_sizes': (256, 128), 'learning_rate_init': 0.001, 'batch_size': 64, 'max_iter': 80}"
text,,"Tuning | {'hidden_layer_sizes': (256, 128), 'learning_rate_init': 0.001, 'batch_size': 64, 'max_iter': 80}",distilbert,mlp,,,1,7.427958726882935,0.1985948477751756,0.042383998351326,0.1986651668541432,0.1285627653123104,0.1496937882764654,2.5968503937007874,0.7653543307086614,"{'type': 'text', 'vectorizers': ['distilbert'], 'models': ['mlp'], 'hidden_layer_sizes': (256, 128), 'learning_rate_init': 0.001, 'batch_size': 64, 'max_iter': 80}"
text,,"Tuning | {'hidden_layer_sizes': (256, 128), 'learning_rate_init': 0.001, 'batch_size': 64, 'max_iter': 80}",distilbert,mlp,,,2,7.427958726882935,0.2407489968791796,0.0340522133938706,0.2582972582972583,0.1642335766423357,0.1508949140528087,2.6220095693779903,0.9553429027113236,"{'type': 'text', 'vectorizers': ['distilbert'], 'models': ['mlp'], 'hidden_layer_sizes': (256, 128), 'learning_rate_init': 0.001, 'batch_size': 64, 'max_iter': 80}"
text,,"Tuning | {'hidden_layer_sizes': (256, 128), 'learning_rate_init': 0.0005, 'batch_size': 32, 'max_iter': 40}",distilbert,mlp,,,0,15.558238983154297,0.1778398510242085,0.0465704558798525,0.1676351896690879,0.1158980582524271,0.1511727443930833,2.5392912172573188,0.7704160246533128,"{'type': 'text', 'vectorizers': ['distilbert'], 'models': ['mlp'], 'hidden_layer_sizes': (256, 128), 'learning_rate_init': 0.0005, 'batch_size': 32, 'max_iter': 40}"
text,,"Tuning | {'hidden_layer_sizes': (256, 128), 'learning_rate_init': 0.0005, 'batch_size': 32, 'max_iter': 40}",distilbert,mlp,,,1,15.558238983154297,0.1846153846153846,0.0304921212511971,0.1881889763779527,0.1164342025469981,0.1483814523184602,2.5968503937007874,0.6787401574803149,"{'type': 'text', 'vectorizers': ['distilbert'], 'models': ['mlp'], 'hidden_layer_sizes': (256, 128), 'learning_rate_init': 0.0005, 'batch_size': 32, 'max_iter': 40}"
text,,"Tuning | {'hidden_layer_sizes': (256, 128), 'learning_rate_init': 0.0005, 'batch_size': 32, 'max_iter': 40}",distilbert,mlp,,,2,15.558238983154297,0.2029259084473808,0.0315573168941729,0.2092276144907723,0.1307785888077859,0.1496544391281233,2.6220095693779903,0.7575757575757576,"{'type': 'text', 'vectorizers': ['distilbert'], 'models': ['mlp'], 'hidden_layer_sizes': (256, 128), 'learning_rate_init': 0.0005, 'batch_size': 32, 'max_iter': 40}"
text,,"Tuning | {'hidden_layer_sizes': (256, 128), 'learning_rate_init': 0.0005, 'batch_size': 32, 'max_iter': 80}",distilbert,mlp,,,0,15.600022792816162,0.1778398510242085,0.0465704558798525,0.1676351896690879,0.1158980582524271,0.1511727443930833,2.5392912172573188,0.7704160246533128,"{'type': 'text', 'vectorizers': ['distilbert'], 'models': ['mlp'], 'hidden_layer_sizes': (256, 128), 'learning_rate_init': 0.0005, 'batch_size': 32, 'max_iter': 80}"
text,,"Tuning | {'hidden_layer_sizes': (256, 128), 'learning_rate_init': 0.0005, 'batch_size': 32, 'max_iter': 80}",distilbert,mlp,,,1,15.600022792816162,0.1846153846153846,0.0304921212511971,0.1881889763779527,0.1164342025469981,0.1483814523184602,2.5968503937007874,0.6787401574803149,"{'type': 'text', 'vectorizers': ['distilbert'], 'models': ['mlp'], 'hidden_layer_sizes': (256, 128), 'learning_rate_init': 0.0005, 'batch_size': 32, 'max_iter': 80}"
text,,"Tuning | {'hidden_layer_sizes': (256, 128), 'learning_rate_init': 0.0005, 'batch_size': 32, 'max_iter': 80}",distilbert,mlp,,,2,15.600022792816162,0.2029259084473808,0.0315573168941729,0.2092276144907723,0.1307785888077859,0.1496544391281233,2.6220095693779903,0.7575757575757576,"{'type': 'text', 'vectorizers': ['distilbert'], 'models': ['mlp'], 'hidden_layer_sizes': (256, 128), 'learning_rate_init': 0.0005, 'batch_size': 32, 'max_iter': 80}"
text,,"Tuning | {'hidden_layer_sizes': (256, 128), 'learning_rate_init': 0.0005, 'batch_size': 64, 'max_iter': 40}",distilbert,mlp,,,0,9.808273792266846,0.1440892947742262,0.0332251915416872,0.1352703793381759,0.0861650485436893,0.1444102037322376,2.5392912172573188,0.49768875192604,"{'type': 'text', 'vectorizers': ['distilbert'], 'models': ['mlp'], 'hidden_layer_sizes': (256, 128), 'learning_rate_init': 0.0005, 'batch_size': 64, 'max_iter': 40}"
text,,"Tuning | {'hidden_layer_sizes': (256, 128), 'learning_rate_init': 0.0005, 'batch_size': 64, 'max_iter': 40}",distilbert,mlp,,,1,9.808273792266846,0.1877979027645376,0.0300259106843468,0.1952755905511811,0.1194663432383262,0.1490813648293963,2.5968503937007874,0.7070866141732284,"{'type': 'text', 'vectorizers': ['distilbert'], 'models': ['mlp'], 'hidden_layer_sizes': (256, 128), 'learning_rate_init': 0.0005, 'batch_size': 64, 'max_iter': 40}"
text,,"Tuning | {'hidden_layer_sizes': (256, 128), 'learning_rate_init': 0.0005, 'batch_size': 64, 'max_iter': 40}",distilbert,mlp,,,2,9.808273792266846,0.162134944612286,0.0290188506602771,0.1556618819776714,0.0979318734793187,0.1474393053340421,2.6220095693779903,0.5454545454545454,"{'type': 'text', 'vectorizers': ['distilbert'], 'models': ['mlp'], 'hidden_layer_sizes': (256, 128), 'learning_rate_init': 0.0005, 'batch_size': 64, 'max_iter': 40}"
text,,"Tuning | {'hidden_layer_sizes': (256, 128), 'learning_rate_init': 0.0005, 'batch_size': 64, 'max_iter': 80}",distilbert,mlp,,,0,9.916725158691406,0.1440892947742262,0.0332251915416872,0.1352703793381759,0.0861650485436893,0.1444102037322376,2.5392912172573188,0.49768875192604,"{'type': 'text', 'vectorizers': ['distilbert'], 'models': ['mlp'], 'hidden_layer_sizes': (256, 128), 'learning_rate_init': 0.0005, 'batch_size': 64, 'max_iter': 80}"
text,,"Tuning | {'hidden_layer_sizes': (256, 128), 'learning_rate_init': 0.0005, 'batch_size': 64, 'max_iter': 80}",distilbert,mlp,,,1,9.916725158691406,0.1877979027645376,0.0300259106843468,0.1952755905511811,0.1194663432383262,0.1490813648293963,2.5968503937007874,0.7070866141732284,"{'type': 'text', 'vectorizers': ['distilbert'], 'models': ['mlp'], 'hidden_layer_sizes': (256, 128), 'learning_rate_init': 0.0005, 'batch_size': 64, 'max_iter': 80}"
text,,"Tuning | {'hidden_layer_sizes': (256, 128), 'learning_rate_init': 0.0005, 'batch_size': 64, 'max_iter': 80}",distilbert,mlp,,,2,9.916725158691406,0.162134944612286,0.0290188506602771,0.1556618819776714,0.0979318734793187,0.1474393053340421,2.6220095693779903,0.5454545454545454,"{'type': 'text', 'vectorizers': ['distilbert'], 'models': ['mlp'], 'hidden_layer_sizes': (256, 128), 'learning_rate_init': 0.0005, 'batch_size': 64, 'max_iter': 80}"
text,,"Tuning | {'hidden_layer_sizes': (512, 256), 'learning_rate_init': 0.001, 'batch_size': 32, 'max_iter': 40}",distilbert,mlp,,,0,43.33903360366821,0.1770401106500691,0.0469083053970667,0.1679727052608408,0.116504854368932,0.152799178222907,2.5392912172573188,0.802773497688752,"{'type': 'text', 'vectorizers': ['distilbert'], 'models': ['mlp'], 'hidden_layer_sizes': (512, 256), 'learning_rate_init': 0.001, 'batch_size': 32, 'max_iter': 40}"
text,,"Tuning | {'hidden_layer_sizes': (512, 256), 'learning_rate_init': 0.001, 'batch_size': 32, 'max_iter': 40}",distilbert,mlp,,,1,43.33903360366821,0.2171903881700554,0.0328029034059184,0.2359055118110236,0.1425106124924196,0.1482064741907261,2.5968503937007874,0.8110236220472441,"{'type': 'text', 'vectorizers': ['distilbert'], 'models': ['mlp'], 'hidden_layer_sizes': (512, 256), 'learning_rate_init': 0.001, 'batch_size': 32, 'max_iter': 40}"
text,,"Tuning | {'hidden_layer_sizes': (512, 256), 'learning_rate_init': 0.001, 'batch_size': 32, 'max_iter': 40}",distilbert,mlp,,,2,43.33903360366821,0.2011549566891241,0.0324332712600869,0.1971291866028708,0.1271289537712895,0.1470848839269891,2.6220095693779903,0.6921850079744817,"{'type': 'text', 'vectorizers': ['distilbert'], 'models': ['mlp'], 'hidden_layer_sizes': (512, 256), 'learning_rate_init': 0.001, 'batch_size': 32, 'max_iter': 40}"
text,,"Tuning | {'hidden_layer_sizes': (512, 256), 'learning_rate_init': 0.001, 'batch_size': 32, 'max_iter': 80}",distilbert,mlp,,,0,43.51252508163452,0.1770401106500691,0.0469083053970667,0.1679727052608408,0.116504854368932,0.152799178222907,2.5392912172573188,0.802773497688752,"{'type': 'text', 'vectorizers': ['distilbert'], 'models': ['mlp'], 'hidden_layer_sizes': (512, 256), 'learning_rate_init': 0.001, 'batch_size': 32, 'max_iter': 80}"
text,,"Tuning | {'hidden_layer_sizes': (512, 256), 'learning_rate_init': 0.001, 'batch_size': 32, 'max_iter': 80}",distilbert,mlp,,,1,43.51252508163452,0.2171903881700554,0.0328029034059184,0.2359055118110236,0.1425106124924196,0.1482064741907261,2.5968503937007874,0.8110236220472441,"{'type': 'text', 'vectorizers': ['distilbert'], 'models': ['mlp'], 'hidden_layer_sizes': (512, 256), 'learning_rate_init': 0.001, 'batch_size': 32, 'max_iter': 80}"
text,,"Tuning | {'hidden_layer_sizes': (512, 256), 'learning_rate_init': 0.001, 'batch_size': 32, 'max_iter': 80}",distilbert,mlp,,,2,43.51252508163452,0.2011549566891241,0.0324332712600869,0.1971291866028708,0.1271289537712895,0.1470848839269891,2.6220095693779903,0.6921850079744817,"{'type': 'text', 'vectorizers': ['distilbert'], 'models': ['mlp'], 'hidden_layer_sizes': (512, 256), 'learning_rate_init': 0.001, 'batch_size': 32, 'max_iter': 80}"
text,,"Tuning | {'hidden_layer_sizes': (512, 256), 'learning_rate_init': 0.001, 'batch_size': 64, 'max_iter': 40}",distilbert,mlp,,,0,26.208961248397827,0.1465914915427985,0.02720700152207,0.1418372587864113,0.0867718446601941,0.1425269645608628,2.5392912172573188,0.4668721109399075,"{'type': 'text', 'vectorizers': ['distilbert'], 'models': ['mlp'], 'hidden_layer_sizes': (512, 256), 'learning_rate_init': 0.001, 'batch_size': 64, 'max_iter': 40}"
text,,"Tuning | {'hidden_layer_sizes': (512, 256), 'learning_rate_init': 0.001, 'batch_size': 64, 'max_iter': 40}",distilbert,mlp,,,1,26.208961248397827,0.2329764453961456,0.0579510125150743,0.2375553055868016,0.1649484536082474,0.1566929133858267,2.5968503937007874,1.0803149606299212,"{'type': 'text', 'vectorizers': ['distilbert'], 'models': ['mlp'], 'hidden_layer_sizes': (512, 256), 'learning_rate_init': 0.001, 'batch_size': 64, 'max_iter': 40}"
text,,"Tuning | {'hidden_layer_sizes': (512, 256), 'learning_rate_init': 0.001, 'batch_size': 64, 'max_iter': 40}",distilbert,mlp,,,2,26.208961248397827,0.2297174111212397,0.0336538461538461,0.2397964608490924,0.1532846715328467,0.1497430444798866,2.6220095693779903,0.8771929824561403,"{'type': 'text', 'vectorizers': ['distilbert'], 'models': ['mlp'], 'hidden_layer_sizes': (512, 256), 'learning_rate_init': 0.001, 'batch_size': 64, 'max_iter': 40}"
text,,"Tuning | {'hidden_layer_sizes': (512, 256), 'learning_rate_init': 0.001, 'batch_size': 64, 'max_iter': 80}",distilbert,mlp,,,0,26.30093026161194,0.1465914915427985,0.02720700152207,0.1418372587864113,0.0867718446601941,0.1425269645608628,2.5392912172573188,0.4668721109399075,"{'type': 'text', 'vectorizers': ['distilbert'], 'models': ['mlp'], 'hidden_layer_sizes': (512, 256), 'learning_rate_init': 0.001, 'batch_size': 64, 'max_iter': 80}"
text,,"Tuning | {'hidden_layer_sizes': (512, 256), 'learning_rate_init': 0.001, 'batch_size': 64, 'max_iter': 80}",distilbert,mlp,,,1,26.30093026161194,0.2329764453961456,0.0579510125150743,0.2375553055868016,0.1649484536082474,0.1566929133858267,2.5968503937007874,1.0803149606299212,"{'type': 'text', 'vectorizers': ['distilbert'], 'models': ['mlp'], 'hidden_layer_sizes': (512, 256), 'learning_rate_init': 0.001, 'batch_size': 64, 'max_iter': 80}"
text,,"Tuning | {'hidden_layer_sizes': (512, 256), 'learning_rate_init': 0.001, 'batch_size': 64, 'max_iter': 80}",distilbert,mlp,,,2,26.30093026161194,0.2297174111212397,0.0336538461538461,0.2397964608490924,0.1532846715328467,0.1497430444798866,2.6220095693779903,0.8771929824561403,"{'type': 'text', 'vectorizers': ['distilbert'], 'models': ['mlp'], 'hidden_layer_sizes': (512, 256), 'learning_rate_init': 0.001, 'batch_size': 64, 'max_iter': 80}"
text,,"Tuning | {'hidden_layer_sizes': (512, 256), 'learning_rate_init': 0.0005, 'batch_size': 32, 'max_iter': 40}",distilbert,mlp,,,0,50.38818955421448,0.1766715470961444,0.0329600652501164,0.1776652725805268,0.1098300970873786,0.1444102037322376,2.5392912172573188,0.6178736517719569,"{'type': 'text', 'vectorizers': ['distilbert'], 'models': ['mlp'], 'hidden_layer_sizes': (512, 256), 'learning_rate_init': 0.0005, 'batch_size': 32, 'max_iter': 40}"
text,,"Tuning | {'hidden_layer_sizes': (512, 256), 'learning_rate_init': 0.0005, 'batch_size': 32, 'max_iter': 40}",distilbert,mlp,,,1,50.38818955421448,0.1508097165991903,0.0340393452028522,0.1433595800524934,0.0903577926015767,0.1468066491688539,2.5968503937007874,0.5149606299212598,"{'type': 'text', 'vectorizers': ['distilbert'], 'models': ['mlp'], 'hidden_layer_sizes': (512, 256), 'learning_rate_init': 0.0005, 'batch_size': 32, 'max_iter': 40}"
text,,"Tuning | {'hidden_layer_sizes': (512, 256), 'learning_rate_init': 0.0005, 'batch_size': 32, 'max_iter': 40}",distilbert,mlp,,,2,50.38818955421448,0.1929570670525808,0.0312548835755586,0.1896635528214475,0.121654501216545,0.1482367534999114,2.6220095693779903,0.6842105263157895,"{'type': 'text', 'vectorizers': ['distilbert'], 'models': ['mlp'], 'hidden_layer_sizes': (512, 256), 'learning_rate_init': 0.0005, 'batch_size': 32, 'max_iter': 40}"
text,,"Tuning | {'hidden_layer_sizes': (512, 256), 'learning_rate_init': 0.0005, 'batch_size': 32, 'max_iter': 80}",distilbert,mlp,,,0,50.40093731880188,0.1766715470961444,0.0329600652501164,0.1776652725805268,0.1098300970873786,0.1444102037322376,2.5392912172573188,0.6178736517719569,"{'type': 'text', 'vectorizers': ['distilbert'], 'models': ['mlp'], 'hidden_layer_sizes': (512, 256), 'learning_rate_init': 0.0005, 'batch_size': 32, 'max_iter': 80}"
text,,"Tuning | {'hidden_layer_sizes': (512, 256), 'learning_rate_init': 0.0005, 'batch_size': 32, 'max_iter': 80}",distilbert,mlp,,,1,50.40093731880188,0.1508097165991903,0.0340393452028522,0.1433595800524934,0.0903577926015767,0.1468066491688539,2.5968503937007874,0.5149606299212598,"{'type': 'text', 'vectorizers': ['distilbert'], 'models': ['mlp'], 'hidden_layer_sizes': (512, 256), 'learning_rate_init': 0.0005, 'batch_size': 32, 'max_iter': 80}"
text,,"Tuning | {'hidden_layer_sizes': (512, 256), 'learning_rate_init': 0.0005, 'batch_size': 32, 'max_iter': 80}",distilbert,mlp,,,2,50.40093731880188,0.1929570670525808,0.0312548835755586,0.1896635528214475,0.121654501216545,0.1482367534999114,2.6220095693779903,0.6842105263157895,"{'type': 'text', 'vectorizers': ['distilbert'], 'models': ['mlp'], 'hidden_layer_sizes': (512, 256), 'learning_rate_init': 0.0005, 'batch_size': 32, 'max_iter': 80}"
text,,"Tuning | {'hidden_layer_sizes': (512, 256), 'learning_rate_init': 0.0005, 'batch_size': 64, 'max_iter': 40}",distilbert,mlp,,,0,33.90192103385925,0.1715686274509804,0.0339484598536744,0.1681341257612444,0.1061893203883495,0.1446670090737887,2.5392912172573188,0.6040061633281972,"{'type': 'text', 'vectorizers': ['distilbert'], 'models': ['mlp'], 'hidden_layer_sizes': (512, 256), 'learning_rate_init': 0.0005, 'batch_size': 64, 'max_iter': 40}"
text,,"Tuning | {'hidden_layer_sizes': (512, 256), 'learning_rate_init': 0.0005, 'batch_size': 64, 'max_iter': 40}",distilbert,mlp,,,1,33.90192103385925,0.2298163178129004,0.0574609324951945,0.2272403449568803,0.1631291691934505,0.1577427821522309,2.5968503937007874,1.089763779527559,"{'type': 'text', 'vectorizers': ['distilbert'], 'models': ['mlp'], 'hidden_layer_sizes': (512, 256), 'learning_rate_init': 0.0005, 'batch_size': 64, 'max_iter': 40}"
text,,"Tuning | {'hidden_layer_sizes': (512, 256), 'learning_rate_init': 0.0005, 'batch_size': 64, 'max_iter': 40}",distilbert,mlp,,,2,33.90192103385925,0.1694915254237288,0.0296864786891157,0.1603706235285182,0.1034063260340632,0.1476165160375686,2.6220095693779903,0.5773524720893142,"{'type': 'text', 'vectorizers': ['distilbert'], 'models': ['mlp'], 'hidden_layer_sizes': (512, 256), 'learning_rate_init': 0.0005, 'batch_size': 64, 'max_iter': 40}"
text,,"Tuning | {'hidden_layer_sizes': (512, 256), 'learning_rate_init': 0.0005, 'batch_size': 64, 'max_iter': 80}",distilbert,mlp,,,0,33.82253575325012,0.1715686274509804,0.0339484598536744,0.1681341257612444,0.1061893203883495,0.1446670090737887,2.5392912172573188,0.6040061633281972,"{'type': 'text', 'vectorizers': ['distilbert'], 'models': ['mlp'], 'hidden_layer_sizes': (512, 256), 'learning_rate_init': 0.0005, 'batch_size': 64, 'max_iter': 80}"
text,,"Tuning | {'hidden_layer_sizes': (512, 256), 'learning_rate_init': 0.0005, 'batch_size': 64, 'max_iter': 80}",distilbert,mlp,,,1,33.82253575325012,0.2298163178129004,0.0574609324951945,0.2272403449568803,0.1631291691934505,0.1577427821522309,2.5968503937007874,1.089763779527559,"{'type': 'text', 'vectorizers': ['distilbert'], 'models': ['mlp'], 'hidden_layer_sizes': (512, 256), 'learning_rate_init': 0.0005, 'batch_size': 64, 'max_iter': 80}"
text,,"Tuning | {'hidden_layer_sizes': (512, 256), 'learning_rate_init': 0.0005, 'batch_size': 64, 'max_iter': 80}",distilbert,mlp,,,2,33.82253575325012,0.1694915254237288,0.0296864786891157,0.1603706235285182,0.1034063260340632,0.1476165160375686,2.6220095693779903,0.5773524720893142,"{'type': 'text', 'vectorizers': ['distilbert'], 'models': ['mlp'], 'hidden_layer_sizes': (512, 256), 'learning_rate_init': 0.0005, 'batch_size': 64, 'max_iter': 80}"
text,,"Tuning | {'balanced': True, 'threshold': 0.2}",distilbert,logistic,,,0,21.93782901763916,0.2945035059941189,0.2240196525292147,0.2885475894539612,0.7900485436893204,0.5339839068652628,2.5392912172573188,11.084745762711863,"{'type': 'text', 'vectorizers': ['distilbert'], 'models': ['logistic'], 'balanced': True, 'threshold': 0.2}"
text,,"Tuning | {'balanced': True, 'threshold': 0.2}",distilbert,logistic,,,1,21.93782901763916,0.2993984266543267,0.2256139147157461,0.2930888036146318,0.7847180109157065,0.5298337707786527,2.5968503937007874,11.015748031496065,"{'type': 'text', 'vectorizers': ['distilbert'], 'models': ['logistic'], 'balanced': True, 'threshold': 0.2}"
text,,"Tuning | {'balanced': True, 'threshold': 0.2}",distilbert,logistic,,,2,21.93782901763916,0.3110166489550124,0.2311448806832217,0.3048059364200653,0.801094890510949,0.5170122275385434,2.6220095693779903,10.885167464114833,"{'type': 'text', 'vectorizers': ['distilbert'], 'models': ['logistic'], 'balanced': True, 'threshold': 0.2}"
text,,"Tuning | {'balanced': True, 'threshold': 0.3}",distilbert,logistic,,,0,7.072380304336548,0.2902562696998766,0.2129407347545819,0.2839653002867903,0.6425970873786407,0.4433316212977229,2.5392912172573188,8.704160246533128,"{'type': 'text', 'vectorizers': ['distilbert'], 'models': ['logistic'], 'balanced': True, 'threshold': 0.3}"
text,,"Tuning | {'balanced': True, 'threshold': 0.3}",distilbert,logistic,,,1,7.072380304336548,0.2993120876035378,0.2181139619563589,0.2945062687813962,0.6464523953911462,0.4366579177602799,2.5968503937007874,8.620472440944882,"{'type': 'text', 'vectorizers': ['distilbert'], 'models': ['logistic'], 'balanced': True, 'threshold': 0.3}"
text,,"Tuning | {'balanced': True, 'threshold': 0.3}",distilbert,logistic,,,2,7.072380304336548,0.3104970801880074,0.2229837771239563,0.3036450113145862,0.6630170316301703,0.4289385078858763,2.6220095693779903,8.575757575757576,"{'type': 'text', 'vectorizers': ['distilbert'], 'models': ['logistic'], 'balanced': True, 'threshold': 0.3}"
text,,"Tuning | {'balanced': True, 'threshold': 0.4}",distilbert,logistic,,,0,7.076558351516724,0.2805257696298858,0.1988755095247424,0.2744222221880157,0.4921116504854368,0.3561034069508645,2.5392912172573188,6.36979969183359,"{'type': 'text', 'vectorizers': ['distilbert'], 'models': ['logistic'], 'balanced': True, 'threshold': 0.4}"
text,,"Tuning | {'balanced': True, 'threshold': 0.4}",distilbert,logistic,,,1,7.076558351516724,0.2821052631578947,0.198143904058261,0.2773615841726078,0.4875682231655548,0.358005249343832,2.5968503937007874,6.379527559055118,"{'type': 'text', 'vectorizers': ['distilbert'], 'models': ['logistic'], 'balanced': True, 'threshold': 0.4}"
text,,"Tuning | {'balanced': True, 'threshold': 0.4}",distilbert,logistic,,,2,7.076558351516724,0.2916073968705547,0.2030170223109971,0.2850400441309532,0.4987834549878345,0.353003721424774,2.6220095693779903,6.347687400318979,"{'type': 'text', 'vectorizers': ['distilbert'], 'models': ['logistic'], 'balanced': True, 'threshold': 0.4}"
text,,"Tuning | {'balanced': True, 'threshold': 0.5}",distilbert,logistic,,,0,7.034722328186035,0.256,0.1801027771791103,0.2485317199492854,0.3495145631067961,0.2865947611710323,2.5392912172573188,4.3944530046224966,"{'type': 'text', 'vectorizers': ['distilbert'], 'models': ['logistic'], 'balanced': True, 'threshold': 0.5}"
text,,"Tuning | {'balanced': True, 'threshold': 0.5}",distilbert,logistic,,,1,7.034722328186035,0.2449351240610061,0.17158721636667,0.2371213825544534,0.3262583383869011,0.2902012248468941,2.5968503937007874,4.321259842519685,"{'type': 'text', 'vectorizers': ['distilbert'], 'models': ['logistic'], 'balanced': True, 'threshold': 0.5}"
text,,"Tuning | {'balanced': True, 'threshold': 0.5}",distilbert,logistic,,,2,7.034722328186035,0.2685018050541516,0.1859306962397976,0.2631184958936155,0.3619221411192214,0.2872585504164451,2.6220095693779903,4.446570972886763,"{'type': 'text', 'vectorizers': ['distilbert'], 'models': ['logistic'], 'balanced': True, 'threshold': 0.5}"
text,,"Tuning | {'balanced': False, 'threshold': 0.2}",distilbert,logistic,,,0,5.387470483779907,0.3349967454979388,0.1780883999967627,0.3294830319483632,0.4684466019417476,0.2623694572847115,2.5392912172573188,4.562403697996919,"{'type': 'text', 'vectorizers': ['distilbert'], 'models': ['logistic'], 'balanced': False, 'threshold': 0.2}"
text,,"Tuning | {'balanced': False, 'threshold': 0.2}",distilbert,logistic,,,1,5.387470483779907,0.3368925691871867,0.1715926002844406,0.3365458863096658,0.4687689508793208,0.2662292213473315,2.5968503937007874,4.62992125984252,"{'type': 'text', 'vectorizers': ['distilbert'], 'models': ['logistic'], 'balanced': False, 'threshold': 0.2}"
text,,"Tuning | {'balanced': False, 'threshold': 0.2}",distilbert,logistic,,,2,5.387470483779907,0.3445990722332671,0.1797460012198675,0.3377365147700075,0.4744525547445255,0.2628920786815523,2.6220095693779903,4.598086124401914,"{'type': 'text', 'vectorizers': ['distilbert'], 'models': ['logistic'], 'balanced': False, 'threshold': 0.2}"
text,,"Tuning | {'balanced': False, 'threshold': 0.3}",distilbert,logistic,,,0,5.3553221225738525,0.3042959427207637,0.1231230483862413,0.3032271871254922,0.3094660194174757,0.199623352165725,2.5392912172573188,2.62557781201849,"{'type': 'text', 'vectorizers': ['distilbert'], 'models': ['logistic'], 'balanced': False, 'threshold': 0.3}"
text,,"Tuning | {'balanced': False, 'threshold': 0.3}",distilbert,logistic,,,1,5.3553221225738525,0.3044667274384685,0.1273028648342988,0.3041344831896013,0.3038204972710733,0.200262467191601,2.5968503937007874,2.5858267716535432,"{'type': 'text', 'vectorizers': ['distilbert'], 'models': ['logistic'], 'balanced': False, 'threshold': 0.3}"
text,,"Tuning | {'balanced': False, 'threshold': 0.3}",distilbert,logistic,,,2,5.3553221225738525,0.318154219793564,0.1354003543591872,0.3111706032758664,0.3187347931873479,0.1990076200602516,2.6220095693779903,2.631578947368421,"{'type': 'text', 'vectorizers': ['distilbert'], 'models': ['logistic'], 'balanced': False, 'threshold': 0.3}"
text,,"Tuning | {'balanced': False, 'threshold': 0.4}",distilbert,logistic,,,0,5.367946624755859,0.2470543519574306,0.0867256885754015,0.2415853449751754,0.1972087378640776,0.1695771272042458,2.5392912172573188,1.5146379044684128,"{'type': 'text', 'vectorizers': ['distilbert'], 'models': ['logistic'], 'balanced': False, 'threshold': 0.4}"
text,,"Tuning | {'balanced': False, 'threshold': 0.4}",distilbert,logistic,,,1,5.367946624755859,0.2428738773916439,0.0901950945930283,0.2332408448943881,0.1885991510006064,0.1696412948381452,2.5968503937007874,1.4362204724409449,"{'type': 'text', 'vectorizers': ['distilbert'], 'models': ['logistic'], 'balanced': False, 'threshold': 0.4}"
text,,"Tuning | {'balanced': False, 'threshold': 0.4}",distilbert,logistic,,,2,5.367946624755859,0.2561349693251534,0.0923072406797734,0.2536669957722589,0.2031630170316301,0.1718943824206982,2.6220095693779903,1.5374800637958532,"{'type': 'text', 'vectorizers': ['distilbert'], 'models': ['logistic'], 'balanced': False, 'threshold': 0.4}"
text,,"Tuning | {'balanced': False, 'threshold': 0.5}",distilbert,logistic,,,0,5.346708297729492,0.1786848072562358,0.0613652121463949,0.1657910827402352,0.1195388349514563,0.1550248245163499,2.5392912172573188,0.8582434514637904,"{'type': 'text', 'vectorizers': ['distilbert'], 'models': ['logistic'], 'balanced': False, 'threshold': 0.5}"
text,,"Tuning | {'balanced': False, 'threshold': 0.5}",distilbert,logistic,,,1,5.346708297729492,0.1743970315398886,0.0603117886831503,0.1585076865391826,0.1140084899939357,0.1557305336832896,2.5968503937007874,0.7984251968503937,"{'type': 'text', 'vectorizers': ['distilbert'], 'models': ['logistic'], 'balanced': False, 'threshold': 0.5}"
text,,"Tuning | {'balanced': False, 'threshold': 0.5}",distilbert,logistic,,,2,5.346708297729492,0.1905200184077312,0.0628042895024566,0.1837472469051416,0.1259124087591241,0.1558568137515505,2.6220095693779903,0.8437001594896332,"{'type': 'text', 'vectorizers': ['distilbert'], 'models': ['logistic'], 'balanced': False, 'threshold': 0.5}"
text,,"Tuning | {'balanced': True, 'max_iter_svm': 3000}",distilbert,svm,,,0,23.257837295532227,0.2464736451373422,0.1626404488194789,0.2376600030683235,0.3021844660194174,0.2606574216743708,2.5392912172573188,3.687211093990755,"{'type': 'text', 'vectorizers': ['distilbert'], 'models': ['svm'], 'balanced': True, 'max_iter_svm': 3000}"
text,,"Tuning | {'balanced': True, 'max_iter_svm': 3000}",distilbert,svm,,,1,23.257837295532227,0.2540232730873978,0.1626789407734357,0.2457795660157865,0.3110976349302607,0.2636045494313211,2.5968503937007874,3.763779527559055,"{'type': 'text', 'vectorizers': ['distilbert'], 'models': ['svm'], 'balanced': True, 'max_iter_svm': 3000}"
text,,"Tuning | {'balanced': True, 'max_iter_svm': 3000}",distilbert,svm,,,2,23.257837295532227,0.2675222112537019,0.1700799253352185,0.2579455986154551,0.3296836982968369,0.2629806840333156,2.6220095693779903,3.840510366826156,"{'type': 'text', 'vectorizers': ['distilbert'], 'models': ['svm'], 'balanced': True, 'max_iter_svm': 3000}"
text,,"Tuning | {'balanced': True, 'max_iter_svm': 5000}",distilbert,svm,,,0,23.22202587127685,0.2464736451373422,0.1626404488194789,0.2376600030683235,0.3021844660194174,0.2606574216743708,2.5392912172573188,3.687211093990755,"{'type': 'text', 'vectorizers': ['distilbert'], 'models': ['svm'], 'balanced': True, 'max_iter_svm': 5000}"
text,,"Tuning | {'balanced': True, 'max_iter_svm': 5000}",distilbert,svm,,,1,23.22202587127685,0.2540232730873978,0.1626789407734357,0.2457795660157865,0.3110976349302607,0.2636045494313211,2.5968503937007874,3.763779527559055,"{'type': 'text', 'vectorizers': ['distilbert'], 'models': ['svm'], 'balanced': True, 'max_iter_svm': 5000}"
text,,"Tuning | {'balanced': True, 'max_iter_svm': 5000}",distilbert,svm,,,2,23.22202587127685,0.2675222112537019,0.1700799253352185,0.2579455986154551,0.3296836982968369,0.2629806840333156,2.6220095693779903,3.840510366826156,"{'type': 'text', 'vectorizers': ['distilbert'], 'models': ['svm'], 'balanced': True, 'max_iter_svm': 5000}"
text,,"Tuning | {'balanced': False, 'max_iter_svm': 3000}",distilbert,svm,,,0,17.976523876190186,0.2280453257790368,0.1181408168218424,0.2140790471298946,0.1953883495145631,0.1866118815271357,2.5392912172573188,1.812018489984592,"{'type': 'text', 'vectorizers': ['distilbert'], 'models': ['svm'], 'balanced': False, 'max_iter_svm': 3000}"
text,,"Tuning | {'balanced': False, 'max_iter_svm': 3000}",distilbert,svm,,,1,17.976523876190186,0.2160821820758058,0.1088374164631381,0.2038282714660667,0.1849605821710127,0.1936132983377078,2.5968503937007874,1.8488188976377955,"{'type': 'text', 'vectorizers': ['distilbert'], 'models': ['svm'], 'balanced': False, 'max_iter_svm': 3000}"
text,,"Tuning | {'balanced': False, 'max_iter_svm': 3000}",distilbert,svm,,,2,17.976523876190186,0.2317717506164142,0.1166011783445846,0.2199539252170831,0.2001216545012165,0.1932482721956406,2.6220095693779903,1.905901116427432,"{'type': 'text', 'vectorizers': ['distilbert'], 'models': ['svm'], 'balanced': False, 'max_iter_svm': 3000}"
text,,"Tuning | {'balanced': False, 'max_iter_svm': 5000}",distilbert,svm,,,0,18.125336170196533,0.2280453257790368,0.1181408168218424,0.2140790471298946,0.1953883495145631,0.1866118815271357,2.5392912172573188,1.812018489984592,"{'type': 'text', 'vectorizers': ['distilbert'], 'models': ['svm'], 'balanced': False, 'max_iter_svm': 5000}"
text,,"Tuning | {'balanced': False, 'max_iter_svm': 5000}",distilbert,svm,,,1,18.125336170196533,0.2160821820758058,0.1088374164631381,0.2038282714660667,0.1849605821710127,0.1936132983377078,2.5968503937007874,1.8488188976377955,"{'type': 'text', 'vectorizers': ['distilbert'], 'models': ['svm'], 'balanced': False, 'max_iter_svm': 5000}"
text,,"Tuning | {'balanced': False, 'max_iter_svm': 5000}",distilbert,svm,,,2,18.125336170196533,0.2317717506164142,0.1166011783445846,0.2199539252170831,0.2001216545012165,0.1932482721956406,2.6220095693779903,1.905901116427432,"{'type': 'text', 'vectorizers': ['distilbert'], 'models': ['svm'], 'balanced': False, 'max_iter_svm': 5000}"
text,,"Tuning | {'balanced': True, 'n_estimators': 100, 'max_depth': 3, 'max_features_rf': 'sqrt'}",distilbert,random_forest,,,0,18.426780939102173,0.2399143163156015,0.1234291484661355,0.2327989336463912,0.203883495145631,0.182246190720767,2.5392912172573188,1.7765793528505394,"{'type': 'text', 'vectorizers': ['distilbert'], 'models': ['random_forest'], 'balanced': True, 'n_estimators': 100, 'max_depth': 3, 'max_features_rf': 'sqrt'}"
text,,"Tuning | {'balanced': True, 'n_estimators': 100, 'max_depth': 3, 'max_features_rf': 'sqrt'}",distilbert,random_forest,,,1,18.426780939102173,0.2338530066815144,0.1222436841027341,0.2237882764654418,0.1910248635536688,0.1805774278215223,2.5968503937007874,1.6456692913385826,"{'type': 'text', 'vectorizers': ['distilbert'], 'models': ['random_forest'], 'balanced': True, 'n_estimators': 100, 'max_depth': 3, 'max_features_rf': 'sqrt'}"
text,,"Tuning | {'balanced': True, 'n_estimators': 100, 'max_depth': 3, 'max_features_rf': 'sqrt'}",distilbert,random_forest,,,2,18.426780939102173,0.2212189616252821,0.1051384457836008,0.2050631629578997,0.1788321167883211,0.1834130781499202,2.6220095693779903,1.6172248803827751,"{'type': 'text', 'vectorizers': ['distilbert'], 'models': ['random_forest'], 'balanced': True, 'n_estimators': 100, 'max_depth': 3, 'max_features_rf': 'sqrt'}"
text,,"Tuning | {'balanced': True, 'n_estimators': 100, 'max_depth': 3, 'max_features_rf': 0.8}",distilbert,random_forest,,,0,38.705360889434814,0.2393655371304974,0.1242842359441748,0.2251926040061633,0.2014563106796116,0.1806197568909433,2.5392912172573188,1.7349768875192604,"{'type': 'text', 'vectorizers': ['distilbert'], 'models': ['random_forest'], 'balanced': True, 'n_estimators': 100, 'max_depth': 3, 'max_features_rf': 0.8}"
text,,"Tuning | {'balanced': True, 'n_estimators': 100, 'max_depth': 3, 'max_features_rf': 0.8}",distilbert,random_forest,,,1,38.705360889434814,0.2294356326078937,0.1130809583736261,0.220023747031621,0.1885991510006064,0.1827646544181977,2.5968503937007874,1.6724409448818898,"{'type': 'text', 'vectorizers': ['distilbert'], 'models': ['random_forest'], 'balanced': True, 'n_estimators': 100, 'max_depth': 3, 'max_features_rf': 0.8}"
text,,"Tuning | {'balanced': True, 'n_estimators': 100, 'max_depth': 3, 'max_features_rf': 0.8}",distilbert,random_forest,,,2,38.705360889434814,0.233900814211695,0.1182105838606427,0.2175187739781041,0.1922141119221411,0.1834130781499202,2.6220095693779903,1.6874003189792663,"{'type': 'text', 'vectorizers': ['distilbert'], 'models': ['random_forest'], 'balanced': True, 'n_estimators': 100, 'max_depth': 3, 'max_features_rf': 0.8}"
text,,"Tuning | {'balanced': True, 'n_estimators': 100, 'max_depth': 5, 'max_features_rf': 'sqrt'}",distilbert,random_forest,,,0,18.598218202590942,0.1633036133270765,0.0494519027651092,0.1570731528358646,0.1055825242718446,0.1526279746618729,2.5392912172573188,0.7442218798151001,"{'type': 'text', 'vectorizers': ['distilbert'], 'models': ['random_forest'], 'balanced': True, 'n_estimators': 100, 'max_depth': 5, 'max_features_rf': 'sqrt'}"
text,,"Tuning | {'balanced': True, 'n_estimators': 100, 'max_depth': 5, 'max_features_rf': 'sqrt'}",distilbert,random_forest,,,1,18.598218202590942,0.1733889661566991,0.0624462197211725,0.1554143232095987,0.1134020618556701,0.1559930008748906,2.5968503937007874,0.8,"{'type': 'text', 'vectorizers': ['distilbert'], 'models': ['random_forest'], 'balanced': True, 'n_estimators': 100, 'max_depth': 5, 'max_features_rf': 'sqrt'}"
text,,"Tuning | {'balanced': True, 'n_estimators': 100, 'max_depth': 5, 'max_features_rf': 'sqrt'}",distilbert,random_forest,,,2,18.598218202590942,0.1653282947567312,0.053056061125445,0.151386040859725,0.1064476885644768,0.1565656565656565,2.6220095693779903,0.7543859649122807,"{'type': 'text', 'vectorizers': ['distilbert'], 'models': ['random_forest'], 'balanced': True, 'n_estimators': 100, 'max_depth': 5, 'max_features_rf': 'sqrt'}"
text,,"Tuning | {'balanced': True, 'n_estimators': 100, 'max_depth': 5, 'max_features_rf': 0.8}",distilbert,random_forest,,,0,49.8051381111145,0.1727019498607242,0.0575219838963158,0.1620221586323281,0.1128640776699029,0.1525423728813559,2.5392912172573188,0.7796610169491526,"{'type': 'text', 'vectorizers': ['distilbert'], 'models': ['random_forest'], 'balanced': True, 'n_estimators': 100, 'max_depth': 5, 'max_features_rf': 0.8}"
text,,"Tuning | {'balanced': True, 'n_estimators': 100, 'max_depth': 5, 'max_features_rf': 0.8}",distilbert,random_forest,,,1,49.8051381111145,0.1705937794533459,0.0604234022857074,0.1562617172853393,0.1097634930260764,0.1539807524059492,2.5968503937007874,0.7448818897637796,"{'type': 'text', 'vectorizers': ['distilbert'], 'models': ['random_forest'], 'balanced': True, 'n_estimators': 100, 'max_depth': 5, 'max_features_rf': 0.8}"
text,,"Tuning | {'balanced': True, 'n_estimators': 100, 'max_depth': 5, 'max_features_rf': 0.8}",distilbert,random_forest,,,2,49.8051381111145,0.1679389312977099,0.05956005394002,0.1501886028201817,0.1070559610705596,0.1545277334751019,2.6220095693779903,0.7208931419457735,"{'type': 'text', 'vectorizers': ['distilbert'], 'models': ['random_forest'], 'balanced': True, 'n_estimators': 100, 'max_depth': 5, 'max_features_rf': 0.8}"
text,,"Tuning | {'balanced': True, 'n_estimators': 200, 'max_depth': 3, 'max_features_rf': 'sqrt'}",distilbert,random_forest,,,0,29.944631099700928,0.2318404215280391,0.111419133631583,0.2276530437547386,0.1868932038834951,0.1747132340352679,2.5392912172573188,1.5546995377503852,"{'type': 'text', 'vectorizers': ['distilbert'], 'models': ['random_forest'], 'balanced': True, 'n_estimators': 200, 'max_depth': 3, 'max_features_rf': 'sqrt'}"
text,,"Tuning | {'balanced': True, 'n_estimators': 200, 'max_depth': 3, 'max_features_rf': 'sqrt'}",distilbert,random_forest,,,1,29.944631099700928,0.2300194931773879,0.1046713910192161,0.2230983627046619,0.1788963007883565,0.1727909011373578,2.5968503937007874,1.44251968503937,"{'type': 'text', 'vectorizers': ['distilbert'], 'models': ['random_forest'], 'balanced': True, 'n_estimators': 200, 'max_depth': 3, 'max_features_rf': 'sqrt'}"
text,,"Tuning | {'balanced': True, 'n_estimators': 200, 'max_depth': 3, 'max_features_rf': 'sqrt'}",distilbert,random_forest,,,2,29.944631099700928,0.2291748142354321,0.1115733639701789,0.2120275436064909,0.1782238442822384,0.1746411483253588,2.6220095693779903,1.456140350877193,"{'type': 'text', 'vectorizers': ['distilbert'], 'models': ['random_forest'], 'balanced': True, 'n_estimators': 200, 'max_depth': 3, 'max_features_rf': 'sqrt'}"
text,,"Tuning | {'balanced': True, 'n_estimators': 200, 'max_depth': 3, 'max_features_rf': 0.8}",distilbert,random_forest,,,0,67.0268771648407,0.2277039848197343,0.115073939145385,0.2205505417369824,0.1820388349514563,0.1741996233521657,2.5392912172573188,1.5208012326656395,"{'type': 'text', 'vectorizers': ['distilbert'], 'models': ['random_forest'], 'balanced': True, 'n_estimators': 200, 'max_depth': 3, 'max_features_rf': 0.8}"
text,,"Tuning | {'balanced': True, 'n_estimators': 200, 'max_depth': 3, 'max_features_rf': 0.8}",distilbert,random_forest,,,1,67.0268771648407,0.2174242424242424,0.0983675168093279,0.205639295088114,0.1740448756822316,0.1807524059492563,2.5968503937007874,1.5606299212598425,"{'type': 'text', 'vectorizers': ['distilbert'], 'models': ['random_forest'], 'balanced': True, 'n_estimators': 200, 'max_depth': 3, 'max_features_rf': 0.8}"
text,,"Tuning | {'balanced': True, 'n_estimators': 200, 'max_depth': 3, 'max_features_rf': 0.8}",distilbert,random_forest,,,2,67.0268771648407,0.2246596066565809,0.1120568881355193,0.2069884306726412,0.1806569343065693,0.1816409711146553,2.6220095693779903,1.594896331738437,"{'type': 'text', 'vectorizers': ['distilbert'], 'models': ['random_forest'], 'balanced': True, 'n_estimators': 200, 'max_depth': 3, 'max_features_rf': 0.8}"
text,,"Tuning | {'balanced': True, 'n_estimators': 200, 'max_depth': 5, 'max_features_rf': 'sqrt'}",distilbert,random_forest,,,0,30.3467071056366,0.1466275659824047,0.0432522602155826,0.1419436495707682,0.0910194174757281,0.1494607087827426,2.5392912172573188,0.613251155624037,"{'type': 'text', 'vectorizers': ['distilbert'], 'models': ['random_forest'], 'balanced': True, 'n_estimators': 200, 'max_depth': 5, 'max_features_rf': 'sqrt'}"
text,,"Tuning | {'balanced': True, 'n_estimators': 200, 'max_depth': 5, 'max_features_rf': 'sqrt'}",distilbert,random_forest,,,1,30.3467071056366,0.169377990430622,0.0514540678133194,0.1597150356205474,0.1073377804730139,0.1518810148731408,2.5968503937007874,0.694488188976378,"{'type': 'text', 'vectorizers': ['distilbert'], 'models': ['random_forest'], 'balanced': True, 'n_estimators': 200, 'max_depth': 5, 'max_features_rf': 'sqrt'}"
text,,"Tuning | {'balanced': True, 'n_estimators': 200, 'max_depth': 5, 'max_features_rf': 'sqrt'}",distilbert,random_forest,,,2,30.3467071056366,0.1586073500967117,0.0485332934021909,0.1419761525024682,0.0997566909975669,0.1541733120680489,2.6220095693779903,0.6762360446570973,"{'type': 'text', 'vectorizers': ['distilbert'], 'models': ['random_forest'], 'balanced': True, 'n_estimators': 200, 'max_depth': 5, 'max_features_rf': 'sqrt'}"
text,,"Tuning | {'balanced': True, 'n_estimators': 200, 'max_depth': 5, 'max_features_rf': 0.8}",distilbert,random_forest,,,0,88.7719247341156,0.1570327552986512,0.0503091830444639,0.147622716266784,0.0989077669902912,0.1498031159048108,2.5392912172573188,0.6594761171032357,"{'type': 'text', 'vectorizers': ['distilbert'], 'models': ['random_forest'], 'balanced': True, 'n_estimators': 200, 'max_depth': 5, 'max_features_rf': 0.8}"
text,,"Tuning | {'balanced': True, 'n_estimators': 200, 'max_depth': 5, 'max_features_rf': 0.8}",distilbert,random_forest,,,1,88.7719247341156,0.1691211401425178,0.0557302898788606,0.1576115485564304,0.1079442086112795,0.153018372703412,2.5968503937007874,0.7181102362204724,"{'type': 'text', 'vectorizers': ['distilbert'], 'models': ['random_forest'], 'balanced': True, 'n_estimators': 200, 'max_depth': 5, 'max_features_rf': 0.8}"
text,,"Tuning | {'balanced': True, 'n_estimators': 200, 'max_depth': 5, 'max_features_rf': 0.8}",distilbert,random_forest,,,2,88.7719247341156,0.1702127659574468,0.0563207084423502,0.1522543733070048,0.1070559610705596,0.1520467836257309,2.6220095693779903,0.6762360446570973,"{'type': 'text', 'vectorizers': ['distilbert'], 'models': ['random_forest'], 'balanced': True, 'n_estimators': 200, 'max_depth': 5, 'max_features_rf': 0.8}"
text,,"Tuning | {'balanced': False, 'n_estimators': 100, 'max_depth': 3, 'max_features_rf': 'sqrt'}",distilbert,random_forest,,,0,18.129462718963623,0.0131500298864315,0.0039941902687,0.0097072419106317,0.0066747572815533,0.1413285396336243,2.5392912172573188,0.0385208012326656,"{'type': 'text', 'vectorizers': ['distilbert'], 'models': ['random_forest'], 'balanced': False, 'n_estimators': 100, 'max_depth': 3, 'max_features_rf': 'sqrt'}"
text,,"Tuning | {'balanced': False, 'n_estimators': 100, 'max_depth': 3, 'max_features_rf': 'sqrt'}",distilbert,random_forest,,,1,18.129462718963623,0.0131343283582089,0.0039811798769453,0.012020997375328,0.0066707095209217,0.1446194225721784,2.5968503937007874,0.0409448818897637,"{'type': 'text', 'vectorizers': ['distilbert'], 'models': ['random_forest'], 'balanced': False, 'n_estimators': 100, 'max_depth': 3, 'max_features_rf': 'sqrt'}"
text,,"Tuning | {'balanced': False, 'n_estimators': 100, 'max_depth': 3, 'max_features_rf': 'sqrt'}",distilbert,random_forest,,,2,18.129462718963623,0.0144144144144144,0.0044004400440044,0.0116427432216905,0.0072992700729927,0.1454013822434875,2.6220095693779903,0.0334928229665071,"{'type': 'text', 'vectorizers': ['distilbert'], 'models': ['random_forest'], 'balanced': False, 'n_estimators': 100, 'max_depth': 3, 'max_features_rf': 'sqrt'}"
text,,"Tuning | {'balanced': False, 'n_estimators': 100, 'max_depth': 3, 'max_features_rf': 0.8}",distilbert,random_forest,,,0,40.01859784126282,0.0410798122065727,0.0115397296406198,0.0350062367011519,0.0212378640776699,0.1398733093648347,2.5392912172573188,0.086286594761171,"{'type': 'text', 'vectorizers': ['distilbert'], 'models': ['random_forest'], 'balanced': False, 'n_estimators': 100, 'max_depth': 3, 'max_features_rf': 0.8}"
text,,"Tuning | {'balanced': False, 'n_estimators': 100, 'max_depth': 3, 'max_features_rf': 0.8}",distilbert,random_forest,,,1,40.01859784126282,0.0393746381007527,0.0105230578768183,0.0322834645669291,0.0206185567010309,0.1451443569553805,2.5968503937007874,0.1228346456692913,"{'type': 'text', 'vectorizers': ['distilbert'], 'models': ['random_forest'], 'balanced': False, 'n_estimators': 100, 'max_depth': 3, 'max_features_rf': 0.8}"
text,,"Tuning | {'balanced': False, 'n_estimators': 100, 'max_depth': 3, 'max_features_rf': 0.8}",distilbert,random_forest,,,2,40.01859784126282,0.0272028385570668,0.0077676460655184,0.0198298777246145,0.0139902676399026,0.1457558036505405,2.6220095693779903,0.0749601275917065,"{'type': 'text', 'vectorizers': ['distilbert'], 'models': ['random_forest'], 'balanced': False, 'n_estimators': 100, 'max_depth': 3, 'max_features_rf': 0.8}"
text,,"Tuning | {'balanced': False, 'n_estimators': 100, 'max_depth': 5, 'max_features_rf': 'sqrt'}",distilbert,random_forest,,,0,18.51328659057617,0.0386416861826697,0.010752688172043,0.0302076454618827,0.0200242718446601,0.140558123608971,2.5392912172573188,0.0924499229583975,"{'type': 'text', 'vectorizers': ['distilbert'], 'models': ['random_forest'], 'balanced': False, 'n_estimators': 100, 'max_depth': 5, 'max_features_rf': 'sqrt'}"
text,,"Tuning | {'balanced': False, 'n_estimators': 100, 'max_depth': 5, 'max_features_rf': 'sqrt'}",distilbert,random_forest,,,1,18.51328659057617,0.048582995951417,0.012927054478301,0.0396850393700787,0.0254699818071558,0.1439195100612423,2.5968503937007874,0.1259842519685039,"{'type': 'text', 'vectorizers': ['distilbert'], 'models': ['random_forest'], 'balanced': False, 'n_estimators': 100, 'max_depth': 5, 'max_features_rf': 'sqrt'}"
text,,"Tuning | {'balanced': False, 'n_estimators': 100, 'max_depth': 5, 'max_features_rf': 'sqrt'}",distilbert,random_forest,,,2,18.51328659057617,0.0442632498543972,0.0118935837245696,0.0341839447102605,0.0231143552311435,0.1454013822434875,2.6220095693779903,0.1164274322169059,"{'type': 'text', 'vectorizers': ['distilbert'], 'models': ['random_forest'], 'balanced': False, 'n_estimators': 100, 'max_depth': 5, 'max_features_rf': 'sqrt'}"
text,,"Tuning | {'balanced': False, 'n_estimators': 100, 'max_depth': 5, 'max_features_rf': 0.8}",distilbert,random_forest,,,0,56.58930063247681,0.0593607305936073,0.015539365050633,0.0528285274047985,0.0315533980582524,0.1410717342920733,2.5392912172573188,0.160246533127889,"{'type': 'text', 'vectorizers': ['distilbert'], 'models': ['random_forest'], 'balanced': False, 'n_estimators': 100, 'max_depth': 5, 'max_features_rf': 0.8}"
text,,"Tuning | {'balanced': False, 'n_estimators': 100, 'max_depth': 5, 'max_features_rf': 0.8}",distilbert,random_forest,,,1,56.58930063247681,0.068771138669673,0.0172247416407594,0.059872515935508,0.0369921164342025,0.1445319335083114,2.5968503937007874,0.1968503937007874,"{'type': 'text', 'vectorizers': ['distilbert'], 'models': ['random_forest'], 'balanced': False, 'n_estimators': 100, 'max_depth': 5, 'max_features_rf': 0.8}"
text,,"Tuning | {'balanced': False, 'n_estimators': 100, 'max_depth': 5, 'max_features_rf': 0.8}",distilbert,random_forest,,,2,56.58930063247681,0.0519630484988452,0.0136986301369863,0.0440191387559808,0.0273722627737226,0.1454899875952507,2.6220095693779903,0.1403508771929824,"{'type': 'text', 'vectorizers': ['distilbert'], 'models': ['random_forest'], 'balanced': False, 'n_estimators': 100, 'max_depth': 5, 'max_features_rf': 0.8}"
text,,"Tuning | {'balanced': False, 'n_estimators': 200, 'max_depth': 3, 'max_features_rf': 'sqrt'}",distilbert,random_forest,,,0,29.97291898727417,0.0096211665664461,0.003003003003003,0.0078875926333553,0.0048543689320388,0.1409861325115562,2.5392912172573188,0.0231124807395993,"{'type': 'text', 'vectorizers': ['distilbert'], 'models': ['random_forest'], 'balanced': False, 'n_estimators': 200, 'max_depth': 3, 'max_features_rf': 'sqrt'}"
text,,"Tuning | {'balanced': False, 'n_estimators': 200, 'max_depth': 3, 'max_features_rf': 'sqrt'}",distilbert,random_forest,,,1,29.97291898727417,0.0131500298864315,0.004007285974499,0.0104461942257217,0.0066707095209217,0.1444444444444444,2.5968503937007874,0.0377952755905511,"{'type': 'text', 'vectorizers': ['distilbert'], 'models': ['random_forest'], 'balanced': False, 'n_estimators': 200, 'max_depth': 3, 'max_features_rf': 'sqrt'}"
text,,"Tuning | {'balanced': False, 'n_estimators': 200, 'max_depth': 3, 'max_features_rf': 'sqrt'}",distilbert,random_forest,,,2,29.97291898727417,0.0084388185654008,0.0026187803965581,0.0065922381711855,0.004257907542579,0.1457558036505405,2.6220095693779903,0.0239234449760765,"{'type': 'text', 'vectorizers': ['distilbert'], 'models': ['random_forest'], 'balanced': False, 'n_estimators': 200, 'max_depth': 3, 'max_features_rf': 'sqrt'}"
text,,"Tuning | {'balanced': False, 'n_estimators': 200, 'max_depth': 3, 'max_features_rf': 0.8}",distilbert,random_forest,,,0,70.41298413276672,0.0364920541494997,0.0103748326639892,0.030383740553232,0.0188106796116504,0.1401301147063859,2.5392912172573188,0.0785824345146379,"{'type': 'text', 'vectorizers': ['distilbert'], 'models': ['random_forest'], 'balanced': False, 'n_estimators': 200, 'max_depth': 3, 'max_features_rf': 0.8}"
text,,"Tuning | {'balanced': False, 'n_estimators': 200, 'max_depth': 3, 'max_features_rf': 0.8}",distilbert,random_forest,,,1,70.41298413276672,0.0495391705069124,0.0129830917874396,0.0412073490813648,0.0260764099454214,0.1443569553805774,2.5968503937007874,0.137007874015748,"{'type': 'text', 'vectorizers': ['distilbert'], 'models': ['random_forest'], 'balanced': False, 'n_estimators': 200, 'max_depth': 3, 'max_features_rf': 0.8}"
text,,"Tuning | {'balanced': False, 'n_estimators': 200, 'max_depth': 3, 'max_features_rf': 0.8}",distilbert,random_forest,,,2,70.41298413276672,0.0225519287833827,0.0065359477124183,0.0160021265284423,0.0115571776155717,0.145933014354067,2.6220095693779903,0.0653907496012759,"{'type': 'text', 'vectorizers': ['distilbert'], 'models': ['random_forest'], 'balanced': False, 'n_estimators': 200, 'max_depth': 3, 'max_features_rf': 0.8}"
text,,"Tuning | {'balanced': False, 'n_estimators': 200, 'max_depth': 5, 'max_features_rf': 'sqrt'}",distilbert,random_forest,,,0,30.30406165122986,0.0295333727111636,0.0085207907293796,0.0251449115855895,0.0151699029126213,0.1406437253894881,2.5392912172573188,0.0693374422187981,"{'type': 'text', 'vectorizers': ['distilbert'], 'models': ['random_forest'], 'balanced': False, 'n_estimators': 200, 'max_depth': 5, 'max_features_rf': 'sqrt'}"
text,,"Tuning | {'balanced': False, 'n_estimators': 200, 'max_depth': 5, 'max_features_rf': 'sqrt'}",distilbert,random_forest,,,1,30.30406165122986,0.0452436194895591,0.0121722846441947,0.0375853018372703,0.023650697392359,0.1440069991251093,2.5968503937007874,0.1181102362204724,"{'type': 'text', 'vectorizers': ['distilbert'], 'models': ['random_forest'], 'balanced': False, 'n_estimators': 200, 'max_depth': 5, 'max_features_rf': 'sqrt'}"
text,,"Tuning | {'balanced': False, 'n_estimators': 200, 'max_depth': 5, 'max_features_rf': 'sqrt'}",distilbert,random_forest,,,2,30.30406165122986,0.0397893504973668,0.0108869676593019,0.0301967038809144,0.0206812652068126,0.1454013822434875,2.6220095693779903,0.1036682615629984,"{'type': 'text', 'vectorizers': ['distilbert'], 'models': ['random_forest'], 'balanced': False, 'n_estimators': 200, 'max_depth': 5, 'max_features_rf': 'sqrt'}"
text,,"Tuning | {'balanced': False, 'n_estimators': 200, 'max_depth': 5, 'max_features_rf': 0.8}",distilbert,random_forest,,,0,102.96957087516785,0.0497397339502602,0.0132348414896891,0.0428644801526157,0.0260922330097087,0.1406437253894881,2.5392912172573188,0.1248073959938366,"{'type': 'text', 'vectorizers': ['distilbert'], 'models': ['random_forest'], 'balanced': False, 'n_estimators': 200, 'max_depth': 5, 'max_features_rf': 0.8}"
text,,"Tuning | {'balanced': False, 'n_estimators': 200, 'max_depth': 5, 'max_features_rf': 0.8}",distilbert,random_forest,,,1,102.96957087516785,0.0612592172433352,0.0154654505799543,0.0519985001874765,0.0327471194663432,0.1447944006999125,2.5968503937007874,0.1795275590551181,"{'type': 'text', 'vectorizers': ['distilbert'], 'models': ['random_forest'], 'balanced': False, 'n_estimators': 200, 'max_depth': 5, 'max_features_rf': 0.8}"
text,,"Tuning | {'balanced': False, 'n_estimators': 200, 'max_depth': 5, 'max_features_rf': 0.8}",distilbert,random_forest,,,2,102.96957087516785,0.0428985507246376,0.0126546658390233,0.0341307814992025,0.0225060827250608,0.1462874357611199,2.6220095693779903,0.1291866028708134,"{'type': 'text', 'vectorizers': ['distilbert'], 'models': ['random_forest'], 'balanced': False, 'n_estimators': 200, 'max_depth': 5, 'max_features_rf': 0.8}"
text,,"Tuning | {'hidden_layer_sizes': (256, 128), 'learning_rate_init': 0.001, 'batch_size': 32, 'max_iter': 40}",distilbert,mlp,,,0,11.27912139892578,0.1759213759213759,0.0299531459170013,0.1754567466431873,0.1086165048543689,0.1435541859270672,2.5392912172573188,0.5963020030816641,"{'type': 'text', 'vectorizers': ['distilbert'], 'models': ['mlp'], 'hidden_layer_sizes': (256, 128), 'learning_rate_init': 0.001, 'batch_size': 32, 'max_iter': 40}"
text,,"Tuning | {'hidden_layer_sizes': (256, 128), 'learning_rate_init': 0.001, 'batch_size': 32, 'max_iter': 40}",distilbert,mlp,,,1,11.27912139892578,0.2481367821131082,0.0357195545025426,0.2775628046494188,0.1716191631291692,0.1500437445319335,2.5968503937007874,0.9952755905511812,"{'type': 'text', 'vectorizers': ['distilbert'], 'models': ['mlp'], 'hidden_layer_sizes': (256, 128), 'learning_rate_init': 0.001, 'batch_size': 32, 'max_iter': 40}"
text,,"Tuning | {'hidden_layer_sizes': (256, 128), 'learning_rate_init': 0.001, 'batch_size': 32, 'max_iter': 40}",distilbert,mlp,,,2,11.27912139892578,0.2164421737111007,0.0349105193392608,0.2217209690893901,0.1417274939172749,0.1494772284245968,2.6220095693779903,0.8118022328548644,"{'type': 'text', 'vectorizers': ['distilbert'], 'models': ['mlp'], 'hidden_layer_sizes': (256, 128), 'learning_rate_init': 0.001, 'batch_size': 32, 'max_iter': 40}"
text,,"Tuning | {'hidden_layer_sizes': (256, 128), 'learning_rate_init': 0.001, 'batch_size': 32, 'max_iter': 80}",distilbert,mlp,,,0,10.816592931747437,0.1759213759213759,0.0299531459170013,0.1754567466431873,0.1086165048543689,0.1435541859270672,2.5392912172573188,0.5963020030816641,"{'type': 'text', 'vectorizers': ['distilbert'], 'models': ['mlp'], 'hidden_layer_sizes': (256, 128), 'learning_rate_init': 0.001, 'batch_size': 32, 'max_iter': 80}"
text,,"Tuning | {'hidden_layer_sizes': (256, 128), 'learning_rate_init': 0.001, 'batch_size': 32, 'max_iter': 80}",distilbert,mlp,,,1,10.816592931747437,0.2481367821131082,0.0357195545025426,0.2775628046494188,0.1716191631291692,0.1500437445319335,2.5968503937007874,0.9952755905511812,"{'type': 'text', 'vectorizers': ['distilbert'], 'models': ['mlp'], 'hidden_layer_sizes': (256, 128), 'learning_rate_init': 0.001, 'batch_size': 32, 'max_iter': 80}"
text,,"Tuning | {'hidden_layer_sizes': (256, 128), 'learning_rate_init': 0.001, 'batch_size': 32, 'max_iter': 80}",distilbert,mlp,,,2,10.816592931747437,0.2164421737111007,0.0349105193392608,0.2217209690893901,0.1417274939172749,0.1494772284245968,2.6220095693779903,0.8118022328548644,"{'type': 'text', 'vectorizers': ['distilbert'], 'models': ['mlp'], 'hidden_layer_sizes': (256, 128), 'learning_rate_init': 0.001, 'batch_size': 32, 'max_iter': 80}"
text,,"Tuning | {'hidden_layer_sizes': (256, 128), 'learning_rate_init': 0.001, 'batch_size': 64, 'max_iter': 40}",distilbert,mlp,,,0,6.729875564575195,0.1190100052659294,0.0252170706716161,0.1104336341624477,0.0685679611650485,0.1432117788049991,2.5392912172573188,0.386748844375963,"{'type': 'text', 'vectorizers': ['distilbert'], 'models': ['mlp'], 'hidden_layer_sizes': (256, 128), 'learning_rate_init': 0.001, 'batch_size': 64, 'max_iter': 40}"
text,,"Tuning | {'hidden_layer_sizes': (256, 128), 'learning_rate_init': 0.001, 'batch_size': 64, 'max_iter': 40}",distilbert,mlp,,,1,6.729875564575195,0.1985948477751756,0.042383998351326,0.1986651668541432,0.1285627653123104,0.1496937882764654,2.5968503937007874,0.7653543307086614,"{'type': 'text', 'vectorizers': ['distilbert'], 'models': ['mlp'], 'hidden_layer_sizes': (256, 128), 'learning_rate_init': 0.001, 'batch_size': 64, 'max_iter': 40}"
text,,"Tuning | {'hidden_layer_sizes': (256, 128), 'learning_rate_init': 0.001, 'batch_size': 64, 'max_iter': 40}",distilbert,mlp,,,2,6.729875564575195,0.2407489968791796,0.0340522133938706,0.2582972582972583,0.1642335766423357,0.1508949140528087,2.6220095693779903,0.9553429027113236,"{'type': 'text', 'vectorizers': ['distilbert'], 'models': ['mlp'], 'hidden_layer_sizes': (256, 128), 'learning_rate_init': 0.001, 'batch_size': 64, 'max_iter': 40}"
text,,"Tuning | {'hidden_layer_sizes': (256, 128), 'learning_rate_init': 0.001, 'batch_size': 64, 'max_iter': 80}",distilbert,mlp,,,0,6.717361927032471,0.1190100052659294,0.0252170706716161,0.1104336341624477,0.0685679611650485,0.1432117788049991,2.5392912172573188,0.386748844375963,"{'type': 'text', 'vectorizers': ['distilbert'], 'models': ['mlp'], 'hidden_layer_sizes': (256, 128), 'learning_rate_init': 0.001, 'batch_size': 64, 'max_iter': 80}"
text,,"Tuning | {'hidden_layer_sizes': (256, 128), 'learning_rate_init': 0.001, 'batch_size': 64, 'max_iter': 80}",distilbert,mlp,,,1,6.717361927032471,0.1985948477751756,0.042383998351326,0.1986651668541432,0.1285627653123104,0.1496937882764654,2.5968503937007874,0.7653543307086614,"{'type': 'text', 'vectorizers': ['distilbert'], 'models': ['mlp'], 'hidden_layer_sizes': (256, 128), 'learning_rate_init': 0.001, 'batch_size': 64, 'max_iter': 80}"
text,,"Tuning | {'hidden_layer_sizes': (256, 128), 'learning_rate_init': 0.001, 'batch_size': 64, 'max_iter': 80}",distilbert,mlp,,,2,6.717361927032471,0.2407489968791796,0.0340522133938706,0.2582972582972583,0.1642335766423357,0.1508949140528087,2.6220095693779903,0.9553429027113236,"{'type': 'text', 'vectorizers': ['distilbert'], 'models': ['mlp'], 'hidden_layer_sizes': (256, 128), 'learning_rate_init': 0.001, 'batch_size': 64, 'max_iter': 80}"
text,,"Tuning | {'hidden_layer_sizes': (256, 128), 'learning_rate_init': 0.0005, 'batch_size': 32, 'max_iter': 40}",distilbert,mlp,,,0,14.215726852416992,0.1778398510242085,0.0465704558798525,0.1676351896690879,0.1158980582524271,0.1511727443930833,2.5392912172573188,0.7704160246533128,"{'type': 'text', 'vectorizers': ['distilbert'], 'models': ['mlp'], 'hidden_layer_sizes': (256, 128), 'learning_rate_init': 0.0005, 'batch_size': 32, 'max_iter': 40}"
text,,"Tuning | {'hidden_layer_sizes': (256, 128), 'learning_rate_init': 0.0005, 'batch_size': 32, 'max_iter': 40}",distilbert,mlp,,,1,14.215726852416992,0.1846153846153846,0.0304921212511971,0.1881889763779527,0.1164342025469981,0.1483814523184602,2.5968503937007874,0.6787401574803149,"{'type': 'text', 'vectorizers': ['distilbert'], 'models': ['mlp'], 'hidden_layer_sizes': (256, 128), 'learning_rate_init': 0.0005, 'batch_size': 32, 'max_iter': 40}"
text,,"Tuning | {'hidden_layer_sizes': (256, 128), 'learning_rate_init': 0.0005, 'batch_size': 32, 'max_iter': 40}",distilbert,mlp,,,2,14.215726852416992,0.2029259084473808,0.0315573168941729,0.2092276144907723,0.1307785888077859,0.1496544391281233,2.6220095693779903,0.7575757575757576,"{'type': 'text', 'vectorizers': ['distilbert'], 'models': ['mlp'], 'hidden_layer_sizes': (256, 128), 'learning_rate_init': 0.0005, 'batch_size': 32, 'max_iter': 40}"
text,,"Tuning | {'hidden_layer_sizes': (256, 128), 'learning_rate_init': 0.0005, 'batch_size': 32, 'max_iter': 80}",distilbert,mlp,,,0,14.218880414962769,0.1778398510242085,0.0465704558798525,0.1676351896690879,0.1158980582524271,0.1511727443930833,2.5392912172573188,0.7704160246533128,"{'type': 'text', 'vectorizers': ['distilbert'], 'models': ['mlp'], 'hidden_layer_sizes': (256, 128), 'learning_rate_init': 0.0005, 'batch_size': 32, 'max_iter': 80}"
text,,"Tuning | {'hidden_layer_sizes': (256, 128), 'learning_rate_init': 0.0005, 'batch_size': 32, 'max_iter': 80}",distilbert,mlp,,,1,14.218880414962769,0.1846153846153846,0.0304921212511971,0.1881889763779527,0.1164342025469981,0.1483814523184602,2.5968503937007874,0.6787401574803149,"{'type': 'text', 'vectorizers': ['distilbert'], 'models': ['mlp'], 'hidden_layer_sizes': (256, 128), 'learning_rate_init': 0.0005, 'batch_size': 32, 'max_iter': 80}"
text,,"Tuning | {'hidden_layer_sizes': (256, 128), 'learning_rate_init': 0.0005, 'batch_size': 32, 'max_iter': 80}",distilbert,mlp,,,2,14.218880414962769,0.2029259084473808,0.0315573168941729,0.2092276144907723,0.1307785888077859,0.1496544391281233,2.6220095693779903,0.7575757575757576,"{'type': 'text', 'vectorizers': ['distilbert'], 'models': ['mlp'], 'hidden_layer_sizes': (256, 128), 'learning_rate_init': 0.0005, 'batch_size': 32, 'max_iter': 80}"
text,,"Tuning | {'hidden_layer_sizes': (256, 128), 'learning_rate_init': 0.0005, 'batch_size': 64, 'max_iter': 40}",distilbert,mlp,,,0,9.0142183303833,0.1440892947742262,0.0332251915416872,0.1352703793381759,0.0861650485436893,0.1444102037322376,2.5392912172573188,0.49768875192604,"{'type': 'text', 'vectorizers': ['distilbert'], 'models': ['mlp'], 'hidden_layer_sizes': (256, 128), 'learning_rate_init': 0.0005, 'batch_size': 64, 'max_iter': 40}"
text,,"Tuning | {'hidden_layer_sizes': (256, 128), 'learning_rate_init': 0.0005, 'batch_size': 64, 'max_iter': 40}",distilbert,mlp,,,1,9.0142183303833,0.1877979027645376,0.0300259106843468,0.1952755905511811,0.1194663432383262,0.1490813648293963,2.5968503937007874,0.7070866141732284,"{'type': 'text', 'vectorizers': ['distilbert'], 'models': ['mlp'], 'hidden_layer_sizes': (256, 128), 'learning_rate_init': 0.0005, 'batch_size': 64, 'max_iter': 40}"
text,,"Tuning | {'hidden_layer_sizes': (256, 128), 'learning_rate_init': 0.0005, 'batch_size': 64, 'max_iter': 40}",distilbert,mlp,,,2,9.0142183303833,0.162134944612286,0.0290188506602771,0.1556618819776714,0.0979318734793187,0.1474393053340421,2.6220095693779903,0.5454545454545454,"{'type': 'text', 'vectorizers': ['distilbert'], 'models': ['mlp'], 'hidden_layer_sizes': (256, 128), 'learning_rate_init': 0.0005, 'batch_size': 64, 'max_iter': 40}"
text,,"Tuning | {'hidden_layer_sizes': (256, 128), 'learning_rate_init': 0.0005, 'batch_size': 64, 'max_iter': 80}",distilbert,mlp,,,0,8.957704782485962,0.1440892947742262,0.0332251915416872,0.1352703793381759,0.0861650485436893,0.1444102037322376,2.5392912172573188,0.49768875192604,"{'type': 'text', 'vectorizers': ['distilbert'], 'models': ['mlp'], 'hidden_layer_sizes': (256, 128), 'learning_rate_init': 0.0005, 'batch_size': 64, 'max_iter': 80}"
text,,"Tuning | {'hidden_layer_sizes': (256, 128), 'learning_rate_init': 0.0005, 'batch_size': 64, 'max_iter': 80}",distilbert,mlp,,,1,8.957704782485962,0.1877979027645376,0.0300259106843468,0.1952755905511811,0.1194663432383262,0.1490813648293963,2.5968503937007874,0.7070866141732284,"{'type': 'text', 'vectorizers': ['distilbert'], 'models': ['mlp'], 'hidden_layer_sizes': (256, 128), 'learning_rate_init': 0.0005, 'batch_size': 64, 'max_iter': 80}"
text,,"Tuning | {'hidden_layer_sizes': (256, 128), 'learning_rate_init': 0.0005, 'batch_size': 64, 'max_iter': 80}",distilbert,mlp,,,2,8.957704782485962,0.162134944612286,0.0290188506602771,0.1556618819776714,0.0979318734793187,0.1474393053340421,2.6220095693779903,0.5454545454545454,"{'type': 'text', 'vectorizers': ['distilbert'], 'models': ['mlp'], 'hidden_layer_sizes': (256, 128), 'learning_rate_init': 0.0005, 'batch_size': 64, 'max_iter': 80}"
text,,"Tuning | {'hidden_layer_sizes': (512, 256), 'learning_rate_init': 0.001, 'batch_size': 32, 'max_iter': 40}",distilbert,mlp,,,0,41.93998408317566,0.1770401106500691,0.0469083053970667,0.1679727052608408,0.116504854368932,0.152799178222907,2.5392912172573188,0.802773497688752,"{'type': 'text', 'vectorizers': ['distilbert'], 'models': ['mlp'], 'hidden_layer_sizes': (512, 256), 'learning_rate_init': 0.001, 'batch_size': 32, 'max_iter': 40}"
text,,"Tuning | {'hidden_layer_sizes': (512, 256), 'learning_rate_init': 0.001, 'batch_size': 32, 'max_iter': 40}",distilbert,mlp,,,1,41.93998408317566,0.2171903881700554,0.0328029034059184,0.2359055118110236,0.1425106124924196,0.1482064741907261,2.5968503937007874,0.8110236220472441,"{'type': 'text', 'vectorizers': ['distilbert'], 'models': ['mlp'], 'hidden_layer_sizes': (512, 256), 'learning_rate_init': 0.001, 'batch_size': 32, 'max_iter': 40}"
text,,"Tuning | {'hidden_layer_sizes': (512, 256), 'learning_rate_init': 0.001, 'batch_size': 32, 'max_iter': 40}",distilbert,mlp,,,2,41.93998408317566,0.2011549566891241,0.0324332712600869,0.1971291866028708,0.1271289537712895,0.1470848839269891,2.6220095693779903,0.6921850079744817,"{'type': 'text', 'vectorizers': ['distilbert'], 'models': ['mlp'], 'hidden_layer_sizes': (512, 256), 'learning_rate_init': 0.001, 'batch_size': 32, 'max_iter': 40}"
text,,"Tuning | {'hidden_layer_sizes': (512, 256), 'learning_rate_init': 0.001, 'batch_size': 32, 'max_iter': 80}",distilbert,mlp,,,0,42.28892683982849,0.1770401106500691,0.0469083053970667,0.1679727052608408,0.116504854368932,0.152799178222907,2.5392912172573188,0.802773497688752,"{'type': 'text', 'vectorizers': ['distilbert'], 'models': ['mlp'], 'hidden_layer_sizes': (512, 256), 'learning_rate_init': 0.001, 'batch_size': 32, 'max_iter': 80}"
text,,"Tuning | {'hidden_layer_sizes': (512, 256), 'learning_rate_init': 0.001, 'batch_size': 32, 'max_iter': 80}",distilbert,mlp,,,1,42.28892683982849,0.2171903881700554,0.0328029034059184,0.2359055118110236,0.1425106124924196,0.1482064741907261,2.5968503937007874,0.8110236220472441,"{'type': 'text', 'vectorizers': ['distilbert'], 'models': ['mlp'], 'hidden_layer_sizes': (512, 256), 'learning_rate_init': 0.001, 'batch_size': 32, 'max_iter': 80}"
text,,"Tuning | {'hidden_layer_sizes': (512, 256), 'learning_rate_init': 0.001, 'batch_size': 32, 'max_iter': 80}",distilbert,mlp,,,2,42.28892683982849,0.2011549566891241,0.0324332712600869,0.1971291866028708,0.1271289537712895,0.1470848839269891,2.6220095693779903,0.6921850079744817,"{'type': 'text', 'vectorizers': ['distilbert'], 'models': ['mlp'], 'hidden_layer_sizes': (512, 256), 'learning_rate_init': 0.001, 'batch_size': 32, 'max_iter': 80}"
text,,"Tuning | {'hidden_layer_sizes': (512, 256), 'learning_rate_init': 0.001, 'batch_size': 64, 'max_iter': 40}",distilbert,mlp,,,0,25.681735038757324,0.1465914915427985,0.02720700152207,0.1418372587864113,0.0867718446601941,0.1425269645608628,2.5392912172573188,0.4668721109399075,"{'type': 'text', 'vectorizers': ['distilbert'], 'models': ['mlp'], 'hidden_layer_sizes': (512, 256), 'learning_rate_init': 0.001, 'batch_size': 64, 'max_iter': 40}"
text,,"Tuning | {'hidden_layer_sizes': (512, 256), 'learning_rate_init': 0.001, 'batch_size': 64, 'max_iter': 40}",distilbert,mlp,,,1,25.681735038757324,0.2329764453961456,0.0579510125150743,0.2375553055868016,0.1649484536082474,0.1566929133858267,2.5968503937007874,1.0803149606299212,"{'type': 'text', 'vectorizers': ['distilbert'], 'models': ['mlp'], 'hidden_layer_sizes': (512, 256), 'learning_rate_init': 0.001, 'batch_size': 64, 'max_iter': 40}"
text,,"Tuning | {'hidden_layer_sizes': (512, 256), 'learning_rate_init': 0.001, 'batch_size': 64, 'max_iter': 40}",distilbert,mlp,,,2,25.681735038757324,0.2297174111212397,0.0336538461538461,0.2397964608490924,0.1532846715328467,0.1497430444798866,2.6220095693779903,0.8771929824561403,"{'type': 'text', 'vectorizers': ['distilbert'], 'models': ['mlp'], 'hidden_layer_sizes': (512, 256), 'learning_rate_init': 0.001, 'batch_size': 64, 'max_iter': 40}"
text,,"Tuning | {'hidden_layer_sizes': (512, 256), 'learning_rate_init': 0.001, 'batch_size': 64, 'max_iter': 80}",distilbert,mlp,,,0,25.63069224357605,0.1465914915427985,0.02720700152207,0.1418372587864113,0.0867718446601941,0.1425269645608628,2.5392912172573188,0.4668721109399075,"{'type': 'text', 'vectorizers': ['distilbert'], 'models': ['mlp'], 'hidden_layer_sizes': (512, 256), 'learning_rate_init': 0.001, 'batch_size': 64, 'max_iter': 80}"
text,,"Tuning | {'hidden_layer_sizes': (512, 256), 'learning_rate_init': 0.001, 'batch_size': 64, 'max_iter': 80}",distilbert,mlp,,,1,25.63069224357605,0.2329764453961456,0.0579510125150743,0.2375553055868016,0.1649484536082474,0.1566929133858267,2.5968503937007874,1.0803149606299212,"{'type': 'text', 'vectorizers': ['distilbert'], 'models': ['mlp'], 'hidden_layer_sizes': (512, 256), 'learning_rate_init': 0.001, 'batch_size': 64, 'max_iter': 80}"
text,,"Tuning | {'hidden_layer_sizes': (512, 256), 'learning_rate_init': 0.001, 'batch_size': 64, 'max_iter': 80}",distilbert,mlp,,,2,25.63069224357605,0.2297174111212397,0.0336538461538461,0.2397964608490924,0.1532846715328467,0.1497430444798866,2.6220095693779903,0.8771929824561403,"{'type': 'text', 'vectorizers': ['distilbert'], 'models': ['mlp'], 'hidden_layer_sizes': (512, 256), 'learning_rate_init': 0.001, 'batch_size': 64, 'max_iter': 80}"
text,,"Tuning | {'hidden_layer_sizes': (512, 256), 'learning_rate_init': 0.0005, 'batch_size': 32, 'max_iter': 40}",distilbert,mlp,,,0,48.44356966018677,0.1766715470961444,0.0329600652501164,0.1776652725805268,0.1098300970873786,0.1444102037322376,2.5392912172573188,0.6178736517719569,"{'type': 'text', 'vectorizers': ['distilbert'], 'models': ['mlp'], 'hidden_layer_sizes': (512, 256), 'learning_rate_init': 0.0005, 'batch_size': 32, 'max_iter': 40}"
text,,"Tuning | {'hidden_layer_sizes': (512, 256), 'learning_rate_init': 0.0005, 'batch_size': 32, 'max_iter': 40}",distilbert,mlp,,,1,48.44356966018677,0.1508097165991903,0.0340393452028522,0.1433595800524934,0.0903577926015767,0.1468066491688539,2.5968503937007874,0.5149606299212598,"{'type': 'text', 'vectorizers': ['distilbert'], 'models': ['mlp'], 'hidden_layer_sizes': (512, 256), 'learning_rate_init': 0.0005, 'batch_size': 32, 'max_iter': 40}"
text,,"Tuning | {'hidden_layer_sizes': (512, 256), 'learning_rate_init': 0.0005, 'batch_size': 32, 'max_iter': 40}",distilbert,mlp,,,2,48.44356966018677,0.1929570670525808,0.0312548835755586,0.1896635528214475,0.121654501216545,0.1482367534999114,2.6220095693779903,0.6842105263157895,"{'type': 'text', 'vectorizers': ['distilbert'], 'models': ['mlp'], 'hidden_layer_sizes': (512, 256), 'learning_rate_init': 0.0005, 'batch_size': 32, 'max_iter': 40}"
text,,"Tuning | {'hidden_layer_sizes': (512, 256), 'learning_rate_init': 0.0005, 'batch_size': 32, 'max_iter': 80}",distilbert,mlp,,,0,48.4328510761261,0.1766715470961444,0.0329600652501164,0.1776652725805268,0.1098300970873786,0.1444102037322376,2.5392912172573188,0.6178736517719569,"{'type': 'text', 'vectorizers': ['distilbert'], 'models': ['mlp'], 'hidden_layer_sizes': (512, 256), 'learning_rate_init': 0.0005, 'batch_size': 32, 'max_iter': 80}"
text,,"Tuning | {'hidden_layer_sizes': (512, 256), 'learning_rate_init': 0.0005, 'batch_size': 32, 'max_iter': 80}",distilbert,mlp,,,1,48.4328510761261,0.1508097165991903,0.0340393452028522,0.1433595800524934,0.0903577926015767,0.1468066491688539,2.5968503937007874,0.5149606299212598,"{'type': 'text', 'vectorizers': ['distilbert'], 'models': ['mlp'], 'hidden_layer_sizes': (512, 256), 'learning_rate_init': 0.0005, 'batch_size': 32, 'max_iter': 80}"
text,,"Tuning | {'hidden_layer_sizes': (512, 256), 'learning_rate_init': 0.0005, 'batch_size': 32, 'max_iter': 80}",distilbert,mlp,,,2,48.4328510761261,0.1929570670525808,0.0312548835755586,0.1896635528214475,0.121654501216545,0.1482367534999114,2.6220095693779903,0.6842105263157895,"{'type': 'text', 'vectorizers': ['distilbert'], 'models': ['mlp'], 'hidden_layer_sizes': (512, 256), 'learning_rate_init': 0.0005, 'batch_size': 32, 'max_iter': 80}"
text,,"Tuning | {'hidden_layer_sizes': (512, 256), 'learning_rate_init': 0.0005, 'batch_size': 64, 'max_iter': 40}",distilbert,mlp,,,0,32.873936891555786,0.1715686274509804,0.0339484598536744,0.1681341257612444,0.1061893203883495,0.1446670090737887,2.5392912172573188,0.6040061633281972,"{'type': 'text', 'vectorizers': ['distilbert'], 'models': ['mlp'], 'hidden_layer_sizes': (512, 256), 'learning_rate_init': 0.0005, 'batch_size': 64, 'max_iter': 40}"
text,,"Tuning | {'hidden_layer_sizes': (512, 256), 'learning_rate_init': 0.0005, 'batch_size': 64, 'max_iter': 40}",distilbert,mlp,,,1,32.873936891555786,0.2298163178129004,0.0574609324951945,0.2272403449568803,0.1631291691934505,0.1577427821522309,2.5968503937007874,1.089763779527559,"{'type': 'text', 'vectorizers': ['distilbert'], 'models': ['mlp'], 'hidden_layer_sizes': (512, 256), 'learning_rate_init': 0.0005, 'batch_size': 64, 'max_iter': 40}"
text,,"Tuning | {'hidden_layer_sizes': (512, 256), 'learning_rate_init': 0.0005, 'batch_size': 64, 'max_iter': 40}",distilbert,mlp,,,2,32.873936891555786,0.1694915254237288,0.0296864786891157,0.1603706235285182,0.1034063260340632,0.1476165160375686,2.6220095693779903,0.5773524720893142,"{'type': 'text', 'vectorizers': ['distilbert'], 'models': ['mlp'], 'hidden_layer_sizes': (512, 256), 'learning_rate_init': 0.0005, 'batch_size': 64, 'max_iter': 40}"
text,,"Tuning | {'hidden_layer_sizes': (512, 256), 'learning_rate_init': 0.0005, 'batch_size': 64, 'max_iter': 80}",distilbert,mlp,,,0,32.737098932266235,0.1715686274509804,0.0339484598536744,0.1681341257612444,0.1061893203883495,0.1446670090737887,2.5392912172573188,0.6040061633281972,"{'type': 'text', 'vectorizers': ['distilbert'], 'models': ['mlp'], 'hidden_layer_sizes': (512, 256), 'learning_rate_init': 0.0005, 'batch_size': 64, 'max_iter': 80}"
text,,"Tuning | {'hidden_layer_sizes': (512, 256), 'learning_rate_init': 0.0005, 'batch_size': 64, 'max_iter': 80}",distilbert,mlp,,,1,32.737098932266235,0.2298163178129004,0.0574609324951945,0.2272403449568803,0.1631291691934505,0.1577427821522309,2.5968503937007874,1.089763779527559,"{'type': 'text', 'vectorizers': ['distilbert'], 'models': ['mlp'], 'hidden_layer_sizes': (512, 256), 'learning_rate_init': 0.0005, 'batch_size': 64, 'max_iter': 80}"
text,,"Tuning | {'hidden_layer_sizes': (512, 256), 'learning_rate_init': 0.0005, 'batch_size': 64, 'max_iter': 80}",distilbert,mlp,,,2,32.737098932266235,0.1694915254237288,0.0296864786891157,0.1603706235285182,0.1034063260340632,0.1476165160375686,2.6220095693779903,0.5773524720893142,"{'type': 'text', 'vectorizers': ['distilbert'], 'models': ['mlp'], 'hidden_layer_sizes': (512, 256), 'learning_rate_init': 0.0005, 'batch_size': 64, 'max_iter': 80}"
graphics,,"Tuning | {'balanced': True, 'threshold': 0.2}",resnet50,logistic,,,0,9.257965564727783,0.2472618154538634,0.2316146427528821,0.2426733365078927,1.0,0.8589282657079267,2.5392912172573188,18.0,"{'type': 'graphics', 'vectorizers': ['resnet50'], 'models': ['logistic'], 'balanced': True, 'threshold': 0.2}"
graphics,,"Tuning | {'balanced': True, 'threshold': 0.2}",resnet50,logistic,,,1,9.257965564727783,0.2521599510665953,0.2359697918311121,0.2480330732529871,1.0,0.8557305336832896,2.5968503937007874,18.0,"{'type': 'graphics', 'vectorizers': ['resnet50'], 'models': ['logistic'], 'balanced': True, 'threshold': 0.2}"
graphics,,"Tuning | {'balanced': True, 'threshold': 0.2}",resnet50,logistic,,,2,9.257965564727783,0.254292343387471,0.2376615215462824,0.2499395575573955,1.0,0.8543328017012227,2.6220095693779903,18.0,"{'type': 'graphics', 'vectorizers': ['resnet50'], 'models': ['logistic'], 'balanced': True, 'threshold': 0.2}"
graphics,,"Tuning | {'balanced': True, 'threshold': 0.3}",resnet50,logistic,,,0,0.9860670566558838,0.2472618154538634,0.2316146427528821,0.2426733365078927,1.0,0.8589282657079267,2.5392912172573188,18.0,"{'type': 'graphics', 'vectorizers': ['resnet50'], 'models': ['logistic'], 'balanced': True, 'threshold': 0.3}"
graphics,,"Tuning | {'balanced': True, 'threshold': 0.3}",resnet50,logistic,,,1,0.9860670566558838,0.2521599510665953,0.2359697918311121,0.2480330732529871,1.0,0.8557305336832896,2.5968503937007874,18.0,"{'type': 'graphics', 'vectorizers': ['resnet50'], 'models': ['logistic'], 'balanced': True, 'threshold': 0.3}"
graphics,,"Tuning | {'balanced': True, 'threshold': 0.3}",resnet50,logistic,,,2,0.9860670566558838,0.254292343387471,0.2376615215462824,0.2499395575573955,1.0,0.8543328017012227,2.6220095693779903,18.0,"{'type': 'graphics', 'vectorizers': ['resnet50'], 'models': ['logistic'], 'balanced': True, 'threshold': 0.3}"
graphics,,"Tuning | {'balanced': True, 'threshold': 0.4}",resnet50,logistic,,,0,0.9791700839996338,0.2472618154538634,0.2316146427528821,0.2426733365078927,1.0,0.8589282657079267,2.5392912172573188,18.0,"{'type': 'graphics', 'vectorizers': ['resnet50'], 'models': ['logistic'], 'balanced': True, 'threshold': 0.4}"
graphics,,"Tuning | {'balanced': True, 'threshold': 0.4}",resnet50,logistic,,,1,0.9791700839996338,0.2521599510665953,0.2359697918311121,0.2480330732529871,1.0,0.8557305336832896,2.5968503937007874,18.0,"{'type': 'graphics', 'vectorizers': ['resnet50'], 'models': ['logistic'], 'balanced': True, 'threshold': 0.4}"
graphics,,"Tuning | {'balanced': True, 'threshold': 0.4}",resnet50,logistic,,,2,0.9791700839996338,0.254292343387471,0.2376615215462824,0.2499395575573955,1.0,0.8543328017012227,2.6220095693779903,18.0,"{'type': 'graphics', 'vectorizers': ['resnet50'], 'models': ['logistic'], 'balanced': True, 'threshold': 0.4}"
graphics,,"Tuning | {'balanced': True, 'threshold': 0.5}",resnet50,logistic,,,0,1.0351433753967283,0.0,0.0,0.0,0.0,0.1410717342920733,2.5392912172573188,0.0,"{'type': 'graphics', 'vectorizers': ['resnet50'], 'models': ['logistic'], 'balanced': True, 'threshold': 0.5}"
graphics,,"Tuning | {'balanced': True, 'threshold': 0.5}",resnet50,logistic,,,1,1.0351433753967283,0.0,0.0,0.0,0.0,0.1442694663167104,2.5968503937007874,0.0,"{'type': 'graphics', 'vectorizers': ['resnet50'], 'models': ['logistic'], 'balanced': True, 'threshold': 0.5}"
graphics,,"Tuning | {'balanced': True, 'threshold': 0.5}",resnet50,logistic,,,2,1.0351433753967283,0.0,0.0,0.0,0.0,0.1456671982987772,2.6220095693779903,0.0,"{'type': 'graphics', 'vectorizers': ['resnet50'], 'models': ['logistic'], 'balanced': True, 'threshold': 0.5}"
graphics,,"Tuning | {'balanced': False, 'threshold': 0.2}",resnet50,logistic,,,0,1.378856897354126,0.3892554194156456,0.1060412563357425,0.3873052559493237,0.5012135922330098,0.2218798151001541,2.5392912172573188,4.0,"{'type': 'graphics', 'vectorizers': ['resnet50'], 'models': ['logistic'], 'balanced': False, 'threshold': 0.2}"
graphics,,"Tuning | {'balanced': False, 'threshold': 0.2}",resnet50,logistic,,,1,1.378856897354126,0.3948436380997852,0.1078860576793119,0.3916810398700162,0.501516070345664,0.2217847769028871,2.5968503937007874,4.0,"{'type': 'graphics', 'vectorizers': ['resnet50'], 'models': ['logistic'], 'balanced': False, 'threshold': 0.2}"
graphics,,"Tuning | {'balanced': False, 'threshold': 0.2}",resnet50,logistic,,,2,1.378856897354126,0.3988439306358382,0.1089974158597702,0.3956647817891837,0.5036496350364964,0.2211589580010632,2.6220095693779903,4.0,"{'type': 'graphics', 'vectorizers': ['resnet50'], 'models': ['logistic'], 'balanced': False, 'threshold': 0.2}"
graphics,,"Tuning | {'balanced': False, 'threshold': 0.3}",resnet50,logistic,,,0,1.3795161247253418,0.3455532926001358,0.0624586369574783,0.3662741213588671,0.3088592233009709,0.165040232836843,2.5392912172573188,2.0,"{'type': 'graphics', 'vectorizers': ['resnet50'], 'models': ['logistic'], 'balanced': False, 'threshold': 0.3}"
graphics,,"Tuning | {'balanced': False, 'threshold': 0.3}",resnet50,logistic,,,1,1.3795161247253418,0.3494347379239466,0.0635349839164734,0.3671728533933259,0.3092783505154639,0.1661417322834645,2.5968503937007874,2.0,"{'type': 'graphics', 'vectorizers': ['resnet50'], 'models': ['logistic'], 'balanced': False, 'threshold': 0.3}"
graphics,,"Tuning | {'balanced': False, 'threshold': 0.3}",resnet50,logistic,,,2,1.3795161247253418,0.3526570048309179,0.0641949319542546,0.3656274524695577,0.3108272506082725,0.1662236399078504,2.6220095693779903,2.0,"{'type': 'graphics', 'vectorizers': ['resnet50'], 'models': ['logistic'], 'balanced': False, 'threshold': 0.3}"
graphics,,"Tuning | {'balanced': False, 'threshold': 0.4}",resnet50,logistic,,,0,1.321688175201416,0.2446669569003047,0.0335722819593787,0.2712231271553305,0.170509708737864,0.1485190891970553,2.5392912172573188,1.0,"{'type': 'graphics', 'vectorizers': ['resnet50'], 'models': ['logistic'], 'balanced': False, 'threshold': 0.4}"
graphics,,"Tuning | {'balanced': False, 'threshold': 0.4}",resnet50,logistic,,,1,1.321688175201416,0.2460595446584938,0.0340853954391072,0.27610048743907,0.1704063068526379,0.1506561679790026,2.5968503937007874,1.0,"{'type': 'graphics', 'vectorizers': ['resnet50'], 'models': ['logistic'], 'balanced': False, 'threshold': 0.4}"
graphics,,"Tuning | {'balanced': False, 'threshold': 0.4}",resnet50,logistic,,,2,1.321688175201416,0.2483487450462351,0.0344701136780344,0.2703653072074125,0.1715328467153284,0.1512493354598617,2.6220095693779903,1.0,"{'type': 'graphics', 'vectorizers': ['resnet50'], 'models': ['logistic'], 'balanced': False, 'threshold': 0.4}"
graphics,,"Tuning | {'balanced': False, 'threshold': 0.5}",resnet50,logistic,,,0,1.3308868408203125,0.0,0.0,0.0,0.0,0.1410717342920733,2.5392912172573188,0.0,"{'type': 'graphics', 'vectorizers': ['resnet50'], 'models': ['logistic'], 'balanced': False, 'threshold': 0.5}"
graphics,,"Tuning | {'balanced': False, 'threshold': 0.5}",resnet50,logistic,,,1,1.3308868408203125,0.0,0.0,0.0,0.0,0.1442694663167104,2.5968503937007874,0.0,"{'type': 'graphics', 'vectorizers': ['resnet50'], 'models': ['logistic'], 'balanced': False, 'threshold': 0.5}"
graphics,,"Tuning | {'balanced': False, 'threshold': 0.5}",resnet50,logistic,,,2,1.3308868408203125,0.0,0.0,0.0,0.0,0.1456671982987772,2.6220095693779903,0.0,"{'type': 'graphics', 'vectorizers': ['resnet50'], 'models': ['logistic'], 'balanced': False, 'threshold': 0.5}"
graphics,,"Tuning | {'balanced': True, 'n_estimators': 100, 'max_depth': 3, 'max_features_rf': 'sqrt'}",resnet50,random_forest,,,0,19.41896104812622,0.3212752912323727,0.1038625838073634,0.3190793028235247,0.4769417475728155,0.2842835130970724,2.5392912172573188,5.0,"{'type': 'graphics', 'vectorizers': ['resnet50'], 'models': ['random_forest'], 'balanced': True, 'n_estimators': 100, 'max_depth': 3, 'max_features_rf': 'sqrt'}"
graphics,,"Tuning | {'balanced': True, 'n_estimators': 100, 'max_depth': 3, 'max_features_rf': 'sqrt'}",resnet50,random_forest,,,1,19.41896104812622,0.1982463961955714,0.0989711029444549,0.1916813370356677,0.4044875682231655,0.4720034995625546,2.5968503937007874,8.0,"{'type': 'graphics', 'vectorizers': ['resnet50'], 'models': ['random_forest'], 'balanced': True, 'n_estimators': 100, 'max_depth': 3, 'max_features_rf': 'sqrt'}"
graphics,,"Tuning | {'balanced': True, 'n_estimators': 100, 'max_depth': 3, 'max_features_rf': 'sqrt'}",resnet50,random_forest,,,2,19.41896104812622,0.2974472807991121,0.1119867676992245,0.2882672263055038,0.4890510948905109,0.3365231259968102,2.6220095693779903,6.0,"{'type': 'graphics', 'vectorizers': ['resnet50'], 'models': ['random_forest'], 'balanced': True, 'n_estimators': 100, 'max_depth': 3, 'max_features_rf': 'sqrt'}"
graphics,,"Tuning | {'balanced': True, 'n_estimators': 100, 'max_depth': 3, 'max_features_rf': 0.8}",resnet50,random_forest,,,0,19.251028776168823,0.3212752912323727,0.1038625838073634,0.3190793028235247,0.4769417475728155,0.2842835130970724,2.5392912172573188,5.0,"{'type': 'graphics', 'vectorizers': ['resnet50'], 'models': ['random_forest'], 'balanced': True, 'n_estimators': 100, 'max_depth': 3, 'max_features_rf': 0.8}"
graphics,,"Tuning | {'balanced': True, 'n_estimators': 100, 'max_depth': 3, 'max_features_rf': 0.8}",resnet50,random_forest,,,1,19.251028776168823,0.1982463961955714,0.0989711029444549,0.1916813370356677,0.4044875682231655,0.4720034995625546,2.5968503937007874,8.0,"{'type': 'graphics', 'vectorizers': ['resnet50'], 'models': ['random_forest'], 'balanced': True, 'n_estimators': 100, 'max_depth': 3, 'max_features_rf': 0.8}"
graphics,,"Tuning | {'balanced': True, 'n_estimators': 100, 'max_depth': 3, 'max_features_rf': 0.8}",resnet50,random_forest,,,2,19.251028776168823,0.2974472807991121,0.1119867676992245,0.2882672263055038,0.4890510948905109,0.3365231259968102,2.6220095693779903,6.0,"{'type': 'graphics', 'vectorizers': ['resnet50'], 'models': ['random_forest'], 'balanced': True, 'n_estimators': 100, 'max_depth': 3, 'max_features_rf': 0.8}"
graphics,,"Tuning | {'balanced': True, 'n_estimators': 100, 'max_depth': 5, 'max_features_rf': 'sqrt'}",resnet50,random_forest,,,0,19.151853561401367,0.3212752912323727,0.1038625838073634,0.3190793028235247,0.4769417475728155,0.2842835130970724,2.5392912172573188,5.0,"{'type': 'graphics', 'vectorizers': ['resnet50'], 'models': ['random_forest'], 'balanced': True, 'n_estimators': 100, 'max_depth': 5, 'max_features_rf': 'sqrt'}"
graphics,,"Tuning | {'balanced': True, 'n_estimators': 100, 'max_depth': 5, 'max_features_rf': 'sqrt'}",resnet50,random_forest,,,1,19.151853561401367,0.1982463961955714,0.0989711029444549,0.1916813370356677,0.4044875682231655,0.4720034995625546,2.5968503937007874,8.0,"{'type': 'graphics', 'vectorizers': ['resnet50'], 'models': ['random_forest'], 'balanced': True, 'n_estimators': 100, 'max_depth': 5, 'max_features_rf': 'sqrt'}"
graphics,,"Tuning | {'balanced': True, 'n_estimators': 100, 'max_depth': 5, 'max_features_rf': 'sqrt'}",resnet50,random_forest,,,2,19.151853561401367,0.2974472807991121,0.1119867676992245,0.2882672263055038,0.4890510948905109,0.3365231259968102,2.6220095693779903,6.0,"{'type': 'graphics', 'vectorizers': ['resnet50'], 'models': ['random_forest'], 'balanced': True, 'n_estimators': 100, 'max_depth': 5, 'max_features_rf': 'sqrt'}"
graphics,,"Tuning | {'balanced': True, 'n_estimators': 100, 'max_depth': 5, 'max_features_rf': 0.8}",resnet50,random_forest,,,0,19.199573040008545,0.3212752912323727,0.1038625838073634,0.3190793028235247,0.4769417475728155,0.2842835130970724,2.5392912172573188,5.0,"{'type': 'graphics', 'vectorizers': ['resnet50'], 'models': ['random_forest'], 'balanced': True, 'n_estimators': 100, 'max_depth': 5, 'max_features_rf': 0.8}"
graphics,,"Tuning | {'balanced': True, 'n_estimators': 100, 'max_depth': 5, 'max_features_rf': 0.8}",resnet50,random_forest,,,1,19.199573040008545,0.1982463961955714,0.0989711029444549,0.1916813370356677,0.4044875682231655,0.4720034995625546,2.5968503937007874,8.0,"{'type': 'graphics', 'vectorizers': ['resnet50'], 'models': ['random_forest'], 'balanced': True, 'n_estimators': 100, 'max_depth': 5, 'max_features_rf': 0.8}"
graphics,,"Tuning | {'balanced': True, 'n_estimators': 100, 'max_depth': 5, 'max_features_rf': 0.8}",resnet50,random_forest,,,2,19.199573040008545,0.2974472807991121,0.1119867676992245,0.2882672263055038,0.4890510948905109,0.3365231259968102,2.6220095693779903,6.0,"{'type': 'graphics', 'vectorizers': ['resnet50'], 'models': ['random_forest'], 'balanced': True, 'n_estimators': 100, 'max_depth': 5, 'max_features_rf': 0.8}"
graphics,,"Tuning | {'balanced': True, 'n_estimators': 200, 'max_depth': 3, 'max_features_rf': 'sqrt'}",resnet50,random_forest,,,0,30.681870222091675,0.2563619227144204,0.0730012621528567,0.253822730941375,0.3300970873786408,0.2701592193117617,2.5392912172573188,4.0,"{'type': 'graphics', 'vectorizers': ['resnet50'], 'models': ['random_forest'], 'balanced': True, 'n_estimators': 200, 'max_depth': 3, 'max_features_rf': 'sqrt'}"
graphics,,"Tuning | {'balanced': True, 'n_estimators': 200, 'max_depth': 3, 'max_features_rf': 'sqrt'}",resnet50,random_forest,,,1,30.681870222091675,0.2553897180762852,0.0833244978553031,0.2537290793196304,0.3735597331716191,0.3142607174103237,2.5968503937007874,5.0,"{'type': 'graphics', 'vectorizers': ['resnet50'], 'models': ['random_forest'], 'balanced': True, 'n_estimators': 200, 'max_depth': 3, 'max_features_rf': 'sqrt'}"
graphics,,"Tuning | {'balanced': True, 'n_estimators': 200, 'max_depth': 3, 'max_features_rf': 'sqrt'}",resnet50,random_forest,,,2,30.681870222091675,0.2582315945246023,0.0990401144125712,0.2495423148533196,0.4245742092457421,0.3553074605706184,2.6220095693779903,6.0,"{'type': 'graphics', 'vectorizers': ['resnet50'], 'models': ['random_forest'], 'balanced': True, 'n_estimators': 200, 'max_depth': 3, 'max_features_rf': 'sqrt'}"
graphics,,"Tuning | {'balanced': True, 'n_estimators': 200, 'max_depth': 3, 'max_features_rf': 0.8}",resnet50,random_forest,,,0,30.569848775863647,0.2563619227144204,0.0730012621528567,0.253822730941375,0.3300970873786408,0.2701592193117617,2.5392912172573188,4.0,"{'type': 'graphics', 'vectorizers': ['resnet50'], 'models': ['random_forest'], 'balanced': True, 'n_estimators': 200, 'max_depth': 3, 'max_features_rf': 0.8}"
graphics,,"Tuning | {'balanced': True, 'n_estimators': 200, 'max_depth': 3, 'max_features_rf': 0.8}",resnet50,random_forest,,,1,30.569848775863647,0.2553897180762852,0.0833244978553031,0.2537290793196304,0.3735597331716191,0.3142607174103237,2.5968503937007874,5.0,"{'type': 'graphics', 'vectorizers': ['resnet50'], 'models': ['random_forest'], 'balanced': True, 'n_estimators': 200, 'max_depth': 3, 'max_features_rf': 0.8}"
graphics,,"Tuning | {'balanced': True, 'n_estimators': 200, 'max_depth': 3, 'max_features_rf': 0.8}",resnet50,random_forest,,,2,30.569848775863647,0.2582315945246023,0.0990401144125712,0.2495423148533196,0.4245742092457421,0.3553074605706184,2.6220095693779903,6.0,"{'type': 'graphics', 'vectorizers': ['resnet50'], 'models': ['random_forest'], 'balanced': True, 'n_estimators': 200, 'max_depth': 3, 'max_features_rf': 0.8}"
graphics,,"Tuning | {'balanced': True, 'n_estimators': 200, 'max_depth': 5, 'max_features_rf': 'sqrt'}",resnet50,random_forest,,,0,31.04090714454651,0.2563619227144204,0.0730012621528567,0.253822730941375,0.3300970873786408,0.2701592193117617,2.5392912172573188,4.0,"{'type': 'graphics', 'vectorizers': ['resnet50'], 'models': ['random_forest'], 'balanced': True, 'n_estimators': 200, 'max_depth': 5, 'max_features_rf': 'sqrt'}"
graphics,,"Tuning | {'balanced': True, 'n_estimators': 200, 'max_depth': 5, 'max_features_rf': 'sqrt'}",resnet50,random_forest,,,1,31.04090714454651,0.2553897180762852,0.0833244978553031,0.2537290793196304,0.3735597331716191,0.3142607174103237,2.5968503937007874,5.0,"{'type': 'graphics', 'vectorizers': ['resnet50'], 'models': ['random_forest'], 'balanced': True, 'n_estimators': 200, 'max_depth': 5, 'max_features_rf': 'sqrt'}"
graphics,,"Tuning | {'balanced': True, 'n_estimators': 200, 'max_depth': 5, 'max_features_rf': 'sqrt'}",resnet50,random_forest,,,2,31.04090714454651,0.2582315945246023,0.0990401144125712,0.2495423148533196,0.4245742092457421,0.3553074605706184,2.6220095693779903,6.0,"{'type': 'graphics', 'vectorizers': ['resnet50'], 'models': ['random_forest'], 'balanced': True, 'n_estimators': 200, 'max_depth': 5, 'max_features_rf': 'sqrt'}"
graphics,,"Tuning | {'balanced': True, 'n_estimators': 200, 'max_depth': 5, 'max_features_rf': 0.8}",resnet50,random_forest,,,0,30.308289289474487,0.2563619227144204,0.0730012621528567,0.253822730941375,0.3300970873786408,0.2701592193117617,2.5392912172573188,4.0,"{'type': 'graphics', 'vectorizers': ['resnet50'], 'models': ['random_forest'], 'balanced': True, 'n_estimators': 200, 'max_depth': 5, 'max_features_rf': 0.8}"
graphics,,"Tuning | {'balanced': True, 'n_estimators': 200, 'max_depth': 5, 'max_features_rf': 0.8}",resnet50,random_forest,,,1,30.308289289474487,0.2553897180762852,0.0833244978553031,0.2537290793196304,0.3735597331716191,0.3142607174103237,2.5968503937007874,5.0,"{'type': 'graphics', 'vectorizers': ['resnet50'], 'models': ['random_forest'], 'balanced': True, 'n_estimators': 200, 'max_depth': 5, 'max_features_rf': 0.8}"
graphics,,"Tuning | {'balanced': True, 'n_estimators': 200, 'max_depth': 5, 'max_features_rf': 0.8}",resnet50,random_forest,,,2,30.308289289474487,0.2582315945246023,0.0990401144125712,0.2495423148533196,0.4245742092457421,0.3553074605706184,2.6220095693779903,6.0,"{'type': 'graphics', 'vectorizers': ['resnet50'], 'models': ['random_forest'], 'balanced': True, 'n_estimators': 200, 'max_depth': 5, 'max_features_rf': 0.8}"
graphics,,"Tuning | {'balanced': False, 'n_estimators': 100, 'max_depth': 3, 'max_features_rf': 'sqrt'}",resnet50,random_forest,,,0,19.32948327064514,0.0,0.0,0.0,0.0,0.1410717342920733,2.5392912172573188,0.0,"{'type': 'graphics', 'vectorizers': ['resnet50'], 'models': ['random_forest'], 'balanced': False, 'n_estimators': 100, 'max_depth': 3, 'max_features_rf': 'sqrt'}"
graphics,,"Tuning | {'balanced': False, 'n_estimators': 100, 'max_depth': 3, 'max_features_rf': 'sqrt'}",resnet50,random_forest,,,1,19.32948327064514,0.0,0.0,0.0,0.0,0.1442694663167104,2.5968503937007874,0.0,"{'type': 'graphics', 'vectorizers': ['resnet50'], 'models': ['random_forest'], 'balanced': False, 'n_estimators': 100, 'max_depth': 3, 'max_features_rf': 'sqrt'}"
graphics,,"Tuning | {'balanced': False, 'n_estimators': 100, 'max_depth': 3, 'max_features_rf': 'sqrt'}",resnet50,random_forest,,,2,19.32948327064514,0.0,0.0,0.0,0.0,0.1456671982987772,2.6220095693779903,0.0,"{'type': 'graphics', 'vectorizers': ['resnet50'], 'models': ['random_forest'], 'balanced': False, 'n_estimators': 100, 'max_depth': 3, 'max_features_rf': 'sqrt'}"
graphics,,"Tuning | {'balanced': False, 'n_estimators': 100, 'max_depth': 3, 'max_features_rf': 0.8}",resnet50,random_forest,,,0,19.22683596611023,0.0,0.0,0.0,0.0,0.1410717342920733,2.5392912172573188,0.0,"{'type': 'graphics', 'vectorizers': ['resnet50'], 'models': ['random_forest'], 'balanced': False, 'n_estimators': 100, 'max_depth': 3, 'max_features_rf': 0.8}"
graphics,,"Tuning | {'balanced': False, 'n_estimators': 100, 'max_depth': 3, 'max_features_rf': 0.8}",resnet50,random_forest,,,1,19.22683596611023,0.0,0.0,0.0,0.0,0.1442694663167104,2.5968503937007874,0.0,"{'type': 'graphics', 'vectorizers': ['resnet50'], 'models': ['random_forest'], 'balanced': False, 'n_estimators': 100, 'max_depth': 3, 'max_features_rf': 0.8}"
graphics,,"Tuning | {'balanced': False, 'n_estimators': 100, 'max_depth': 3, 'max_features_rf': 0.8}",resnet50,random_forest,,,2,19.22683596611023,0.0,0.0,0.0,0.0,0.1456671982987772,2.6220095693779903,0.0,"{'type': 'graphics', 'vectorizers': ['resnet50'], 'models': ['random_forest'], 'balanced': False, 'n_estimators': 100, 'max_depth': 3, 'max_features_rf': 0.8}"
graphics,,"Tuning | {'balanced': False, 'n_estimators': 100, 'max_depth': 5, 'max_features_rf': 'sqrt'}",resnet50,random_forest,,,0,19.172738313674927,0.0,0.0,0.0,0.0,0.1410717342920733,2.5392912172573188,0.0,"{'type': 'graphics', 'vectorizers': ['resnet50'], 'models': ['random_forest'], 'balanced': False, 'n_estimators': 100, 'max_depth': 5, 'max_features_rf': 'sqrt'}"
graphics,,"Tuning | {'balanced': False, 'n_estimators': 100, 'max_depth': 5, 'max_features_rf': 'sqrt'}",resnet50,random_forest,,,1,19.172738313674927,0.0,0.0,0.0,0.0,0.1442694663167104,2.5968503937007874,0.0,"{'type': 'graphics', 'vectorizers': ['resnet50'], 'models': ['random_forest'], 'balanced': False, 'n_estimators': 100, 'max_depth': 5, 'max_features_rf': 'sqrt'}"
graphics,,"Tuning | {'balanced': False, 'n_estimators': 100, 'max_depth': 5, 'max_features_rf': 'sqrt'}",resnet50,random_forest,,,2,19.172738313674927,0.0,0.0,0.0,0.0,0.1456671982987772,2.6220095693779903,0.0,"{'type': 'graphics', 'vectorizers': ['resnet50'], 'models': ['random_forest'], 'balanced': False, 'n_estimators': 100, 'max_depth': 5, 'max_features_rf': 'sqrt'}"
graphics,,"Tuning | {'balanced': False, 'n_estimators': 100, 'max_depth': 5, 'max_features_rf': 0.8}",resnet50,random_forest,,,0,19.14014744758606,0.0,0.0,0.0,0.0,0.1410717342920733,2.5392912172573188,0.0,"{'type': 'graphics', 'vectorizers': ['resnet50'], 'models': ['random_forest'], 'balanced': False, 'n_estimators': 100, 'max_depth': 5, 'max_features_rf': 0.8}"
graphics,,"Tuning | {'balanced': False, 'n_estimators': 100, 'max_depth': 5, 'max_features_rf': 0.8}",resnet50,random_forest,,,1,19.14014744758606,0.0,0.0,0.0,0.0,0.1442694663167104,2.5968503937007874,0.0,"{'type': 'graphics', 'vectorizers': ['resnet50'], 'models': ['random_forest'], 'balanced': False, 'n_estimators': 100, 'max_depth': 5, 'max_features_rf': 0.8}"
graphics,,"Tuning | {'balanced': False, 'n_estimators': 100, 'max_depth': 5, 'max_features_rf': 0.8}",resnet50,random_forest,,,2,19.14014744758606,0.0,0.0,0.0,0.0,0.1456671982987772,2.6220095693779903,0.0,"{'type': 'graphics', 'vectorizers': ['resnet50'], 'models': ['random_forest'], 'balanced': False, 'n_estimators': 100, 'max_depth': 5, 'max_features_rf': 0.8}"
graphics,,"Tuning | {'balanced': False, 'n_estimators': 200, 'max_depth': 3, 'max_features_rf': 'sqrt'}",resnet50,random_forest,,,0,31.01516580581665,0.0,0.0,0.0,0.0,0.1410717342920733,2.5392912172573188,0.0,"{'type': 'graphics', 'vectorizers': ['resnet50'], 'models': ['random_forest'], 'balanced': False, 'n_estimators': 200, 'max_depth': 3, 'max_features_rf': 'sqrt'}"
graphics,,"Tuning | {'balanced': False, 'n_estimators': 200, 'max_depth': 3, 'max_features_rf': 'sqrt'}",resnet50,random_forest,,,1,31.01516580581665,0.0,0.0,0.0,0.0,0.1442694663167104,2.5968503937007874,0.0,"{'type': 'graphics', 'vectorizers': ['resnet50'], 'models': ['random_forest'], 'balanced': False, 'n_estimators': 200, 'max_depth': 3, 'max_features_rf': 'sqrt'}"
graphics,,"Tuning | {'balanced': False, 'n_estimators': 200, 'max_depth': 3, 'max_features_rf': 'sqrt'}",resnet50,random_forest,,,2,31.01516580581665,0.0,0.0,0.0,0.0,0.1456671982987772,2.6220095693779903,0.0,"{'type': 'graphics', 'vectorizers': ['resnet50'], 'models': ['random_forest'], 'balanced': False, 'n_estimators': 200, 'max_depth': 3, 'max_features_rf': 'sqrt'}"
graphics,,"Tuning | {'balanced': False, 'n_estimators': 200, 'max_depth': 3, 'max_features_rf': 0.8}",resnet50,random_forest,,,0,30.591628074646,0.0,0.0,0.0,0.0,0.1410717342920733,2.5392912172573188,0.0,"{'type': 'graphics', 'vectorizers': ['resnet50'], 'models': ['random_forest'], 'balanced': False, 'n_estimators': 200, 'max_depth': 3, 'max_features_rf': 0.8}"
graphics,,"Tuning | {'balanced': False, 'n_estimators': 200, 'max_depth': 3, 'max_features_rf': 0.8}",resnet50,random_forest,,,1,30.591628074646,0.0,0.0,0.0,0.0,0.1442694663167104,2.5968503937007874,0.0,"{'type': 'graphics', 'vectorizers': ['resnet50'], 'models': ['random_forest'], 'balanced': False, 'n_estimators': 200, 'max_depth': 3, 'max_features_rf': 0.8}"
graphics,,"Tuning | {'balanced': False, 'n_estimators': 200, 'max_depth': 3, 'max_features_rf': 0.8}",resnet50,random_forest,,,2,30.591628074646,0.0,0.0,0.0,0.0,0.1456671982987772,2.6220095693779903,0.0,"{'type': 'graphics', 'vectorizers': ['resnet50'], 'models': ['random_forest'], 'balanced': False, 'n_estimators': 200, 'max_depth': 3, 'max_features_rf': 0.8}"
graphics,,"Tuning | {'balanced': False, 'n_estimators': 200, 'max_depth': 5, 'max_features_rf': 'sqrt'}",resnet50,random_forest,,,0,30.803011178970337,0.0,0.0,0.0,0.0,0.1410717342920733,2.5392912172573188,0.0,"{'type': 'graphics', 'vectorizers': ['resnet50'], 'models': ['random_forest'], 'balanced': False, 'n_estimators': 200, 'max_depth': 5, 'max_features_rf': 'sqrt'}"
graphics,,"Tuning | {'balanced': False, 'n_estimators': 200, 'max_depth': 5, 'max_features_rf': 'sqrt'}",resnet50,random_forest,,,1,30.803011178970337,0.0,0.0,0.0,0.0,0.1442694663167104,2.5968503937007874,0.0,"{'type': 'graphics', 'vectorizers': ['resnet50'], 'models': ['random_forest'], 'balanced': False, 'n_estimators': 200, 'max_depth': 5, 'max_features_rf': 'sqrt'}"
graphics,,"Tuning | {'balanced': False, 'n_estimators': 200, 'max_depth': 5, 'max_features_rf': 'sqrt'}",resnet50,random_forest,,,2,30.803011178970337,0.0,0.0,0.0,0.0,0.1456671982987772,2.6220095693779903,0.0,"{'type': 'graphics', 'vectorizers': ['resnet50'], 'models': ['random_forest'], 'balanced': False, 'n_estimators': 200, 'max_depth': 5, 'max_features_rf': 'sqrt'}"
graphics,,"Tuning | {'balanced': False, 'n_estimators': 200, 'max_depth': 5, 'max_features_rf': 0.8}",resnet50,random_forest,,,0,30.57857036590576,0.0,0.0,0.0,0.0,0.1410717342920733,2.5392912172573188,0.0,"{'type': 'graphics', 'vectorizers': ['resnet50'], 'models': ['random_forest'], 'balanced': False, 'n_estimators': 200, 'max_depth': 5, 'max_features_rf': 0.8}"
graphics,,"Tuning | {'balanced': False, 'n_estimators': 200, 'max_depth': 5, 'max_features_rf': 0.8}",resnet50,random_forest,,,1,30.57857036590576,0.0,0.0,0.0,0.0,0.1442694663167104,2.5968503937007874,0.0,"{'type': 'graphics', 'vectorizers': ['resnet50'], 'models': ['random_forest'], 'balanced': False, 'n_estimators': 200, 'max_depth': 5, 'max_features_rf': 0.8}"
graphics,,"Tuning | {'balanced': False, 'n_estimators': 200, 'max_depth': 5, 'max_features_rf': 0.8}",resnet50,random_forest,,,2,30.57857036590576,0.0,0.0,0.0,0.0,0.1456671982987772,2.6220095693779903,0.0,"{'type': 'graphics', 'vectorizers': ['resnet50'], 'models': ['random_forest'], 'balanced': False, 'n_estimators': 200, 'max_depth': 5, 'max_features_rf': 0.8}"
graphics,,"Tuning | {'hidden_layer_sizes': (256, 128), 'learning_rate_init': 0.001, 'batch_size': 32, 'max_iter': 40}",resnet50,mlp,,,0,55.45369863510132,0.0,0.0,0.0,0.0,0.1410717342920733,2.5392912172573188,0.0,"{'type': 'graphics', 'vectorizers': ['resnet50'], 'models': ['mlp'], 'hidden_layer_sizes': (256, 128), 'learning_rate_init': 0.001, 'batch_size': 32, 'max_iter': 40}"
graphics,,"Tuning | {'hidden_layer_sizes': (256, 128), 'learning_rate_init': 0.001, 'batch_size': 32, 'max_iter': 40}",resnet50,mlp,,,1,55.45369863510132,0.0,0.0,0.0,0.0,0.1442694663167104,2.5968503937007874,0.0,"{'type': 'graphics', 'vectorizers': ['resnet50'], 'models': ['mlp'], 'hidden_layer_sizes': (256, 128), 'learning_rate_init': 0.001, 'batch_size': 32, 'max_iter': 40}"
graphics,,"Tuning | {'hidden_layer_sizes': (256, 128), 'learning_rate_init': 0.001, 'batch_size': 32, 'max_iter': 40}",resnet50,mlp,,,2,55.45369863510132,0.0,0.0,0.0,0.0,0.1456671982987772,2.6220095693779903,0.0,"{'type': 'graphics', 'vectorizers': ['resnet50'], 'models': ['mlp'], 'hidden_layer_sizes': (256, 128), 'learning_rate_init': 0.001, 'batch_size': 32, 'max_iter': 40}"
graphics,,"Tuning | {'hidden_layer_sizes': (256, 128), 'learning_rate_init': 0.001, 'batch_size': 32, 'max_iter': 80}",resnet50,mlp,,,0,54.72277283668518,0.0,0.0,0.0,0.0,0.1410717342920733,2.5392912172573188,0.0,"{'type': 'graphics', 'vectorizers': ['resnet50'], 'models': ['mlp'], 'hidden_layer_sizes': (256, 128), 'learning_rate_init': 0.001, 'batch_size': 32, 'max_iter': 80}"
graphics,,"Tuning | {'hidden_layer_sizes': (256, 128), 'learning_rate_init': 0.001, 'batch_size': 32, 'max_iter': 80}",resnet50,mlp,,,1,54.72277283668518,0.0,0.0,0.0,0.0,0.1442694663167104,2.5968503937007874,0.0,"{'type': 'graphics', 'vectorizers': ['resnet50'], 'models': ['mlp'], 'hidden_layer_sizes': (256, 128), 'learning_rate_init': 0.001, 'batch_size': 32, 'max_iter': 80}"
graphics,,"Tuning | {'hidden_layer_sizes': (256, 128), 'learning_rate_init': 0.001, 'batch_size': 32, 'max_iter': 80}",resnet50,mlp,,,2,54.72277283668518,0.0,0.0,0.0,0.0,0.1456671982987772,2.6220095693779903,0.0,"{'type': 'graphics', 'vectorizers': ['resnet50'], 'models': ['mlp'], 'hidden_layer_sizes': (256, 128), 'learning_rate_init': 0.001, 'batch_size': 32, 'max_iter': 80}"
graphics,,"Tuning | {'hidden_layer_sizes': (256, 128), 'learning_rate_init': 0.001, 'batch_size': 64, 'max_iter': 40}",resnet50,mlp,,,0,28.79598355293274,0.0,0.0,0.0,0.0,0.1410717342920733,2.5392912172573188,0.0,"{'type': 'graphics', 'vectorizers': ['resnet50'], 'models': ['mlp'], 'hidden_layer_sizes': (256, 128), 'learning_rate_init': 0.001, 'batch_size': 64, 'max_iter': 40}"
graphics,,"Tuning | {'hidden_layer_sizes': (256, 128), 'learning_rate_init': 0.001, 'batch_size': 64, 'max_iter': 40}",resnet50,mlp,,,1,28.79598355293274,0.0,0.0,0.0,0.0,0.1442694663167104,2.5968503937007874,0.0,"{'type': 'graphics', 'vectorizers': ['resnet50'], 'models': ['mlp'], 'hidden_layer_sizes': (256, 128), 'learning_rate_init': 0.001, 'batch_size': 64, 'max_iter': 40}"
graphics,,"Tuning | {'hidden_layer_sizes': (256, 128), 'learning_rate_init': 0.001, 'batch_size': 64, 'max_iter': 40}",resnet50,mlp,,,2,28.79598355293274,0.0,0.0,0.0,0.0,0.1456671982987772,2.6220095693779903,0.0,"{'type': 'graphics', 'vectorizers': ['resnet50'], 'models': ['mlp'], 'hidden_layer_sizes': (256, 128), 'learning_rate_init': 0.001, 'batch_size': 64, 'max_iter': 40}"
graphics,,"Tuning | {'hidden_layer_sizes': (256, 128), 'learning_rate_init': 0.001, 'batch_size': 64, 'max_iter': 80}",resnet50,mlp,,,0,28.891071557998657,0.0,0.0,0.0,0.0,0.1410717342920733,2.5392912172573188,0.0,"{'type': 'graphics', 'vectorizers': ['resnet50'], 'models': ['mlp'], 'hidden_layer_sizes': (256, 128), 'learning_rate_init': 0.001, 'batch_size': 64, 'max_iter': 80}"
graphics,,"Tuning | {'hidden_layer_sizes': (256, 128), 'learning_rate_init': 0.001, 'batch_size': 64, 'max_iter': 80}",resnet50,mlp,,,1,28.891071557998657,0.0,0.0,0.0,0.0,0.1442694663167104,2.5968503937007874,0.0,"{'type': 'graphics', 'vectorizers': ['resnet50'], 'models': ['mlp'], 'hidden_layer_sizes': (256, 128), 'learning_rate_init': 0.001, 'batch_size': 64, 'max_iter': 80}"
graphics,,"Tuning | {'hidden_layer_sizes': (256, 128), 'learning_rate_init': 0.001, 'batch_size': 64, 'max_iter': 80}",resnet50,mlp,,,2,28.891071557998657,0.0,0.0,0.0,0.0,0.1456671982987772,2.6220095693779903,0.0,"{'type': 'graphics', 'vectorizers': ['resnet50'], 'models': ['mlp'], 'hidden_layer_sizes': (256, 128), 'learning_rate_init': 0.001, 'batch_size': 64, 'max_iter': 80}"
graphics,,"Tuning | {'hidden_layer_sizes': (256, 128), 'learning_rate_init': 0.0005, 'batch_size': 32, 'max_iter': 40}",resnet50,mlp,,,0,54.6898729801178,0.0,0.0,0.0,0.0,0.1410717342920733,2.5392912172573188,0.0,"{'type': 'graphics', 'vectorizers': ['resnet50'], 'models': ['mlp'], 'hidden_layer_sizes': (256, 128), 'learning_rate_init': 0.0005, 'batch_size': 32, 'max_iter': 40}"
graphics,,"Tuning | {'hidden_layer_sizes': (256, 128), 'learning_rate_init': 0.0005, 'batch_size': 32, 'max_iter': 40}",resnet50,mlp,,,1,54.6898729801178,0.0,0.0,0.0,0.0,0.1442694663167104,2.5968503937007874,0.0,"{'type': 'graphics', 'vectorizers': ['resnet50'], 'models': ['mlp'], 'hidden_layer_sizes': (256, 128), 'learning_rate_init': 0.0005, 'batch_size': 32, 'max_iter': 40}"
graphics,,"Tuning | {'hidden_layer_sizes': (256, 128), 'learning_rate_init': 0.0005, 'batch_size': 32, 'max_iter': 40}",resnet50,mlp,,,2,54.6898729801178,0.0,0.0,0.0,0.0,0.1456671982987772,2.6220095693779903,0.0,"{'type': 'graphics', 'vectorizers': ['resnet50'], 'models': ['mlp'], 'hidden_layer_sizes': (256, 128), 'learning_rate_init': 0.0005, 'batch_size': 32, 'max_iter': 40}"
graphics,,"Tuning | {'hidden_layer_sizes': (256, 128), 'learning_rate_init': 0.0005, 'batch_size': 32, 'max_iter': 80}",resnet50,mlp,,,0,55.25475430488586,0.0,0.0,0.0,0.0,0.1410717342920733,2.5392912172573188,0.0,"{'type': 'graphics', 'vectorizers': ['resnet50'], 'models': ['mlp'], 'hidden_layer_sizes': (256, 128), 'learning_rate_init': 0.0005, 'batch_size': 32, 'max_iter': 80}"
graphics,,"Tuning | {'hidden_layer_sizes': (256, 128), 'learning_rate_init': 0.0005, 'batch_size': 32, 'max_iter': 80}",resnet50,mlp,,,1,55.25475430488586,0.0,0.0,0.0,0.0,0.1442694663167104,2.5968503937007874,0.0,"{'type': 'graphics', 'vectorizers': ['resnet50'], 'models': ['mlp'], 'hidden_layer_sizes': (256, 128), 'learning_rate_init': 0.0005, 'batch_size': 32, 'max_iter': 80}"
graphics,,"Tuning | {'hidden_layer_sizes': (256, 128), 'learning_rate_init': 0.0005, 'batch_size': 32, 'max_iter': 80}",resnet50,mlp,,,2,55.25475430488586,0.0,0.0,0.0,0.0,0.1456671982987772,2.6220095693779903,0.0,"{'type': 'graphics', 'vectorizers': ['resnet50'], 'models': ['mlp'], 'hidden_layer_sizes': (256, 128), 'learning_rate_init': 0.0005, 'batch_size': 32, 'max_iter': 80}"
graphics,,"Tuning | {'hidden_layer_sizes': (256, 128), 'learning_rate_init': 0.0005, 'batch_size': 64, 'max_iter': 40}",resnet50,mlp,,,0,28.86975479125977,0.2639019792648445,0.0745850301158788,0.2548034827695845,0.3398058252427184,0.2674199623352166,2.5392912172573188,4.0,"{'type': 'graphics', 'vectorizers': ['resnet50'], 'models': ['mlp'], 'hidden_layer_sizes': (256, 128), 'learning_rate_init': 0.0005, 'batch_size': 64, 'max_iter': 40}"
graphics,,"Tuning | {'hidden_layer_sizes': (256, 128), 'learning_rate_init': 0.0005, 'batch_size': 64, 'max_iter': 40}",resnet50,mlp,,,1,28.86975479125977,0.2678443542611601,0.0760207087198306,0.2614298212723409,0.3402061855670103,0.2683289588801399,2.5968503937007874,4.0,"{'type': 'graphics', 'vectorizers': ['resnet50'], 'models': ['mlp'], 'hidden_layer_sizes': (256, 128), 'learning_rate_init': 0.0005, 'batch_size': 64, 'max_iter': 40}"
graphics,,"Tuning | {'hidden_layer_sizes': (256, 128), 'learning_rate_init': 0.0005, 'batch_size': 64, 'max_iter': 40}",resnet50,mlp,,,2,28.86975479125977,0.2697495183044316,0.0765737362746387,0.2624847242072122,0.340632603406326,0.2686514265461633,2.6220095693779903,4.0,"{'type': 'graphics', 'vectorizers': ['resnet50'], 'models': ['mlp'], 'hidden_layer_sizes': (256, 128), 'learning_rate_init': 0.0005, 'batch_size': 64, 'max_iter': 40}"
graphics,,"Tuning | {'hidden_layer_sizes': (256, 128), 'learning_rate_init': 0.0005, 'batch_size': 64, 'max_iter': 80}",resnet50,mlp,,,0,28.947362422943115,0.2639019792648445,0.0745850301158788,0.2548034827695845,0.3398058252427184,0.2674199623352166,2.5392912172573188,4.0,"{'type': 'graphics', 'vectorizers': ['resnet50'], 'models': ['mlp'], 'hidden_layer_sizes': (256, 128), 'learning_rate_init': 0.0005, 'batch_size': 64, 'max_iter': 80}"
graphics,,"Tuning | {'hidden_layer_sizes': (256, 128), 'learning_rate_init': 0.0005, 'batch_size': 64, 'max_iter': 80}",resnet50,mlp,,,1,28.947362422943115,0.2678443542611601,0.0760207087198306,0.2614298212723409,0.3402061855670103,0.2683289588801399,2.5968503937007874,4.0,"{'type': 'graphics', 'vectorizers': ['resnet50'], 'models': ['mlp'], 'hidden_layer_sizes': (256, 128), 'learning_rate_init': 0.0005, 'batch_size': 64, 'max_iter': 80}"
graphics,,"Tuning | {'hidden_layer_sizes': (256, 128), 'learning_rate_init': 0.0005, 'batch_size': 64, 'max_iter': 80}",resnet50,mlp,,,2,28.947362422943115,0.2697495183044316,0.0765737362746387,0.2624847242072122,0.340632603406326,0.2686514265461633,2.6220095693779903,4.0,"{'type': 'graphics', 'vectorizers': ['resnet50'], 'models': ['mlp'], 'hidden_layer_sizes': (256, 128), 'learning_rate_init': 0.0005, 'batch_size': 64, 'max_iter': 80}"
graphics,,"Tuning | {'hidden_layer_sizes': (512, 256), 'learning_rate_init': 0.001, 'batch_size': 32, 'max_iter': 40}",resnet50,mlp,,,0,119.4063503742218,0.0,0.0,0.0,0.0,0.1410717342920733,2.5392912172573188,0.0,"{'type': 'graphics', 'vectorizers': ['resnet50'], 'models': ['mlp'], 'hidden_layer_sizes': (512, 256), 'learning_rate_init': 0.001, 'batch_size': 32, 'max_iter': 40}"
graphics,,"Tuning | {'hidden_layer_sizes': (512, 256), 'learning_rate_init': 0.001, 'batch_size': 32, 'max_iter': 40}",resnet50,mlp,,,1,119.4063503742218,0.0,0.0,0.0,0.0,0.1442694663167104,2.5968503937007874,0.0,"{'type': 'graphics', 'vectorizers': ['resnet50'], 'models': ['mlp'], 'hidden_layer_sizes': (512, 256), 'learning_rate_init': 0.001, 'batch_size': 32, 'max_iter': 40}"
graphics,,"Tuning | {'hidden_layer_sizes': (512, 256), 'learning_rate_init': 0.001, 'batch_size': 32, 'max_iter': 40}",resnet50,mlp,,,2,119.4063503742218,0.0,0.0,0.0,0.0,0.1456671982987772,2.6220095693779903,0.0,"{'type': 'graphics', 'vectorizers': ['resnet50'], 'models': ['mlp'], 'hidden_layer_sizes': (512, 256), 'learning_rate_init': 0.001, 'batch_size': 32, 'max_iter': 40}"
graphics,,"Tuning | {'hidden_layer_sizes': (512, 256), 'learning_rate_init': 0.001, 'batch_size': 32, 'max_iter': 80}",resnet50,mlp,,,0,119.61880040168762,0.0,0.0,0.0,0.0,0.1410717342920733,2.5392912172573188,0.0,"{'type': 'graphics', 'vectorizers': ['resnet50'], 'models': ['mlp'], 'hidden_layer_sizes': (512, 256), 'learning_rate_init': 0.001, 'batch_size': 32, 'max_iter': 80}"
graphics,,"Tuning | {'hidden_layer_sizes': (512, 256), 'learning_rate_init': 0.001, 'batch_size': 32, 'max_iter': 80}",resnet50,mlp,,,1,119.61880040168762,0.0,0.0,0.0,0.0,0.1442694663167104,2.5968503937007874,0.0,"{'type': 'graphics', 'vectorizers': ['resnet50'], 'models': ['mlp'], 'hidden_layer_sizes': (512, 256), 'learning_rate_init': 0.001, 'batch_size': 32, 'max_iter': 80}"
graphics,,"Tuning | {'hidden_layer_sizes': (512, 256), 'learning_rate_init': 0.001, 'batch_size': 32, 'max_iter': 80}",resnet50,mlp,,,2,119.61880040168762,0.0,0.0,0.0,0.0,0.1456671982987772,2.6220095693779903,0.0,"{'type': 'graphics', 'vectorizers': ['resnet50'], 'models': ['mlp'], 'hidden_layer_sizes': (512, 256), 'learning_rate_init': 0.001, 'batch_size': 32, 'max_iter': 80}"
graphics,,"Tuning | {'hidden_layer_sizes': (512, 256), 'learning_rate_init': 0.001, 'batch_size': 64, 'max_iter': 40}",resnet50,mlp,,,0,61.860567569732666,0.0,0.0,0.0,0.0,0.1410717342920733,2.5392912172573188,0.0,"{'type': 'graphics', 'vectorizers': ['resnet50'], 'models': ['mlp'], 'hidden_layer_sizes': (512, 256), 'learning_rate_init': 0.001, 'batch_size': 64, 'max_iter': 40}"
graphics,,"Tuning | {'hidden_layer_sizes': (512, 256), 'learning_rate_init': 0.001, 'batch_size': 64, 'max_iter': 40}",resnet50,mlp,,,1,61.860567569732666,0.0,0.0,0.0,0.0,0.1442694663167104,2.5968503937007874,0.0,"{'type': 'graphics', 'vectorizers': ['resnet50'], 'models': ['mlp'], 'hidden_layer_sizes': (512, 256), 'learning_rate_init': 0.001, 'batch_size': 64, 'max_iter': 40}"
graphics,,"Tuning | {'hidden_layer_sizes': (512, 256), 'learning_rate_init': 0.001, 'batch_size': 64, 'max_iter': 40}",resnet50,mlp,,,2,61.860567569732666,0.0,0.0,0.0,0.0,0.1456671982987772,2.6220095693779903,0.0,"{'type': 'graphics', 'vectorizers': ['resnet50'], 'models': ['mlp'], 'hidden_layer_sizes': (512, 256), 'learning_rate_init': 0.001, 'batch_size': 64, 'max_iter': 40}"
graphics,,"Tuning | {'hidden_layer_sizes': (512, 256), 'learning_rate_init': 0.001, 'batch_size': 64, 'max_iter': 80}",resnet50,mlp,,,0,61.84858322143555,0.0,0.0,0.0,0.0,0.1410717342920733,2.5392912172573188,0.0,"{'type': 'graphics', 'vectorizers': ['resnet50'], 'models': ['mlp'], 'hidden_layer_sizes': (512, 256), 'learning_rate_init': 0.001, 'batch_size': 64, 'max_iter': 80}"
graphics,,"Tuning | {'hidden_layer_sizes': (512, 256), 'learning_rate_init': 0.001, 'batch_size': 64, 'max_iter': 80}",resnet50,mlp,,,1,61.84858322143555,0.0,0.0,0.0,0.0,0.1442694663167104,2.5968503937007874,0.0,"{'type': 'graphics', 'vectorizers': ['resnet50'], 'models': ['mlp'], 'hidden_layer_sizes': (512, 256), 'learning_rate_init': 0.001, 'batch_size': 64, 'max_iter': 80}"
graphics,,"Tuning | {'hidden_layer_sizes': (512, 256), 'learning_rate_init': 0.001, 'batch_size': 64, 'max_iter': 80}",resnet50,mlp,,,2,61.84858322143555,0.0,0.0,0.0,0.0,0.1456671982987772,2.6220095693779903,0.0,"{'type': 'graphics', 'vectorizers': ['resnet50'], 'models': ['mlp'], 'hidden_layer_sizes': (512, 256), 'learning_rate_init': 0.001, 'batch_size': 64, 'max_iter': 80}"
graphics,,"Tuning | {'hidden_layer_sizes': (512, 256), 'learning_rate_init': 0.0005, 'batch_size': 32, 'max_iter': 40}",resnet50,mlp,,,0,119.22140765190125,0.0,0.0,0.0,0.0,0.1410717342920733,2.5392912172573188,0.0,"{'type': 'graphics', 'vectorizers': ['resnet50'], 'models': ['mlp'], 'hidden_layer_sizes': (512, 256), 'learning_rate_init': 0.0005, 'batch_size': 32, 'max_iter': 40}"
graphics,,"Tuning | {'hidden_layer_sizes': (512, 256), 'learning_rate_init': 0.0005, 'batch_size': 32, 'max_iter': 40}",resnet50,mlp,,,1,119.22140765190125,0.0,0.0,0.0,0.0,0.1442694663167104,2.5968503937007874,0.0,"{'type': 'graphics', 'vectorizers': ['resnet50'], 'models': ['mlp'], 'hidden_layer_sizes': (512, 256), 'learning_rate_init': 0.0005, 'batch_size': 32, 'max_iter': 40}"
graphics,,"Tuning | {'hidden_layer_sizes': (512, 256), 'learning_rate_init': 0.0005, 'batch_size': 32, 'max_iter': 40}",resnet50,mlp,,,2,119.22140765190125,0.0,0.0,0.0,0.0,0.1456671982987772,2.6220095693779903,0.0,"{'type': 'graphics', 'vectorizers': ['resnet50'], 'models': ['mlp'], 'hidden_layer_sizes': (512, 256), 'learning_rate_init': 0.0005, 'batch_size': 32, 'max_iter': 40}"
graphics,,"Tuning | {'hidden_layer_sizes': (512, 256), 'learning_rate_init': 0.0005, 'batch_size': 32, 'max_iter': 80}",resnet50,mlp,,,0,119.25377082824708,0.0,0.0,0.0,0.0,0.1410717342920733,2.5392912172573188,0.0,"{'type': 'graphics', 'vectorizers': ['resnet50'], 'models': ['mlp'], 'hidden_layer_sizes': (512, 256), 'learning_rate_init': 0.0005, 'batch_size': 32, 'max_iter': 80}"
graphics,,"Tuning | {'hidden_layer_sizes': (512, 256), 'learning_rate_init': 0.0005, 'batch_size': 32, 'max_iter': 80}",resnet50,mlp,,,1,119.25377082824708,0.0,0.0,0.0,0.0,0.1442694663167104,2.5968503937007874,0.0,"{'type': 'graphics', 'vectorizers': ['resnet50'], 'models': ['mlp'], 'hidden_layer_sizes': (512, 256), 'learning_rate_init': 0.0005, 'batch_size': 32, 'max_iter': 80}"
graphics,,"Tuning | {'hidden_layer_sizes': (512, 256), 'learning_rate_init': 0.0005, 'batch_size': 32, 'max_iter': 80}",resnet50,mlp,,,2,119.25377082824708,0.0,0.0,0.0,0.0,0.1456671982987772,2.6220095693779903,0.0,"{'type': 'graphics', 'vectorizers': ['resnet50'], 'models': ['mlp'], 'hidden_layer_sizes': (512, 256), 'learning_rate_init': 0.0005, 'batch_size': 32, 'max_iter': 80}"
graphics,,"Tuning | {'hidden_layer_sizes': (512, 256), 'learning_rate_init': 0.0005, 'batch_size': 64, 'max_iter': 40}",resnet50,mlp,,,0,61.60224437713623,0.0,0.0,0.0,0.0,0.1410717342920733,2.5392912172573188,0.0,"{'type': 'graphics', 'vectorizers': ['resnet50'], 'models': ['mlp'], 'hidden_layer_sizes': (512, 256), 'learning_rate_init': 0.0005, 'batch_size': 64, 'max_iter': 40}"
graphics,,"Tuning | {'hidden_layer_sizes': (512, 256), 'learning_rate_init': 0.0005, 'batch_size': 64, 'max_iter': 40}",resnet50,mlp,,,1,61.60224437713623,0.0,0.0,0.0,0.0,0.1442694663167104,2.5968503937007874,0.0,"{'type': 'graphics', 'vectorizers': ['resnet50'], 'models': ['mlp'], 'hidden_layer_sizes': (512, 256), 'learning_rate_init': 0.0005, 'batch_size': 64, 'max_iter': 40}"
graphics,,"Tuning | {'hidden_layer_sizes': (512, 256), 'learning_rate_init': 0.0005, 'batch_size': 64, 'max_iter': 40}",resnet50,mlp,,,2,61.60224437713623,0.0,0.0,0.0,0.0,0.1456671982987772,2.6220095693779903,0.0,"{'type': 'graphics', 'vectorizers': ['resnet50'], 'models': ['mlp'], 'hidden_layer_sizes': (512, 256), 'learning_rate_init': 0.0005, 'batch_size': 64, 'max_iter': 40}"
graphics,,"Tuning | {'hidden_layer_sizes': (512, 256), 'learning_rate_init': 0.0005, 'batch_size': 64, 'max_iter': 80}",resnet50,mlp,,,0,61.65820932388306,0.0,0.0,0.0,0.0,0.1410717342920733,2.5392912172573188,0.0,"{'type': 'graphics', 'vectorizers': ['resnet50'], 'models': ['mlp'], 'hidden_layer_sizes': (512, 256), 'learning_rate_init': 0.0005, 'batch_size': 64, 'max_iter': 80}"
graphics,,"Tuning | {'hidden_layer_sizes': (512, 256), 'learning_rate_init': 0.0005, 'batch_size': 64, 'max_iter': 80}",resnet50,mlp,,,1,61.65820932388306,0.0,0.0,0.0,0.0,0.1442694663167104,2.5968503937007874,0.0,"{'type': 'graphics', 'vectorizers': ['resnet50'], 'models': ['mlp'], 'hidden_layer_sizes': (512, 256), 'learning_rate_init': 0.0005, 'batch_size': 64, 'max_iter': 80}"
graphics,,"Tuning | {'hidden_layer_sizes': (512, 256), 'learning_rate_init': 0.0005, 'batch_size': 64, 'max_iter': 80}",resnet50,mlp,,,2,61.65820932388306,0.0,0.0,0.0,0.0,0.1456671982987772,2.6220095693779903,0.0,"{'type': 'graphics', 'vectorizers': ['resnet50'], 'models': ['mlp'], 'hidden_layer_sizes': (512, 256), 'learning_rate_init': 0.0005, 'batch_size': 64, 'max_iter': 80}"
early-fusion,,"Tuning | {'balanced': True, 'threshold': 0.3}",distilbert,logistic,resnet50,,0,25.698861837387085,0.2905303549403865,0.213191855247741,0.2841124053645579,0.6432038834951457,0.4431604177366889,2.5392912172573188,8.704160246533128,"{'type': 'early-fusion', 'vectorizers': ['distilbert', 'resnet50'], 'models': ['logistic'], 'balanced': True, 'threshold': 0.3}"
early-fusion,,"Tuning | {'balanced': True, 'threshold': 0.3}",distilbert,logistic,resnet50,,1,25.698861837387085,0.2993120876035378,0.2181316166216983,0.2944869704943813,0.6464523953911462,0.4366579177602799,2.5968503937007874,8.620472440944882,"{'type': 'early-fusion', 'vectorizers': ['distilbert', 'resnet50'], 'models': ['logistic'], 'balanced': True, 'threshold': 0.3}"
early-fusion,,"Tuning | {'balanced': True, 'threshold': 0.3}",distilbert,logistic,resnet50,,2,25.698861837387085,0.3102319624306247,0.2228098449127024,0.3033960842714008,0.6630170316301703,0.4294701399964558,2.6220095693779903,8.585326953748007,"{'type': 'early-fusion', 'vectorizers': ['distilbert', 'resnet50'], 'models': ['logistic'], 'balanced': True, 'threshold': 0.3}"
early-fusion,,"Tuning | {'balanced': True, 'threshold': 0.5}",distilbert,logistic,resnet50,,0,9.562464952468872,0.2565584704313028,0.1805664492047564,0.2487937503345823,0.3501213592233009,0.2862523540489642,2.5392912172573188,4.391371340523883,"{'type': 'early-fusion', 'vectorizers': ['distilbert', 'resnet50'], 'models': ['logistic'], 'balanced': True, 'threshold': 0.5}"
early-fusion,,"Tuning | {'balanced': True, 'threshold': 0.5}",distilbert,logistic,resnet50,,1,9.562464952468872,0.2457897132453345,0.1723667357990408,0.2379087841292565,0.3274711946634324,0.2899387576552931,2.5968503937007874,4.322834645669292,"{'type': 'early-fusion', 'vectorizers': ['distilbert', 'resnet50'], 'models': ['logistic'], 'balanced': True, 'threshold': 0.5}"
early-fusion,,"Tuning | {'balanced': True, 'threshold': 0.5}",distilbert,logistic,resnet50,,2,9.562464952468872,0.269161406672678,0.1866615169636637,0.263924804594661,0.3631386861313868,0.2872585504164451,2.6220095693779903,4.4529505582137165,"{'type': 'early-fusion', 'vectorizers': ['distilbert', 'resnet50'], 'models': ['logistic'], 'balanced': True, 'threshold': 0.5}"
early-fusion,,"Tuning | {'balanced': False, 'threshold': 0.3}",distilbert,logistic,resnet50,,0,7.323243618011475,0.3047107930828861,0.1236684863146104,0.3037187859221757,0.3100728155339806,0.199623352165725,2.5392912172573188,2.628659476117104,"{'type': 'early-fusion', 'vectorizers': ['distilbert', 'resnet50'], 'models': ['logistic'], 'balanced': False, 'threshold': 0.3}"
early-fusion,,"Tuning | {'balanced': False, 'threshold': 0.3}",distilbert,logistic,resnet50,,1,7.323243618011475,0.3050744454573078,0.1275738675443259,0.3047156605424322,0.3044269254093389,0.200087489063867,2.5968503937007874,2.5858267716535432,"{'type': 'early-fusion', 'vectorizers': ['distilbert', 'resnet50'], 'models': ['logistic'], 'balanced': False, 'threshold': 0.3}"
early-fusion,,"Tuning | {'balanced': False, 'threshold': 0.3}",distilbert,logistic,resnet50,,2,7.323243618011475,0.318154219793564,0.1354003543591872,0.3111706032758664,0.3187347931873479,0.1990076200602516,2.6220095693779903,2.631578947368421,"{'type': 'early-fusion', 'vectorizers': ['distilbert', 'resnet50'], 'models': ['logistic'], 'balanced': False, 'threshold': 0.3}"
early-fusion,,"Tuning | {'balanced': False, 'threshold': 0.5}",distilbert,logistic,resnet50,,0,7.312563180923462,0.1804170444242973,0.0619070847959637,0.1677941644043339,0.120752427184466,0.1547680191747988,2.5392912172573188,0.8597842835130971,"{'type': 'early-fusion', 'vectorizers': ['distilbert', 'resnet50'], 'models': ['logistic'], 'balanced': False, 'threshold': 0.5}"
early-fusion,,"Tuning | {'balanced': False, 'threshold': 0.5}",distilbert,logistic,resnet50,,1,7.312563180923462,0.17516218721038,0.0607252215678475,0.1592950881139857,0.1146149181322013,0.1557305336832896,2.5968503937007874,0.8015748031496063,"{'type': 'early-fusion', 'vectorizers': ['distilbert', 'resnet50'], 'models': ['logistic'], 'balanced': False, 'threshold': 0.5}"
early-fusion,,"Tuning | {'balanced': False, 'threshold': 0.5}",distilbert,logistic,resnet50,,2,7.312563180923462,0.1913523459061637,0.0629662508094561,0.1845446950710108,0.1265206812652068,0.1557682083997873,2.6220095693779903,0.8452950558213717,"{'type': 'early-fusion', 'vectorizers': ['distilbert', 'resnet50'], 'models': ['logistic'], 'balanced': False, 'threshold': 0.5}"
early-fusion,,"Tuning | {'balanced': True, 'n_estimators': 100, 'max_depth': 5}",distilbert,random_forest,resnet50,,0,19.94240069389344,0.1880419899589228,0.061578843835481,0.1819844938489006,0.125,0.1522855675398048,2.5392912172573188,0.8366718027734977,"{'type': 'early-fusion', 'vectorizers': ['distilbert', 'resnet50'], 'models': ['random_forest'], 'balanced': True, 'n_estimators': 100, 'max_depth': 5}"
early-fusion,,"Tuning | {'balanced': True, 'n_estimators': 100, 'max_depth': 5}",distilbert,random_forest,resnet50,,1,19.94240069389344,0.1873557914167051,0.0615490307295636,0.1790851143607049,0.1231049120679199,0.1540682414698162,2.5968503937007874,0.815748031496063,"{'type': 'early-fusion', 'vectorizers': ['distilbert', 'resnet50'], 'models': ['random_forest'], 'balanced': True, 'n_estimators': 100, 'max_depth': 5}"
early-fusion,,"Tuning | {'balanced': True, 'n_estimators': 100, 'max_depth': 5}",distilbert,random_forest,resnet50,,2,19.94240069389344,0.180722891566265,0.0627240261697367,0.1662185767448925,0.1186131386861313,0.1566542619174198,2.6220095693779903,0.8197767145135566,"{'type': 'early-fusion', 'vectorizers': ['distilbert', 'resnet50'], 'models': ['random_forest'], 'balanced': True, 'n_estimators': 100, 'max_depth': 5}"
early-fusion,,"Tuning | {'balanced': True, 'n_estimators': 100, 'max_depth': 10}",distilbert,random_forest,resnet50,,0,19.74582839012146,0.1075268817204301,0.0275403118465984,0.0961772690586249,0.0606796116504854,0.1420989556582776,2.5392912172573188,0.3266563944530046,"{'type': 'early-fusion', 'vectorizers': ['distilbert', 'resnet50'], 'models': ['random_forest'], 'balanced': True, 'n_estimators': 100, 'max_depth': 10}"
early-fusion,,"Tuning | {'balanced': True, 'n_estimators': 100, 'max_depth': 10}",distilbert,random_forest,resnet50,,1,19.74582839012146,0.1068947087119187,0.0260572315657061,0.0938882639670041,0.0606428138265615,0.1461942257217847,2.5968503937007874,0.3496062992125984,"{'type': 'early-fusion', 'vectorizers': ['distilbert', 'resnet50'], 'models': ['random_forest'], 'balanced': True, 'n_estimators': 100, 'max_depth': 10}"
early-fusion,,"Tuning | {'balanced': True, 'n_estimators': 100, 'max_depth': 10}",distilbert,random_forest,resnet50,,2,19.74582839012146,0.091258933479934,0.0228245456555958,0.0720437457279562,0.0504866180048661,0.1464646464646464,2.6220095693779903,0.2791068580542264,"{'type': 'early-fusion', 'vectorizers': ['distilbert', 'resnet50'], 'models': ['random_forest'], 'balanced': True, 'n_estimators': 100, 'max_depth': 10}"
early-fusion,,"Tuning | {'hidden_layer_sizes': (512, 256), 'learning_rate_init': 0.001, 'batch_size': 64, 'max_iter': 40}",distilbert,mlp,resnet50,,0,194.2063999176025,0.1703992210321324,0.0347487821630925,0.1648726979235453,0.1061893203883495,0.1458654340010272,2.5392912172573188,0.6255778120184899,"{'type': 'early-fusion', 'vectorizers': ['distilbert', 'resnet50'], 'models': ['mlp'], 'hidden_layer_sizes': (512, 256), 'learning_rate_init': 0.001, 'batch_size': 64, 'max_iter': 40}"
early-fusion,,"Tuning | {'hidden_layer_sizes': (512, 256), 'learning_rate_init': 0.001, 'batch_size': 64, 'max_iter': 40}",distilbert,mlp,resnet50,,1,194.2063999176025,0.1613062840178129,0.0369476860163574,0.1542032245969253,0.0988477865372953,0.1482939632545931,2.5968503937007874,0.5858267716535434,"{'type': 'early-fusion', 'vectorizers': ['distilbert', 'resnet50'], 'models': ['mlp'], 'hidden_layer_sizes': (512, 256), 'learning_rate_init': 0.001, 'batch_size': 64, 'max_iter': 40}"
early-fusion,,"Tuning | {'hidden_layer_sizes': (512, 256), 'learning_rate_init': 0.001, 'batch_size': 64, 'max_iter': 40}",distilbert,mlp,resnet50,,2,194.2063999176025,0.2364085667215815,0.0786803747368477,0.2270638718007138,0.1745742092457421,0.164274322169059,2.6220095693779903,1.2503987240829346,"{'type': 'early-fusion', 'vectorizers': ['distilbert', 'resnet50'], 'models': ['mlp'], 'hidden_layer_sizes': (512, 256), 'learning_rate_init': 0.001, 'batch_size': 64, 'max_iter': 40}"
early-fusion,,"Tuning | {'hidden_layer_sizes': (256, 128), 'learning_rate_init': 0.001, 'batch_size': 64, 'max_iter': 40}",distilbert,mlp,resnet50,,0,65.32398557662964,0.1456410256410256,0.0270630836668572,0.1376770122532834,0.0861650485436893,0.1426125663413799,2.5392912172573188,0.4653312788906009,"{'type': 'early-fusion', 'vectorizers': ['distilbert', 'resnet50'], 'models': ['mlp'], 'hidden_layer_sizes': (256, 128), 'learning_rate_init': 0.001, 'batch_size': 64, 'max_iter': 40}"
early-fusion,,"Tuning | {'hidden_layer_sizes': (256, 128), 'learning_rate_init': 0.001, 'batch_size': 64, 'max_iter': 40}",distilbert,mlp,resnet50,,1,65.32398557662964,0.1323755772190867,0.0314311748396576,0.1244619422572178,0.0782292298362644,0.1479440069991251,2.5968503937007874,0.4724409448818897,"{'type': 'early-fusion', 'vectorizers': ['distilbert', 'resnet50'], 'models': ['mlp'], 'hidden_layer_sizes': (256, 128), 'learning_rate_init': 0.001, 'batch_size': 64, 'max_iter': 40}"
early-fusion,,"Tuning | {'hidden_layer_sizes': (256, 128), 'learning_rate_init': 0.001, 'batch_size': 64, 'max_iter': 40}",distilbert,mlp,resnet50,,2,65.32398557662964,0.1851304775972427,0.0312240491612688,0.1773524720893141,0.1143552311435523,0.1466418571681729,2.6220095693779903,0.6172248803827751,"{'type': 'early-fusion', 'vectorizers': ['distilbert', 'resnet50'], 'models': ['mlp'], 'hidden_layer_sizes': (256, 128), 'learning_rate_init': 0.001, 'batch_size': 64, 'max_iter': 40}"
early-fusion,,"Tuning | {'balanced': True, 'threshold': 0.3}",distilbert,logistic,resnet50,,0,120.58695864677428,0.5777406257463578,0.5120178678907586,0.5749230359319192,0.8809176984705025,0.1869712351945854,2.613578680203046,5.356598984771574,"{'type': 'early-fusion', 'vectorizers': ['distilbert', 'resnet50'], 'models': ['logistic'], 'balanced': True, 'threshold': 0.3}"
early-fusion,,"Tuning | {'balanced': True, 'threshold': 0.3}",distilbert,logistic,resnet50,,1,120.58695864677428,0.5718486727070418,0.5068569739041816,0.5717120798240343,0.8737097753491196,0.1892965071333192,2.604364326375712,5.353889943074004,"{'type': 'early-fusion', 'vectorizers': ['distilbert', 'resnet50'], 'models': ['logistic'], 'balanced': True, 'threshold': 0.3}"
early-fusion,,"Tuning | {'balanced': True, 'threshold': 0.3}",distilbert,logistic,resnet50,,2,120.58695864677428,0.5753009646814956,0.5094106529685148,0.5734862919090149,0.8762598664238008,0.1878416023131986,2.613456045699778,5.3478260869565215,"{'type': 'early-fusion', 'vectorizers': ['distilbert', 'resnet50'], 'models': ['logistic'], 'balanced': True, 'threshold': 0.3}"
early-fusion,,"Tuning | {'balanced': True, 'threshold': 0.5}",distilbert,logistic,resnet50,,0,110.36892223358154,0.629095546399843,0.5671820970803505,0.6233021596283017,0.7784656470016994,0.1332839819514946,2.613578680203046,3.854695431472081,"{'type': 'early-fusion', 'vectorizers': ['distilbert', 'resnet50'], 'models': ['logistic'], 'balanced': True, 'threshold': 0.5}"
early-fusion,,"Tuning | {'balanced': True, 'threshold': 0.5}",distilbert,logistic,resnet50,,1,110.36892223358154,0.6223396447967122,0.561458705590687,0.6204529201208517,0.7723132969034608,0.1356209150326797,2.604364326375712,3.859582542694497,"{'type': 'early-fusion', 'vectorizers': ['distilbert', 'resnet50'], 'models': ['logistic'], 'balanced': True, 'threshold': 0.5}"
early-fusion,,"Tuning | {'balanced': True, 'threshold': 0.5}",distilbert,logistic,resnet50,,2,110.36892223358154,0.6258851298190401,0.5668689193816571,0.618811573841723,0.7727990285367334,0.1341373109065905,2.613456045699778,3.840368137099333,"{'type': 'early-fusion', 'vectorizers': ['distilbert', 'resnet50'], 'models': ['logistic'], 'balanced': True, 'threshold': 0.5}"
early-fusion,,"Tuning | {'balanced': False, 'threshold': 0.3}",distilbert,logistic,resnet50,,0,86.7711124420166,0.6657446337685329,0.5942326963973483,0.6612377417421834,0.7303957271182325,0.1064932318104907,2.613578680203046,3.121192893401015,"{'type': 'early-fusion', 'vectorizers': ['distilbert', 'resnet50'], 'models': ['logistic'], 'balanced': False, 'threshold': 0.3}"
early-fusion,,"Tuning | {'balanced': False, 'threshold': 0.3}",distilbert,logistic,resnet50,,1,86.7711124420166,0.6618665189698144,0.6036960365374363,0.655531100075692,0.7255616272009715,0.1072633354417035,2.604364326375712,3.105629348513599,"{'type': 'early-fusion', 'vectorizers': ['distilbert', 'resnet50'], 'models': ['logistic'], 'balanced': False, 'threshold': 0.3}"
early-fusion,,"Tuning | {'balanced': False, 'threshold': 0.3}",distilbert,logistic,resnet50,,2,86.7711124420166,0.6626759782729188,0.5950918044068151,0.657249630020179,0.725925925925926,0.1073027962904192,2.613456045699778,3.1123452872104096,"{'type': 'early-fusion', 'vectorizers': ['distilbert', 'resnet50'], 'models': ['logistic'], 'balanced': False, 'threshold': 0.3}"
early-fusion,,"Tuning | {'balanced': False, 'threshold': 0.5}",distilbert,logistic,resnet50,,0,86.50814652442932,0.6344864938054295,0.5624228279108263,0.6218970204217666,0.5688273852876912,0.0951600394811054,2.613578680203046,2.072652284263959,"{'type': 'early-fusion', 'vectorizers': ['distilbert', 'resnet50'], 'models': ['logistic'], 'balanced': False, 'threshold': 0.5}"
early-fusion,,"Tuning | {'balanced': False, 'threshold': 0.5}",distilbert,logistic,resnet50,,1,86.50814652442932,0.6361796843383246,0.5635005407178411,0.6231707150113222,0.5726775956284152,0.0947712418300653,2.604364326375712,2.084440227703985,"{'type': 'early-fusion', 'vectorizers': ['distilbert', 'resnet50'], 'models': ['logistic'], 'balanced': False, 'threshold': 0.5}"
early-fusion,,"Tuning | {'balanced': False, 'threshold': 0.5}",distilbert,logistic,resnet50,,2,86.50814652442932,0.630979035212701,0.5537510619684274,0.6141382313867239,0.5646630236794171,0.0958954829154765,2.613456045699778,2.06410663281498,"{'type': 'early-fusion', 'vectorizers': ['distilbert', 'resnet50'], 'models': ['logistic'], 'balanced': False, 'threshold': 0.5}"
early-fusion,,"Tuning | {'balanced': True, 'n_estimators': 100, 'max_depth': 5}",distilbert,random_forest,resnet50,,0,33.644434690475464,0.6247502891388919,0.5725302685575109,0.6170827392432722,0.7212915756251518,0.1258107727016356,2.613578680203046,3.4213197969543145,"{'type': 'early-fusion', 'vectorizers': ['distilbert', 'resnet50'], 'models': ['random_forest'], 'balanced': True, 'n_estimators': 100, 'max_depth': 5}"
early-fusion,,"Tuning | {'balanced': True, 'n_estimators': 100, 'max_depth': 5}",distilbert,random_forest,resnet50,,1,33.644434690475464,0.6145487155140581,0.5618459144921741,0.6039430630512224,0.7073466909532483,0.1283821772436573,2.604364326375712,3.390891840607211,"{'type': 'early-fusion', 'vectorizers': ['distilbert', 'resnet50'], 'models': ['random_forest'], 'balanced': True, 'n_estimators': 100, 'max_depth': 5}"
early-fusion,,"Tuning | {'balanced': True, 'n_estimators': 100, 'max_depth': 5}",distilbert,random_forest,resnet50,,2,33.644434690475464,0.6161968113187626,0.5539416440411401,0.6057232058818857,0.7086824529447481,0.128178003455693,2.613456045699778,3.3979688987622976,"{'type': 'early-fusion', 'vectorizers': ['distilbert', 'resnet50'], 'models': ['random_forest'], 'balanced': True, 'n_estimators': 100, 'max_depth': 5}"
early-fusion,,"Tuning | {'balanced': True, 'n_estimators': 100, 'max_depth': 10}",distilbert,random_forest,resnet50,,0,38.21128988265991,0.5961802693047541,0.4846013841424759,0.5743664894045605,0.5267055110463705,0.1036026508742244,2.613578680203046,2.0044416243654823,"{'type': 'early-fusion', 'vectorizers': ['distilbert', 'resnet50'], 'models': ['random_forest'], 'balanced': True, 'n_estimators': 100, 'max_depth': 10}"
early-fusion,,"Tuning | {'balanced': True, 'n_estimators': 100, 'max_depth': 10}",distilbert,random_forest,resnet50,,1,38.21128988265991,0.5947868919750975,0.4873012589071327,0.5687474957399057,0.5278688524590164,0.1040656405931548,2.604364326375712,2.018342820999368,"{'type': 'early-fusion', 'vectorizers': ['distilbert', 'resnet50'], 'models': ['random_forest'], 'balanced': True, 'n_estimators': 100, 'max_depth': 10}"
early-fusion,,"Tuning | {'balanced': True, 'n_estimators': 100, 'max_depth': 10}",distilbert,random_forest,resnet50,,2,38.21128988265991,0.586651942853199,0.47103367197697,0.5584827176068052,0.5160898603521554,0.1055925808385345,2.613456045699778,1.9847667407172327,"{'type': 'early-fusion', 'vectorizers': ['distilbert', 'resnet50'], 'models': ['random_forest'], 'balanced': True, 'n_estimators': 100, 'max_depth': 10}"
early-fusion,,"Tuning | {'hidden_layer_sizes': (512, 256), 'learning_rate_init': 0.001, 'batch_size': 64, 'max_iter': 40}",distilbert,mlp,resnet50,,0,752.637876033783,0.640787315472936,0.566809180101974,0.6339933508397976,0.56907016266084,0.0926395939086294,2.613578680203046,2.0285532994923856,"{'type': 'early-fusion', 'vectorizers': ['distilbert', 'resnet50'], 'models': ['mlp'], 'hidden_layer_sizes': (512, 256), 'learning_rate_init': 0.001, 'batch_size': 64, 'max_iter': 40}"
early-fusion,,"Tuning | {'hidden_layer_sizes': (512, 256), 'learning_rate_init': 0.001, 'batch_size': 64, 'max_iter': 40}",distilbert,mlp,resnet50,,1,752.637876033783,0.6492865715428724,0.579291179638511,0.6449878289536733,0.5912568306010929,0.0924168950734415,2.604364326375712,2.1388361796331434,"{'type': 'early-fusion', 'vectorizers': ['distilbert', 'resnet50'], 'models': ['mlp'], 'hidden_layer_sizes': (512, 256), 'learning_rate_init': 0.001, 'batch_size': 64, 'max_iter': 40}"
early-fusion,,"Tuning | {'hidden_layer_sizes': (512, 256), 'learning_rate_init': 0.001, 'batch_size': 64, 'max_iter': 40}",distilbert,mlp,resnet50,,2,752.637876033783,0.6455990952032467,0.5525121723961183,0.6397368983849466,0.5891924711596843,0.0939208011565993,2.613456045699778,2.1567756267851474,"{'type': 'early-fusion', 'vectorizers': ['distilbert', 'resnet50'], 'models': ['mlp'], 'hidden_layer_sizes': (512, 256), 'learning_rate_init': 0.001, 'batch_size': 64, 'max_iter': 40}"
early-fusion,,"Tuning | {'hidden_layer_sizes': (256, 128), 'learning_rate_init': 0.001, 'batch_size': 64, 'max_iter': 40}",distilbert,mlp,resnet50,,0,459.6051034927368,0.6450882450882451,0.5673570715266227,0.6364155972341251,0.5878854090798737,0.0939262549351381,2.613578680203046,2.1500634517766497,"{'type': 'early-fusion', 'vectorizers': ['distilbert', 'resnet50'], 'models': ['mlp'], 'hidden_layer_sizes': (256, 128), 'learning_rate_init': 0.001, 'batch_size': 64, 'max_iter': 40}"
early-fusion,,"Tuning | {'hidden_layer_sizes': (256, 128), 'learning_rate_init': 0.001, 'batch_size': 64, 'max_iter': 40}",distilbert,mlp,resnet50,,1,459.6051034927368,0.6485706792551796,0.5756483683250895,0.6391857720605348,0.6006071645415908,0.0941738702649518,2.604364326375712,2.2191650853889944,"{'type': 'early-fusion', 'vectorizers': ['distilbert', 'resnet50'], 'models': ['mlp'], 'hidden_layer_sizes': (256, 128), 'learning_rate_init': 0.001, 'batch_size': 64, 'max_iter': 40}"
early-fusion,,"Tuning | {'hidden_layer_sizes': (256, 128), 'learning_rate_init': 0.001, 'batch_size': 64, 'max_iter': 40}",distilbert,mlp,resnet50,,2,459.6051034927368,0.6417176282903483,0.569527282885522,0.6329726974601617,0.5861566484517304,0.0950315596459677,2.613456045699778,2.1609013011742304,"{'type': 'early-fusion', 'vectorizers': ['distilbert', 'resnet50'], 'models': ['mlp'], 'hidden_layer_sizes': (256, 128), 'learning_rate_init': 0.001, 'batch_size': 64, 'max_iter': 40}"
early-fusion,,"Tuning | {'balanced': True, 'threshold': 0.2}",distilbert,logistic,resnet50,,0,119.86541438102722,0.5302597673932725,0.4670452185764646,0.5279052918586175,0.9242534595775672,0.23776790750141,2.613578680203046,6.49746192893401,"{'type': 'early-fusion', 'vectorizers': ['distilbert', 'resnet50'], 'models': ['logistic'], 'balanced': True, 'threshold': 0.2}"
early-fusion,,"Tuning | {'balanced': True, 'threshold': 0.2}",distilbert,logistic,resnet50,,1,119.86541438102722,0.5290412876137159,0.4671274301768867,0.5278008053861943,0.918032786885246,0.2364888607772858,2.604364326375712,6.434218848829855,"{'type': 'early-fusion', 'vectorizers': ['distilbert', 'resnet50'], 'models': ['logistic'], 'balanced': True, 'threshold': 0.2}"
early-fusion,,"Tuning | {'balanced': True, 'threshold': 0.2}",distilbert,logistic,resnet50,,2,119.86541438102722,0.5312445361401545,0.4658992968170776,0.5308893291200495,0.9224043715846996,0.2363447230156211,2.613456045699778,6.462075531577277,"{'type': 'early-fusion', 'vectorizers': ['distilbert', 'resnet50'], 'models': ['logistic'], 'balanced': True, 'threshold': 0.2}"
early-fusion,,"Tuning | {'balanced': True, 'threshold': 0.3}",distilbert,logistic,resnet50,,0,111.33186650276184,0.5777406257463578,0.5120178678907586,0.5749230359319192,0.8809176984705025,0.1869712351945854,2.613578680203046,5.356598984771574,"{'type': 'early-fusion', 'vectorizers': ['distilbert', 'resnet50'], 'models': ['logistic'], 'balanced': True, 'threshold': 0.3}"
early-fusion,,"Tuning | {'balanced': True, 'threshold': 0.3}",distilbert,logistic,resnet50,,1,111.33186650276184,0.5718486727070418,0.5068569739041816,0.5717120798240343,0.8737097753491196,0.1892965071333192,2.604364326375712,5.353889943074004,"{'type': 'early-fusion', 'vectorizers': ['distilbert', 'resnet50'], 'models': ['logistic'], 'balanced': True, 'threshold': 0.3}"
early-fusion,,"Tuning | {'balanced': True, 'threshold': 0.3}",distilbert,logistic,resnet50,,2,111.33186650276184,0.5753009646814956,0.5094106529685148,0.5734862919090149,0.8762598664238008,0.1878416023131986,2.613456045699778,5.3478260869565215,"{'type': 'early-fusion', 'vectorizers': ['distilbert', 'resnet50'], 'models': ['logistic'], 'balanced': True, 'threshold': 0.3}"
early-fusion,,"Tuning | {'balanced': True, 'threshold': 0.4}",distilbert,logistic,resnet50,,0,105.5737850666046,0.6100793404547671,0.543991255294845,0.6058273473565352,0.8353969410050983,0.1550514664410603,2.613578680203046,4.544098984771574,"{'type': 'early-fusion', 'vectorizers': ['distilbert', 'resnet50'], 'models': ['logistic'], 'balanced': True, 'threshold': 0.4}"
early-fusion,,"Tuning | {'balanced': True, 'threshold': 0.4}",distilbert,logistic,resnet50,,1,105.5737850666046,0.6026100420261005,0.5385050466637931,0.6028672764441265,0.8270795385549484,0.1578290814533698,2.604364326375712,4.544592030360532,"{'type': 'early-fusion', 'vectorizers': ['distilbert', 'resnet50'], 'models': ['logistic'], 'balanced': True, 'threshold': 0.4}"
early-fusion,,"Tuning | {'balanced': True, 'threshold': 0.4}",distilbert,logistic,resnet50,,2,105.5737850666046,0.6066574573325609,0.5426493152248619,0.6037294522537302,0.8265938069216757,0.1556296061215134,2.613456045699778,4.508410028562361,"{'type': 'early-fusion', 'vectorizers': ['distilbert', 'resnet50'], 'models': ['logistic'], 'balanced': True, 'threshold': 0.4}"
early-fusion,,"Tuning | {'balanced': True, 'threshold': 0.5}",distilbert,logistic,resnet50,,0,111.1293969154358,0.629095546399843,0.5671820970803505,0.6233021596283017,0.7784656470016994,0.1332839819514946,2.613578680203046,3.854695431472081,"{'type': 'early-fusion', 'vectorizers': ['distilbert', 'resnet50'], 'models': ['logistic'], 'balanced': True, 'threshold': 0.5}"
early-fusion,,"Tuning | {'balanced': True, 'threshold': 0.5}",distilbert,logistic,resnet50,,1,111.1293969154358,0.6223396447967122,0.561458705590687,0.6204529201208517,0.7723132969034608,0.1356209150326797,2.604364326375712,3.859582542694497,"{'type': 'early-fusion', 'vectorizers': ['distilbert', 'resnet50'], 'models': ['logistic'], 'balanced': True, 'threshold': 0.5}"
early-fusion,,"Tuning | {'balanced': True, 'threshold': 0.5}",distilbert,logistic,resnet50,,2,111.1293969154358,0.6258851298190401,0.5668689193816571,0.618811573841723,0.7727990285367334,0.1341373109065905,2.613456045699778,3.840368137099333,"{'type': 'early-fusion', 'vectorizers': ['distilbert', 'resnet50'], 'models': ['logistic'], 'balanced': True, 'threshold': 0.5}"
early-fusion,,"Tuning | {'balanced': False, 'threshold': 0.2}",distilbert,logistic,resnet50,,0,87.5098295211792,0.6484641638225256,0.5884482898597521,0.6448972858078188,0.8072347657198349,0.1270798082346305,2.613578680203046,3.8934010152284255,"{'type': 'early-fusion', 'vectorizers': ['distilbert', 'resnet50'], 'models': ['logistic'], 'balanced': False, 'threshold': 0.2}"
early-fusion,,"Tuning | {'balanced': False, 'threshold': 0.2}",distilbert,logistic,resnet50,,1,87.5098295211792,0.6445824037249006,0.5947269568055099,0.64160108462765,0.8069216757741348,0.1287511420338744,2.604364326375712,3.916192283364959,"{'type': 'early-fusion', 'vectorizers': ['distilbert', 'resnet50'], 'models': ['logistic'], 'balanced': False, 'threshold': 0.2}"
early-fusion,,"Tuning | {'balanced': False, 'threshold': 0.2}",distilbert,logistic,resnet50,,2,87.5098295211792,0.6485090625609043,0.5902691338701952,0.642365712851273,0.8081360048573163,0.1271906625762544,2.613456045699778,3.9000317359568393,"{'type': 'early-fusion', 'vectorizers': ['distilbert', 'resnet50'], 'models': ['logistic'], 'balanced': False, 'threshold': 0.2}"
early-fusion,,"Tuning | {'balanced': False, 'threshold': 0.3}",distilbert,logistic,resnet50,,0,86.45860123634338,0.6657446337685329,0.5942326963973483,0.6612377417421834,0.7303957271182325,0.1064932318104907,2.613578680203046,3.121192893401015,"{'type': 'early-fusion', 'vectorizers': ['distilbert', 'resnet50'], 'models': ['logistic'], 'balanced': False, 'threshold': 0.3}"
early-fusion,,"Tuning | {'balanced': False, 'threshold': 0.3}",distilbert,logistic,resnet50,,1,86.45860123634338,0.6618665189698144,0.6036960365374363,0.655531100075692,0.7255616272009715,0.1072633354417035,2.604364326375712,3.105629348513599,"{'type': 'early-fusion', 'vectorizers': ['distilbert', 'resnet50'], 'models': ['logistic'], 'balanced': False, 'threshold': 0.3}"
early-fusion,,"Tuning | {'balanced': False, 'threshold': 0.3}",distilbert,logistic,resnet50,,2,86.45860123634338,0.6626759782729188,0.5950918044068151,0.657249630020179,0.725925925925926,0.1073027962904192,2.613456045699778,3.1123452872104096,"{'type': 'early-fusion', 'vectorizers': ['distilbert', 'resnet50'], 'models': ['logistic'], 'balanced': False, 'threshold': 0.3}"
early-fusion,,"Tuning | {'balanced': False, 'threshold': 0.4}",distilbert,logistic,resnet50,,0,86.43829798698425,0.662683257361094,0.5871565582885846,0.6565074589820783,0.6529497450837582,0.0965172024816694,2.613578680203046,2.536802030456853,"{'type': 'early-fusion', 'vectorizers': ['distilbert', 'resnet50'], 'models': ['logistic'], 'balanced': False, 'threshold': 0.4}"
early-fusion,,"Tuning | {'balanced': False, 'threshold': 0.4}",distilbert,logistic,resnet50,,1,86.43829798698425,0.6556189774749892,0.5897961474153216,0.6476687220994621,0.6485731633272617,0.0985838779956427,2.604364326375712,2.548387096774193,"{'type': 'early-fusion', 'vectorizers': ['distilbert', 'resnet50'], 'models': ['logistic'], 'balanced': False, 'threshold': 0.4}"
early-fusion,,"Tuning | {'balanced': False, 'threshold': 0.4}",distilbert,logistic,resnet50,,2,86.43829798698425,0.6561381863047502,0.5848357454112032,0.646810307362513,0.6457802064359441,0.0982756796784089,2.613456045699778,2.530942557918121,"{'type': 'early-fusion', 'vectorizers': ['distilbert', 'resnet50'], 'models': ['logistic'], 'balanced': False, 'threshold': 0.4}"
early-fusion,,"Tuning | {'balanced': False, 'threshold': 0.5}",distilbert,logistic,resnet50,,0,86.58511972427368,0.6344864938054295,0.5624228279108263,0.6218970204217666,0.5688273852876912,0.0951600394811054,2.613578680203046,2.072652284263959,"{'type': 'early-fusion', 'vectorizers': ['distilbert', 'resnet50'], 'models': ['logistic'], 'balanced': False, 'threshold': 0.5}"
early-fusion,,"Tuning | {'balanced': False, 'threshold': 0.5}",distilbert,logistic,resnet50,,1,86.58511972427368,0.6361796843383246,0.5635005407178411,0.6231707150113222,0.5726775956284152,0.0947712418300653,2.604364326375712,2.084440227703985,"{'type': 'early-fusion', 'vectorizers': ['distilbert', 'resnet50'], 'models': ['logistic'], 'balanced': False, 'threshold': 0.5}"
early-fusion,,"Tuning | {'balanced': False, 'threshold': 0.5}",distilbert,logistic,resnet50,,2,86.58511972427368,0.630979035212701,0.5537510619684274,0.6141382313867239,0.5646630236794171,0.0958954829154765,2.613456045699778,2.06410663281498,"{'type': 'early-fusion', 'vectorizers': ['distilbert', 'resnet50'], 'models': ['logistic'], 'balanced': False, 'threshold': 0.5}"
early-fusion,,"Tuning | {'balanced': True, 'n_estimators': 100, 'max_depth': 3, 'max_features_rf': 'sqrt'}",distilbert,random_forest,resnet50,,0,31.29410457611084,0.5926488745369931,0.5349887373014258,0.5876199061795508,0.7574654042243263,0.1511914833615341,2.613578680203046,4.067258883248731,"{'type': 'early-fusion', 'vectorizers': ['distilbert', 'resnet50'], 'models': ['random_forest'], 'balanced': True, 'n_estimators': 100, 'max_depth': 3, 'max_features_rf': 'sqrt'}"
early-fusion,,"Tuning | {'balanced': True, 'n_estimators': 100, 'max_depth': 3, 'max_features_rf': 'sqrt'}",distilbert,random_forest,resnet50,,1,31.29410457611084,0.5856138350437096,0.5284416702791572,0.5772097201414089,0.7483910139647845,0.153243376203528,2.604364326375712,4.052182163187855,"{'type': 'early-fusion', 'vectorizers': ['distilbert', 'resnet50'], 'models': ['random_forest'], 'balanced': True, 'n_estimators': 100, 'max_depth': 3, 'max_features_rf': 'sqrt'}"
early-fusion,,"Tuning | {'balanced': True, 'n_estimators': 100, 'max_depth': 3, 'max_features_rf': 'sqrt'}",distilbert,random_forest,resnet50,,2,31.29410457611084,0.5907892845162218,0.5349257609827585,0.583676188404846,0.7485124468731026,0.1505518530272576,2.613456045699778,4.008886067914948,"{'type': 'early-fusion', 'vectorizers': ['distilbert', 'resnet50'], 'models': ['random_forest'], 'balanced': True, 'n_estimators': 100, 'max_depth': 3, 'max_features_rf': 'sqrt'}"
early-fusion,,"Tuning | {'balanced': True, 'n_estimators': 100, 'max_depth': 3, 'max_features_rf': 0.8}",distilbert,random_forest,resnet50,,0,192.2217104434967,0.5477439664218258,0.4808277278521635,0.5374664111973757,0.7286962855061908,0.1747215172024816,2.613578680203046,4.340418781725888,"{'type': 'early-fusion', 'vectorizers': ['distilbert', 'resnet50'], 'models': ['random_forest'], 'balanced': True, 'n_estimators': 100, 'max_depth': 3, 'max_features_rf': 0.8}"
early-fusion,,"Tuning | {'balanced': True, 'n_estimators': 100, 'max_depth': 3, 'max_features_rf': 0.8}",distilbert,random_forest,resnet50,,1,192.2217104434967,0.5413609684519443,0.4771419609829862,0.5299828588728019,0.7168184578020643,0.1757326586548598,2.604364326375712,4.292536369386465,"{'type': 'early-fusion', 'vectorizers': ['distilbert', 'resnet50'], 'models': ['random_forest'], 'balanced': True, 'n_estimators': 100, 'max_depth': 3, 'max_features_rf': 0.8}"
early-fusion,,"Tuning | {'balanced': True, 'n_estimators': 100, 'max_depth': 3, 'max_features_rf': 0.8}",distilbert,random_forest,resnet50,,2,192.2217104434967,0.5411172161172161,0.4832663676884621,0.5343743988301272,0.7175470552519733,0.1766987552452484,2.613456045699778,4.317676927959378,"{'type': 'early-fusion', 'vectorizers': ['distilbert', 'resnet50'], 'models': ['random_forest'], 'balanced': True, 'n_estimators': 100, 'max_depth': 3, 'max_features_rf': 0.8}"
early-fusion,,"Tuning | {'balanced': True, 'n_estimators': 100, 'max_depth': 5, 'max_features_rf': 'sqrt'}",distilbert,random_forest,resnet50,,0,34.104984760284424,0.6247502891388919,0.5725302685575109,0.6170827392432722,0.7212915756251518,0.1258107727016356,2.613578680203046,3.4213197969543145,"{'type': 'early-fusion', 'vectorizers': ['distilbert', 'resnet50'], 'models': ['random_forest'], 'balanced': True, 'n_estimators': 100, 'max_depth': 5, 'max_features_rf': 'sqrt'}"
early-fusion,,"Tuning | {'balanced': True, 'n_estimators': 100, 'max_depth': 5, 'max_features_rf': 'sqrt'}",distilbert,random_forest,resnet50,,1,34.104984760284424,0.6145487155140581,0.5618459144921741,0.6039430630512224,0.7073466909532483,0.1283821772436573,2.604364326375712,3.390891840607211,"{'type': 'early-fusion', 'vectorizers': ['distilbert', 'resnet50'], 'models': ['random_forest'], 'balanced': True, 'n_estimators': 100, 'max_depth': 5, 'max_features_rf': 'sqrt'}"
early-fusion,,"Tuning | {'balanced': True, 'n_estimators': 100, 'max_depth': 5, 'max_features_rf': 'sqrt'}",distilbert,random_forest,resnet50,,2,34.104984760284424,0.6161968113187626,0.5539416440411401,0.6057232058818857,0.7086824529447481,0.128178003455693,2.613456045699778,3.3979688987622976,"{'type': 'early-fusion', 'vectorizers': ['distilbert', 'resnet50'], 'models': ['random_forest'], 'balanced': True, 'n_estimators': 100, 'max_depth': 5, 'max_features_rf': 'sqrt'}"
early-fusion,,"Tuning | {'balanced': True, 'n_estimators': 100, 'max_depth': 5, 'max_features_rf': 0.8}",distilbert,random_forest,resnet50,,0,280.6158866882324,0.6054332405023383,0.5445590571032611,0.5936613795116333,0.6993202233551833,0.1323498307952622,2.613578680203046,3.4241751269035534,"{'type': 'early-fusion', 'vectorizers': ['distilbert', 'resnet50'], 'models': ['random_forest'], 'balanced': True, 'n_estimators': 100, 'max_depth': 5, 'max_features_rf': 0.8}"
early-fusion,,"Tuning | {'balanced': True, 'n_estimators': 100, 'max_depth': 5, 'max_features_rf': 0.8}",distilbert,random_forest,resnet50,,1,280.6158866882324,0.5973203924464606,0.5356535111890103,0.5840159260937249,0.6875531268973892,0.134127486119896,2.604364326375712,3.3912080961416824,"{'type': 'early-fusion', 'vectorizers': ['distilbert', 'resnet50'], 'models': ['random_forest'], 'balanced': True, 'n_estimators': 100, 'max_depth': 5, 'max_features_rf': 0.8}"
early-fusion,,"Tuning | {'balanced': True, 'n_estimators': 100, 'max_depth': 5, 'max_features_rf': 0.8}",distilbert,random_forest,resnet50,,2,280.6158866882324,0.5964524448655192,0.5378191845521897,0.5859667449162848,0.6880388585306618,0.1351775450474276,2.613456045699778,3.416058394160584,"{'type': 'early-fusion', 'vectorizers': ['distilbert', 'resnet50'], 'models': ['random_forest'], 'balanced': True, 'n_estimators': 100, 'max_depth': 5, 'max_features_rf': 0.8}"
early-fusion,,"Tuning | {'balanced': True, 'n_estimators': 200, 'max_depth': 3, 'max_features_rf': 'sqrt'}",distilbert,random_forest,resnet50,,0,45.92895865440369,0.5974608629247804,0.5418833096819616,0.5920095943255841,0.7597717892692402,0.1486534122955442,2.613578680203046,4.033629441624366,"{'type': 'early-fusion', 'vectorizers': ['distilbert', 'resnet50'], 'models': ['random_forest'], 'balanced': True, 'n_estimators': 200, 'max_depth': 3, 'max_features_rf': 'sqrt'}"
early-fusion,,"Tuning | {'balanced': True, 'n_estimators': 200, 'max_depth': 3, 'max_features_rf': 'sqrt'}",distilbert,random_forest,resnet50,,1,45.92895865440369,0.5927837514934289,0.5358379718419114,0.5844300755116695,0.7531268973891925,0.1497118560685923,2.604364326375712,4.013282732447818,"{'type': 'early-fusion', 'vectorizers': ['distilbert', 'resnet50'], 'models': ['random_forest'], 'balanced': True, 'n_estimators': 200, 'max_depth': 3, 'max_features_rf': 'sqrt'}"
early-fusion,,"Tuning | {'balanced': True, 'n_estimators': 200, 'max_depth': 3, 'max_features_rf': 'sqrt'}",distilbert,random_forest,resnet50,,2,45.92895865440369,0.5936779400461184,0.5374079142512872,0.5876638277622093,0.7503339404978749,0.1491237349694982,2.613456045699778,3.992700729927008,"{'type': 'early-fusion', 'vectorizers': ['distilbert', 'resnet50'], 'models': ['random_forest'], 'balanced': True, 'n_estimators': 200, 'max_depth': 3, 'max_features_rf': 'sqrt'}"
early-fusion,,"Tuning | {'balanced': True, 'n_estimators': 200, 'max_depth': 3, 'max_features_rf': 0.8}",distilbert,random_forest,resnet50,,0,362.7477226257324,0.5490464458435989,0.4820204182664722,0.5384061616612378,0.7303957271182325,0.1742103778905809,2.613578680203046,4.340101522842639,"{'type': 'early-fusion', 'vectorizers': ['distilbert', 'resnet50'], 'models': ['random_forest'], 'balanced': True, 'n_estimators': 200, 'max_depth': 3, 'max_features_rf': 0.8}"
early-fusion,,"Tuning | {'balanced': True, 'n_estimators': 200, 'max_depth': 3, 'max_features_rf': 0.8}",distilbert,random_forest,resnet50,,1,362.7477226257324,0.5418388904197667,0.4778074482722385,0.5301801754363424,0.7163327261687917,0.1752758451050671,2.604364326375712,4.281783681214422,"{'type': 'early-fusion', 'vectorizers': ['distilbert', 'resnet50'], 'models': ['random_forest'], 'balanced': True, 'n_estimators': 200, 'max_depth': 3, 'max_features_rf': 0.8}"
early-fusion,,"Tuning | {'balanced': True, 'n_estimators': 200, 'max_depth': 3, 'max_features_rf': 0.8}",distilbert,random_forest,resnet50,,2,362.7477226257324,0.5406888980376012,0.4833930820316441,0.5335226711297799,0.7176684881602914,0.1770337459007722,2.613456045699778,4.3243414788955885,"{'type': 'early-fusion', 'vectorizers': ['distilbert', 'resnet50'], 'models': ['random_forest'], 'balanced': True, 'n_estimators': 200, 'max_depth': 3, 'max_features_rf': 0.8}"
early-fusion,,"Tuning | {'balanced': True, 'n_estimators': 200, 'max_depth': 5, 'max_features_rf': 'sqrt'}",distilbert,random_forest,resnet50,,0,49.538111209869385,0.6269569342680934,0.5704818696782318,0.6193002393827266,0.7218985190580238,0.1247356175972927,2.613578680203046,3.405139593908629,"{'type': 'early-fusion', 'vectorizers': ['distilbert', 'resnet50'], 'models': ['random_forest'], 'balanced': True, 'n_estimators': 200, 'max_depth': 5, 'max_features_rf': 'sqrt'}"
early-fusion,,"Tuning | {'balanced': True, 'n_estimators': 200, 'max_depth': 5, 'max_features_rf': 'sqrt'}",distilbert,random_forest,resnet50,,1,49.538111209869385,0.6171470805617147,0.5641638336266422,0.6063072443053469,0.7097753491196114,0.1274158408883266,2.604364326375712,3.386148007590133,"{'type': 'early-fusion', 'vectorizers': ['distilbert', 'resnet50'], 'models': ['random_forest'], 'balanced': True, 'n_estimators': 200, 'max_depth': 5, 'max_features_rf': 'sqrt'}"
early-fusion,,"Tuning | {'balanced': True, 'n_estimators': 200, 'max_depth': 5, 'max_features_rf': 'sqrt'}",distilbert,random_forest,resnet50,,2,49.538111209869385,0.6175643406739189,0.5606305278807623,0.6065281680483204,0.7066180935033394,0.1270672449663246,2.613456045699778,3.367185020628372,"{'type': 'early-fusion', 'vectorizers': ['distilbert', 'resnet50'], 'models': ['random_forest'], 'balanced': True, 'n_estimators': 200, 'max_depth': 5, 'max_features_rf': 'sqrt'}"
early-fusion,,"Tuning | {'balanced': True, 'n_estimators': 200, 'max_depth': 5, 'max_features_rf': 0.8}",distilbert,random_forest,resnet50,,0,530.1444609165192,0.6073232323232324,0.5457067926770152,0.5962870867851833,0.7006554989075018,0.1315566835871404,2.613578680203046,3.4168781725888326,"{'type': 'early-fusion', 'vectorizers': ['distilbert', 'resnet50'], 'models': ['random_forest'], 'balanced': True, 'n_estimators': 200, 'max_depth': 5, 'max_features_rf': 0.8}"
early-fusion,,"Tuning | {'balanced': True, 'n_estimators': 200, 'max_depth': 5, 'max_features_rf': 0.8}",distilbert,random_forest,resnet50,,1,530.1444609165192,0.5998201914432281,0.540444241964749,0.5861078569332838,0.6886460230722525,0.1329503127415841,2.604364326375712,3.375711574952561,"{'type': 'early-fusion', 'vectorizers': ['distilbert', 'resnet50'], 'models': ['random_forest'], 'balanced': True, 'n_estimators': 200, 'max_depth': 5, 'max_features_rf': 0.8}"
early-fusion,,"Tuning | {'balanced': True, 'n_estimators': 200, 'max_depth': 5, 'max_features_rf': 0.8}",distilbert,random_forest,resnet50,,2,530.1444609165192,0.5973423328411728,0.5359812842751875,0.5862910336252133,0.6877959927140255,0.1346309813463098,2.613456045699778,3.404950809266899,"{'type': 'early-fusion', 'vectorizers': ['distilbert', 'resnet50'], 'models': ['random_forest'], 'balanced': True, 'n_estimators': 200, 'max_depth': 5, 'max_features_rf': 0.8}"
early-fusion,,"Tuning | {'balanced': False, 'n_estimators': 100, 'max_depth': 3, 'max_features_rf': 'sqrt'}",distilbert,random_forest,resnet50,,0,31.26982021331787,0.2330438378825475,0.0742081094425362,0.2197010212714527,0.1368050497693615,0.1307459108855048,2.613578680203046,0.4549492385786802,"{'type': 'early-fusion', 'vectorizers': ['distilbert', 'resnet50'], 'models': ['random_forest'], 'balanced': False, 'n_estimators': 100, 'max_depth': 3, 'max_features_rf': 'sqrt'}"
early-fusion,,"Tuning | {'balanced': False, 'n_estimators': 100, 'max_depth': 3, 'max_features_rf': 'sqrt'}",distilbert,random_forest,resnet50,,1,31.26982021331787,0.223835701690696,0.0701156211309744,0.2099951808680461,0.1310261080752884,0.1314744535807154,2.604364326375712,0.4446552814674256,"{'type': 'early-fusion', 'vectorizers': ['distilbert', 'resnet50'], 'models': ['random_forest'], 'balanced': False, 'n_estimators': 100, 'max_depth': 3, 'max_features_rf': 'sqrt'}"
early-fusion,,"Tuning | {'balanced': False, 'n_estimators': 100, 'max_depth': 3, 'max_features_rf': 'sqrt'}",distilbert,random_forest,resnet50,,2,31.26982021331787,0.2236102435977514,0.0704156712728423,0.2079022532529355,0.1304189435336976,0.1314926478366656,2.613456045699778,0.4350999682640432,"{'type': 'early-fusion', 'vectorizers': ['distilbert', 'resnet50'], 'models': ['random_forest'], 'balanced': False, 'n_estimators': 100, 'max_depth': 3, 'max_features_rf': 'sqrt'}"
early-fusion,,"Tuning | {'balanced': False, 'n_estimators': 100, 'max_depth': 3, 'max_features_rf': 0.8}",distilbert,random_forest,resnet50,,0,195.11313915252688,0.4276686592655849,0.2667670225888383,0.4016769398114576,0.3039572711823258,0.1181260575296108,2.613578680203046,1.101522842639594,"{'type': 'early-fusion', 'vectorizers': ['distilbert', 'resnet50'], 'models': ['random_forest'], 'balanced': False, 'n_estimators': 100, 'max_depth': 3, 'max_features_rf': 0.8}"
early-fusion,,"Tuning | {'balanced': False, 'n_estimators': 100, 'max_depth': 3, 'max_features_rf': 0.8}",distilbert,random_forest,resnet50,,1,195.11313915252688,0.4219667943805875,0.2768539665623327,0.3925790387839724,0.3009107468123861,0.119281045751634,2.604364326375712,1.110056925996205,"{'type': 'early-fusion', 'vectorizers': ['distilbert', 'resnet50'], 'models': ['random_forest'], 'balanced': False, 'n_estimators': 100, 'max_depth': 3, 'max_features_rf': 0.8}"
early-fusion,,"Tuning | {'balanced': False, 'n_estimators': 100, 'max_depth': 3, 'max_features_rf': 0.8}",distilbert,random_forest,resnet50,,2,195.11313915252688,0.4275325553864366,0.2740564367338176,0.4028300413574929,0.3069823922282939,0.1193624598892767,2.613456045699778,1.1396382100920344,"{'type': 'early-fusion', 'vectorizers': ['distilbert', 'resnet50'], 'models': ['random_forest'], 'balanced': False, 'n_estimators': 100, 'max_depth': 3, 'max_features_rf': 0.8}"
early-fusion,,"Tuning | {'balanced': False, 'n_estimators': 100, 'max_depth': 5, 'max_features_rf': 'sqrt'}",distilbert,random_forest,resnet50,,0,33.63630032539368,0.3472025662798377,0.1566740227301679,0.3227210236886633,0.2233551832969167,0.1219507896221094,2.613578680203046,0.7490482233502538,"{'type': 'early-fusion', 'vectorizers': ['distilbert', 'resnet50'], 'models': ['random_forest'], 'balanced': False, 'n_estimators': 100, 'max_depth': 5, 'max_features_rf': 'sqrt'}"
early-fusion,,"Tuning | {'balanced': False, 'n_estimators': 100, 'max_depth': 5, 'max_features_rf': 'sqrt'}",distilbert,random_forest,resnet50,,1,33.63630032539368,0.3491168733558812,0.1657448624419436,0.3219722297521159,0.2256223436551305,0.1217232412678333,2.604364326375712,0.7618595825426945,"{'type': 'early-fusion', 'vectorizers': ['distilbert', 'resnet50'], 'models': ['random_forest'], 'balanced': False, 'n_estimators': 100, 'max_depth': 5, 'max_features_rf': 'sqrt'}"
early-fusion,,"Tuning | {'balanced': False, 'n_estimators': 100, 'max_depth': 5, 'max_features_rf': 'sqrt'}",distilbert,random_forest,resnet50,,2,33.63630032539368,0.3478917083294028,0.1565851480943577,0.3220171978661347,0.2239222829386764,0.1218837053492718,2.613456045699778,0.7508727388130753,"{'type': 'early-fusion', 'vectorizers': ['distilbert', 'resnet50'], 'models': ['random_forest'], 'balanced': False, 'n_estimators': 100, 'max_depth': 5, 'max_features_rf': 'sqrt'}"
early-fusion,,"Tuning | {'balanced': False, 'n_estimators': 100, 'max_depth': 5, 'max_features_rf': 0.8}",distilbert,random_forest,resnet50,,0,291.7208800315857,0.498676718261288,0.3507691853076733,0.4716147378425297,0.3773974265598446,0.1101769599548787,2.613578680203046,1.3423223350253808,"{'type': 'early-fusion', 'vectorizers': ['distilbert', 'resnet50'], 'models': ['random_forest'], 'balanced': False, 'n_estimators': 100, 'max_depth': 5, 'max_features_rf': 0.8}"
early-fusion,,"Tuning | {'balanced': False, 'n_estimators': 100, 'max_depth': 5, 'max_features_rf': 0.8}",distilbert,random_forest,resnet50,,1,291.7208800315857,0.4928514056224899,0.3559464419595983,0.462055108781864,0.3725561627200972,0.11093541359196,2.604364326375712,1.3330170777988617,"{'type': 'early-fusion', 'vectorizers': ['distilbert', 'resnet50'], 'models': ['random_forest'], 'balanced': False, 'n_estimators': 100, 'max_depth': 5, 'max_features_rf': 0.8}"
early-fusion,,"Tuning | {'balanced': False, 'n_estimators': 100, 'max_depth': 5, 'max_features_rf': 0.8}",distilbert,random_forest,resnet50,,2,291.7208800315857,0.4896518530402695,0.3437273663966284,0.4628926065295471,0.3706132361870067,0.112168976339081,2.613456045699778,1.342748333862266,"{'type': 'early-fusion', 'vectorizers': ['distilbert', 'resnet50'], 'models': ['random_forest'], 'balanced': False, 'n_estimators': 100, 'max_depth': 5, 'max_features_rf': 0.8}"
early-fusion,,"Tuning | {'balanced': False, 'n_estimators': 200, 'max_depth': 3, 'max_features_rf': 'sqrt'}",distilbert,random_forest,resnet50,,0,46.02859306335449,0.2269753919634513,0.0723611702123591,0.2139193558133913,0.1326778344258315,0.1312217992103778,2.613578680203046,0.4419416243654822,"{'type': 'early-fusion', 'vectorizers': ['distilbert', 'resnet50'], 'models': ['random_forest'], 'balanced': False, 'n_estimators': 200, 'max_depth': 3, 'max_features_rf': 'sqrt'}"
early-fusion,,"Tuning | {'balanced': False, 'n_estimators': 200, 'max_depth': 3, 'max_features_rf': 'sqrt'}",distilbert,random_forest,resnet50,,1,46.02859306335449,0.2237892771958934,0.0687733624298837,0.2111788801542122,0.1310261080752884,0.1315095930845456,2.604364326375712,0.4452877925363694,"{'type': 'early-fusion', 'vectorizers': ['distilbert', 'resnet50'], 'models': ['random_forest'], 'balanced': False, 'n_estimators': 200, 'max_depth': 3, 'max_features_rf': 'sqrt'}"
early-fusion,,"Tuning | {'balanced': False, 'n_estimators': 200, 'max_depth': 3, 'max_features_rf': 'sqrt'}",distilbert,random_forest,resnet50,,2,46.02859306335449,0.2249113290214896,0.0700987082018556,0.2087727252119508,0.1309046751669702,0.1309989773969463,2.613456045699778,0.4287527768962234,"{'type': 'early-fusion', 'vectorizers': ['distilbert', 'resnet50'], 'models': ['random_forest'], 'balanced': False, 'n_estimators': 200, 'max_depth': 3, 'max_features_rf': 'sqrt'}"
early-fusion,,"Tuning | {'balanced': False, 'n_estimators': 200, 'max_depth': 3, 'max_features_rf': 0.8}",distilbert,random_forest,resnet50,,0,368.40802907943726,0.4262407106859144,0.2628577583838032,0.3987577460610456,0.3028647730031561,0.1183904399323181,2.613578680203046,1.1005710659898478,"{'type': 'early-fusion', 'vectorizers': ['distilbert', 'resnet50'], 'models': ['random_forest'], 'balanced': False, 'n_estimators': 200, 'max_depth': 3, 'max_features_rf': 0.8}"
early-fusion,,"Tuning | {'balanced': False, 'n_estimators': 200, 'max_depth': 3, 'max_features_rf': 0.8}",distilbert,random_forest,resnet50,,1,368.40802907943726,0.4225855901890649,0.2749677133749979,0.3933423190064555,0.3012750455373406,0.119122917984398,2.604364326375712,1.1091081593927894,"{'type': 'early-fusion', 'vectorizers': ['distilbert', 'resnet50'], 'models': ['random_forest'], 'balanced': False, 'n_estimators': 200, 'max_depth': 3, 'max_features_rf': 0.8}"
early-fusion,,"Tuning | {'balanced': False, 'n_estimators': 200, 'max_depth': 3, 'max_features_rf': 0.8}",distilbert,random_forest,resnet50,,2,368.40802907943726,0.4267910131411615,0.2744758500562126,0.4007921395576109,0.3056466302367941,0.1192037801050812,2.613456045699778,1.1298000634719136,"{'type': 'early-fusion', 'vectorizers': ['distilbert', 'resnet50'], 'models': ['random_forest'], 'balanced': False, 'n_estimators': 200, 'max_depth': 3, 'max_features_rf': 0.8}"
early-fusion,,"Tuning | {'balanced': False, 'n_estimators': 200, 'max_depth': 5, 'max_features_rf': 'sqrt'}",distilbert,random_forest,resnet50,,0,49.963977336883545,0.3484405917271271,0.1574480075683188,0.3249919426315365,0.2244476814760864,0.1218802876480541,2.613578680203046,0.753489847715736,"{'type': 'early-fusion', 'vectorizers': ['distilbert', 'resnet50'], 'models': ['random_forest'], 'balanced': False, 'n_estimators': 200, 'max_depth': 5, 'max_features_rf': 'sqrt'}"
early-fusion,,"Tuning | {'balanced': False, 'n_estimators': 200, 'max_depth': 5, 'max_features_rf': 'sqrt'}",distilbert,random_forest,resnet50,,1,49.963977336883545,0.3531396438612934,0.1659770660534517,0.3272680039757838,0.2287795992714025,0.1212664277180406,2.604364326375712,0.7700822264389627,"{'type': 'early-fusion', 'vectorizers': ['distilbert', 'resnet50'], 'models': ['random_forest'], 'balanced': False, 'n_estimators': 200, 'max_depth': 5, 'max_features_rf': 'sqrt'}"
early-fusion,,"Tuning | {'balanced': False, 'n_estimators': 200, 'max_depth': 5, 'max_features_rf': 'sqrt'}",distilbert,random_forest,resnet50,,2,49.963977336883545,0.3470293756493813,0.1548498373482246,0.323094709162624,0.2230722525804493,0.1218837053492718,2.613456045699778,0.7464297048556015,"{'type': 'early-fusion', 'vectorizers': ['distilbert', 'resnet50'], 'models': ['random_forest'], 'balanced': False, 'n_estimators': 200, 'max_depth': 5, 'max_features_rf': 'sqrt'}"
early-fusion,,"Tuning | {'balanced': False, 'n_estimators': 200, 'max_depth': 5, 'max_features_rf': 0.8}",distilbert,random_forest,resnet50,,0,557.0864810943604,0.4992784992784992,0.3481218376690915,0.4719249465283728,0.3780043699927167,0.1100888324873096,2.613578680203046,1.3439086294416245,"{'type': 'early-fusion', 'vectorizers': ['distilbert', 'resnet50'], 'models': ['random_forest'], 'balanced': False, 'n_estimators': 200, 'max_depth': 5, 'max_features_rf': 0.8}"
early-fusion,,"Tuning | {'balanced': False, 'n_estimators': 200, 'max_depth': 5, 'max_features_rf': 0.8}",distilbert,random_forest,resnet50,,1,557.0864810943604,0.4940987555198715,0.3567869375757071,0.4631823338654457,0.3736490588949605,0.1107070068170637,2.604364326375712,1.3345983554712209,"{'type': 'early-fusion', 'vectorizers': ['distilbert', 'resnet50'], 'models': ['random_forest'], 'balanced': False, 'n_estimators': 200, 'max_depth': 5, 'max_features_rf': 0.8}"
early-fusion,,"Tuning | {'balanced': False, 'n_estimators': 200, 'max_depth': 5, 'max_features_rf': 0.8}",distilbert,random_forest,resnet50,,2,557.0864810943604,0.4891278183422932,0.345030468284856,0.4625294061346108,0.370127504553734,0.1122571317747452,2.613456045699778,1.341796255157093,"{'type': 'early-fusion', 'vectorizers': ['distilbert', 'resnet50'], 'models': ['random_forest'], 'balanced': False, 'n_estimators': 200, 'max_depth': 5, 'max_features_rf': 0.8}"
early-fusion,,"Tuning | {'hidden_layer_sizes': (512, 256), 'learning_rate_init': 0.001, 'batch_size': 32, 'max_iter': 40}",distilbert,mlp,resnet50,,0,1457.6051988601685,0.6545454545454545,0.5761169940037096,0.6492862132931929,0.5986890021849963,0.0917583192329385,2.613578680203046,2.16751269035533,"{'type': 'early-fusion', 'vectorizers': ['distilbert', 'resnet50'], 'models': ['mlp'], 'hidden_layer_sizes': (512, 256), 'learning_rate_init': 0.001, 'batch_size': 32, 'max_iter': 40}"
early-fusion,,"Tuning | {'hidden_layer_sizes': (512, 256), 'learning_rate_init': 0.001, 'batch_size': 32, 'max_iter': 40}",distilbert,mlp,resnet50,,1,1457.6051988601685,0.6460989628063685,0.5750555793606957,0.6364008522926929,0.5938069216757741,0.0941211610092065,2.604364326375712,2.182795698924731,"{'type': 'early-fusion', 'vectorizers': ['distilbert', 'resnet50'], 'models': ['mlp'], 'hidden_layer_sizes': (512, 256), 'learning_rate_init': 0.001, 'batch_size': 32, 'max_iter': 40}"
early-fusion,,"Tuning | {'hidden_layer_sizes': (512, 256), 'learning_rate_init': 0.001, 'batch_size': 32, 'max_iter': 40}",distilbert,mlp,resnet50,,2,1457.6051988601685,0.652526275800937,0.5684007247225525,0.64340640846512,0.6257437765634487,0.0967594061849853,2.613456045699778,2.3989209774674705,"{'type': 'early-fusion', 'vectorizers': ['distilbert', 'resnet50'], 'models': ['mlp'], 'hidden_layer_sizes': (512, 256), 'learning_rate_init': 0.001, 'batch_size': 32, 'max_iter': 40}"
early-fusion,,"Tuning | {'hidden_layer_sizes': (512, 256), 'learning_rate_init': 0.001, 'batch_size': 32, 'max_iter': 80}",distilbert,mlp,resnet50,,0,1459.462595462799,0.6545454545454545,0.5761169940037096,0.6492862132931929,0.5986890021849963,0.0917583192329385,2.613578680203046,2.16751269035533,"{'type': 'early-fusion', 'vectorizers': ['distilbert', 'resnet50'], 'models': ['mlp'], 'hidden_layer_sizes': (512, 256), 'learning_rate_init': 0.001, 'batch_size': 32, 'max_iter': 80}"
early-fusion,,"Tuning | {'hidden_layer_sizes': (512, 256), 'learning_rate_init': 0.001, 'batch_size': 32, 'max_iter': 80}",distilbert,mlp,resnet50,,1,1459.462595462799,0.6460989628063685,0.5750555793606957,0.6364008522926929,0.5938069216757741,0.0941211610092065,2.604364326375712,2.182795698924731,"{'type': 'early-fusion', 'vectorizers': ['distilbert', 'resnet50'], 'models': ['mlp'], 'hidden_layer_sizes': (512, 256), 'learning_rate_init': 0.001, 'batch_size': 32, 'max_iter': 80}"
early-fusion,,"Tuning | {'hidden_layer_sizes': (512, 256), 'learning_rate_init': 0.001, 'batch_size': 32, 'max_iter': 80}",distilbert,mlp,resnet50,,2,1459.462595462799,0.652526275800937,0.5684007247225525,0.64340640846512,0.6257437765634487,0.0967594061849853,2.613456045699778,2.3989209774674705,"{'type': 'early-fusion', 'vectorizers': ['distilbert', 'resnet50'], 'models': ['mlp'], 'hidden_layer_sizes': (512, 256), 'learning_rate_init': 0.001, 'batch_size': 32, 'max_iter': 80}"
early-fusion,,"Tuning | {'hidden_layer_sizes': (512, 256), 'learning_rate_init': 0.001, 'batch_size': 64, 'max_iter': 40}",distilbert,mlp,resnet50,,0,752.6726198196411,0.640787315472936,0.566809180101974,0.6339933508397976,0.56907016266084,0.0926395939086294,2.613578680203046,2.0285532994923856,"{'type': 'early-fusion', 'vectorizers': ['distilbert', 'resnet50'], 'models': ['mlp'], 'hidden_layer_sizes': (512, 256), 'learning_rate_init': 0.001, 'batch_size': 64, 'max_iter': 40}"
early-fusion,,"Tuning | {'hidden_layer_sizes': (512, 256), 'learning_rate_init': 0.001, 'batch_size': 64, 'max_iter': 40}",distilbert,mlp,resnet50,,1,752.6726198196411,0.6492865715428724,0.579291179638511,0.6449878289536733,0.5912568306010929,0.0924168950734415,2.604364326375712,2.1388361796331434,"{'type': 'early-fusion', 'vectorizers': ['distilbert', 'resnet50'], 'models': ['mlp'], 'hidden_layer_sizes': (512, 256), 'learning_rate_init': 0.001, 'batch_size': 64, 'max_iter': 40}"
early-fusion,,"Tuning | {'hidden_layer_sizes': (512, 256), 'learning_rate_init': 0.001, 'batch_size': 64, 'max_iter': 40}",distilbert,mlp,resnet50,,2,752.6726198196411,0.6455990952032467,0.5525121723961183,0.6397368983849466,0.5891924711596843,0.0939208011565993,2.613456045699778,2.1567756267851474,"{'type': 'early-fusion', 'vectorizers': ['distilbert', 'resnet50'], 'models': ['mlp'], 'hidden_layer_sizes': (512, 256), 'learning_rate_init': 0.001, 'batch_size': 64, 'max_iter': 40}"
early-fusion,,"Tuning | {'hidden_layer_sizes': (512, 256), 'learning_rate_init': 0.001, 'batch_size': 64, 'max_iter': 80}",distilbert,mlp,resnet50,,0,754.1321349143982,0.640787315472936,0.566809180101974,0.6339933508397976,0.56907016266084,0.0926395939086294,2.613578680203046,2.0285532994923856,"{'type': 'early-fusion', 'vectorizers': ['distilbert', 'resnet50'], 'models': ['mlp'], 'hidden_layer_sizes': (512, 256), 'learning_rate_init': 0.001, 'batch_size': 64, 'max_iter': 80}"
early-fusion,,"Tuning | {'hidden_layer_sizes': (512, 256), 'learning_rate_init': 0.001, 'batch_size': 64, 'max_iter': 80}",distilbert,mlp,resnet50,,1,754.1321349143982,0.6492865715428724,0.579291179638511,0.6449878289536733,0.5912568306010929,0.0924168950734415,2.604364326375712,2.1388361796331434,"{'type': 'early-fusion', 'vectorizers': ['distilbert', 'resnet50'], 'models': ['mlp'], 'hidden_layer_sizes': (512, 256), 'learning_rate_init': 0.001, 'batch_size': 64, 'max_iter': 80}"
early-fusion,,"Tuning | {'hidden_layer_sizes': (512, 256), 'learning_rate_init': 0.001, 'batch_size': 64, 'max_iter': 80}",distilbert,mlp,resnet50,,2,754.1321349143982,0.6455990952032467,0.5525121723961183,0.6397368983849466,0.5891924711596843,0.0939208011565993,2.613456045699778,2.1567756267851474,"{'type': 'early-fusion', 'vectorizers': ['distilbert', 'resnet50'], 'models': ['mlp'], 'hidden_layer_sizes': (512, 256), 'learning_rate_init': 0.001, 'batch_size': 64, 'max_iter': 80}"
early-fusion,,"Tuning | {'hidden_layer_sizes': (512, 256), 'learning_rate_init': 0.0005, 'batch_size': 32, 'max_iter': 40}",distilbert,mlp,resnet50,,0,1486.3664319515228,0.649039098740888,0.5785918384239446,0.640602590443961,0.5944403981548919,0.0933446136491821,2.613578680203046,2.1738578680203045,"{'type': 'early-fusion', 'vectorizers': ['distilbert', 'resnet50'], 'models': ['mlp'], 'hidden_layer_sizes': (512, 256), 'learning_rate_init': 0.0005, 'batch_size': 32, 'max_iter': 40}"
early-fusion,,"Tuning | {'hidden_layer_sizes': (512, 256), 'learning_rate_init': 0.0005, 'batch_size': 32, 'max_iter': 40}",distilbert,mlp,resnet50,,1,1486.3664319515228,0.6493982208267922,0.5687326542040477,0.6466668583366876,0.6027929568913175,0.0941738702649518,2.604364326375712,2.230550284629981,"{'type': 'early-fusion', 'vectorizers': ['distilbert', 'resnet50'], 'models': ['mlp'], 'hidden_layer_sizes': (512, 256), 'learning_rate_init': 0.0005, 'batch_size': 32, 'max_iter': 40}"
early-fusion,,"Tuning | {'hidden_layer_sizes': (512, 256), 'learning_rate_init': 0.0005, 'batch_size': 32, 'max_iter': 40}",distilbert,mlp,resnet50,,2,1486.3664319515228,0.6294569391113549,0.5453779012073307,0.6176694175742097,0.5573770491803278,0.0952783948658274,2.613456045699778,2.014915899714377,"{'type': 'early-fusion', 'vectorizers': ['distilbert', 'resnet50'], 'models': ['mlp'], 'hidden_layer_sizes': (512, 256), 'learning_rate_init': 0.0005, 'batch_size': 32, 'max_iter': 40}"
early-fusion,,"Tuning | {'hidden_layer_sizes': (512, 256), 'learning_rate_init': 0.0005, 'batch_size': 32, 'max_iter': 80}",distilbert,mlp,resnet50,,0,1485.5502982139587,0.649039098740888,0.5785918384239446,0.640602590443961,0.5944403981548919,0.0933446136491821,2.613578680203046,2.1738578680203045,"{'type': 'early-fusion', 'vectorizers': ['distilbert', 'resnet50'], 'models': ['mlp'], 'hidden_layer_sizes': (512, 256), 'learning_rate_init': 0.0005, 'batch_size': 32, 'max_iter': 80}"
early-fusion,,"Tuning | {'hidden_layer_sizes': (512, 256), 'learning_rate_init': 0.0005, 'batch_size': 32, 'max_iter': 80}",distilbert,mlp,resnet50,,1,1485.5502982139587,0.6493982208267922,0.5687326542040477,0.6466668583366876,0.6027929568913175,0.0941738702649518,2.604364326375712,2.230550284629981,"{'type': 'early-fusion', 'vectorizers': ['distilbert', 'resnet50'], 'models': ['mlp'], 'hidden_layer_sizes': (512, 256), 'learning_rate_init': 0.0005, 'batch_size': 32, 'max_iter': 80}"
early-fusion,,"Tuning | {'hidden_layer_sizes': (512, 256), 'learning_rate_init': 0.0005, 'batch_size': 32, 'max_iter': 80}",distilbert,mlp,resnet50,,2,1485.5502982139587,0.6294569391113549,0.5453779012073307,0.6176694175742097,0.5573770491803278,0.0952783948658274,2.613456045699778,2.014915899714377,"{'type': 'early-fusion', 'vectorizers': ['distilbert', 'resnet50'], 'models': ['mlp'], 'hidden_layer_sizes': (512, 256), 'learning_rate_init': 0.0005, 'batch_size': 32, 'max_iter': 80}"
early-fusion,,"Tuning | {'hidden_layer_sizes': (512, 256), 'learning_rate_init': 0.0005, 'batch_size': 64, 'max_iter': 40}",distilbert,mlp,resnet50,,0,1044.3168954849243,0.6481751824817519,0.5670819924215081,0.644888194856469,0.5928623452294246,0.093450366610265,2.613578680203046,2.16751269035533,"{'type': 'early-fusion', 'vectorizers': ['distilbert', 'resnet50'], 'models': ['mlp'], 'hidden_layer_sizes': (512, 256), 'learning_rate_init': 0.0005, 'batch_size': 64, 'max_iter': 40}"
early-fusion,,"Tuning | {'hidden_layer_sizes': (512, 256), 'learning_rate_init': 0.0005, 'batch_size': 64, 'max_iter': 40}",distilbert,mlp,resnet50,,1,1044.3168954849243,0.650203065636054,0.5714956513303167,0.6455525709795159,0.6026715239829994,0.0938224752266498,2.604364326375712,2.2235926628716003,"{'type': 'early-fusion', 'vectorizers': ['distilbert', 'resnet50'], 'models': ['mlp'], 'hidden_layer_sizes': (512, 256), 'learning_rate_init': 0.0005, 'batch_size': 64, 'max_iter': 40}"
early-fusion,,"Tuning | {'hidden_layer_sizes': (512, 256), 'learning_rate_init': 0.0005, 'batch_size': 64, 'max_iter': 40}",distilbert,mlp,resnet50,,2,1044.3168954849243,0.6377650622685964,0.5618499799130593,0.6289888502836773,0.5752276867030965,0.0948728798617722,2.613456045699778,2.100920342748334,"{'type': 'early-fusion', 'vectorizers': ['distilbert', 'resnet50'], 'models': ['mlp'], 'hidden_layer_sizes': (512, 256), 'learning_rate_init': 0.0005, 'batch_size': 64, 'max_iter': 40}"
early-fusion,,"Tuning | {'hidden_layer_sizes': (512, 256), 'learning_rate_init': 0.0005, 'batch_size': 64, 'max_iter': 80}",distilbert,mlp,resnet50,,0,1043.3076858520508,0.6481751824817519,0.5670819924215081,0.644888194856469,0.5928623452294246,0.093450366610265,2.613578680203046,2.16751269035533,"{'type': 'early-fusion', 'vectorizers': ['distilbert', 'resnet50'], 'models': ['mlp'], 'hidden_layer_sizes': (512, 256), 'learning_rate_init': 0.0005, 'batch_size': 64, 'max_iter': 80}"
early-fusion,,"Tuning | {'hidden_layer_sizes': (512, 256), 'learning_rate_init': 0.0005, 'batch_size': 64, 'max_iter': 80}",distilbert,mlp,resnet50,,1,1043.3076858520508,0.650203065636054,0.5714956513303167,0.6455525709795159,0.6026715239829994,0.0938224752266498,2.604364326375712,2.2235926628716003,"{'type': 'early-fusion', 'vectorizers': ['distilbert', 'resnet50'], 'models': ['mlp'], 'hidden_layer_sizes': (512, 256), 'learning_rate_init': 0.0005, 'batch_size': 64, 'max_iter': 80}"
early-fusion,,"Tuning | {'hidden_layer_sizes': (512, 256), 'learning_rate_init': 0.0005, 'batch_size': 64, 'max_iter': 80}",distilbert,mlp,resnet50,,2,1043.3076858520508,0.6377650622685964,0.5618499799130593,0.6289888502836773,0.5752276867030965,0.0948728798617722,2.613456045699778,2.100920342748334,"{'type': 'early-fusion', 'vectorizers': ['distilbert', 'resnet50'], 'models': ['mlp'], 'hidden_layer_sizes': (512, 256), 'learning_rate_init': 0.0005, 'batch_size': 64, 'max_iter': 80}"
early-fusion,,"Tuning | {'hidden_layer_sizes': (256, 128), 'learning_rate_init': 0.001, 'batch_size': 32, 'max_iter': 40}",distilbert,mlp,resnet50,,0,700.9362525939941,0.6506135986733002,0.5788972952426594,0.6421584408259536,0.5952901189609129,0.0928334743372814,2.613578680203046,2.1690989847715736,"{'type': 'early-fusion', 'vectorizers': ['distilbert', 'resnet50'], 'models': ['mlp'], 'hidden_layer_sizes': (256, 128), 'learning_rate_init': 0.001, 'batch_size': 32, 'max_iter': 40}"
early-fusion,,"Tuning | {'hidden_layer_sizes': (256, 128), 'learning_rate_init': 0.001, 'batch_size': 32, 'max_iter': 40}",distilbert,mlp,resnet50,,1,700.9362525939941,0.6368245496997998,0.5723641757638821,0.6285573499520368,0.5795992714025501,0.0956497294258205,2.604364326375712,2.1363061353573687,"{'type': 'early-fusion', 'vectorizers': ['distilbert', 'resnet50'], 'models': ['mlp'], 'hidden_layer_sizes': (256, 128), 'learning_rate_init': 0.001, 'batch_size': 32, 'max_iter': 40}"
early-fusion,,"Tuning | {'hidden_layer_sizes': (256, 128), 'learning_rate_init': 0.001, 'batch_size': 32, 'max_iter': 40}",distilbert,mlp,resnet50,,2,700.9362525939941,0.6294443693389212,0.552550194078089,0.6183949711559994,0.5653916211293261,0.0966536196621883,2.613456045699778,2.081561409076484,"{'type': 'early-fusion', 'vectorizers': ['distilbert', 'resnet50'], 'models': ['mlp'], 'hidden_layer_sizes': (256, 128), 'learning_rate_init': 0.001, 'batch_size': 32, 'max_iter': 40}"
early-fusion,,"Tuning | {'hidden_layer_sizes': (256, 128), 'learning_rate_init': 0.001, 'batch_size': 32, 'max_iter': 80}",distilbert,mlp,resnet50,,0,701.1554582118988,0.6506135986733002,0.5788972952426594,0.6421584408259536,0.5952901189609129,0.0928334743372814,2.613578680203046,2.1690989847715736,"{'type': 'early-fusion', 'vectorizers': ['distilbert', 'resnet50'], 'models': ['mlp'], 'hidden_layer_sizes': (256, 128), 'learning_rate_init': 0.001, 'batch_size': 32, 'max_iter': 80}"
early-fusion,,"Tuning | {'hidden_layer_sizes': (256, 128), 'learning_rate_init': 0.001, 'batch_size': 32, 'max_iter': 80}",distilbert,mlp,resnet50,,1,701.1554582118988,0.6368245496997998,0.5723641757638821,0.6285573499520368,0.5795992714025501,0.0956497294258205,2.604364326375712,2.1363061353573687,"{'type': 'early-fusion', 'vectorizers': ['distilbert', 'resnet50'], 'models': ['mlp'], 'hidden_layer_sizes': (256, 128), 'learning_rate_init': 0.001, 'batch_size': 32, 'max_iter': 80}"
early-fusion,,"Tuning | {'hidden_layer_sizes': (256, 128), 'learning_rate_init': 0.001, 'batch_size': 32, 'max_iter': 80}",distilbert,mlp,resnet50,,2,701.1554582118988,0.6294443693389212,0.552550194078089,0.6183949711559994,0.5653916211293261,0.0966536196621883,2.613456045699778,2.081561409076484,"{'type': 'early-fusion', 'vectorizers': ['distilbert', 'resnet50'], 'models': ['mlp'], 'hidden_layer_sizes': (256, 128), 'learning_rate_init': 0.001, 'batch_size': 32, 'max_iter': 80}"
early-fusion,,"Tuning | {'hidden_layer_sizes': (256, 128), 'learning_rate_init': 0.001, 'batch_size': 64, 'max_iter': 40}",distilbert,mlp,resnet50,,0,459.9592304229736,0.6450882450882451,0.5673570715266227,0.6364155972341251,0.5878854090798737,0.0939262549351381,2.613578680203046,2.1500634517766497,"{'type': 'early-fusion', 'vectorizers': ['distilbert', 'resnet50'], 'models': ['mlp'], 'hidden_layer_sizes': (256, 128), 'learning_rate_init': 0.001, 'batch_size': 64, 'max_iter': 40}"
early-fusion,,"Tuning | {'hidden_layer_sizes': (256, 128), 'learning_rate_init': 0.001, 'batch_size': 64, 'max_iter': 40}",distilbert,mlp,resnet50,,1,459.9592304229736,0.6485706792551796,0.5756483683250895,0.6391857720605348,0.6006071645415908,0.0941738702649518,2.604364326375712,2.2191650853889944,"{'type': 'early-fusion', 'vectorizers': ['distilbert', 'resnet50'], 'models': ['mlp'], 'hidden_layer_sizes': (256, 128), 'learning_rate_init': 0.001, 'batch_size': 64, 'max_iter': 40}"
early-fusion,,"Tuning | {'hidden_layer_sizes': (256, 128), 'learning_rate_init': 0.001, 'batch_size': 64, 'max_iter': 40}",distilbert,mlp,resnet50,,2,459.9592304229736,0.6417176282903483,0.569527282885522,0.6329726974601617,0.5861566484517304,0.0950315596459677,2.613456045699778,2.1609013011742304,"{'type': 'early-fusion', 'vectorizers': ['distilbert', 'resnet50'], 'models': ['mlp'], 'hidden_layer_sizes': (256, 128), 'learning_rate_init': 0.001, 'batch_size': 64, 'max_iter': 40}"
early-fusion,,"Tuning | {'hidden_layer_sizes': (256, 128), 'learning_rate_init': 0.001, 'batch_size': 64, 'max_iter': 80}",distilbert,mlp,resnet50,,0,460.4021186828613,0.6450882450882451,0.5673570715266227,0.6364155972341251,0.5878854090798737,0.0939262549351381,2.613578680203046,2.1500634517766497,"{'type': 'early-fusion', 'vectorizers': ['distilbert', 'resnet50'], 'models': ['mlp'], 'hidden_layer_sizes': (256, 128), 'learning_rate_init': 0.001, 'batch_size': 64, 'max_iter': 80}"
early-fusion,,"Tuning | {'hidden_layer_sizes': (256, 128), 'learning_rate_init': 0.001, 'batch_size': 64, 'max_iter': 80}",distilbert,mlp,resnet50,,1,460.4021186828613,0.6485706792551796,0.5756483683250895,0.6391857720605348,0.6006071645415908,0.0941738702649518,2.604364326375712,2.2191650853889944,"{'type': 'early-fusion', 'vectorizers': ['distilbert', 'resnet50'], 'models': ['mlp'], 'hidden_layer_sizes': (256, 128), 'learning_rate_init': 0.001, 'batch_size': 64, 'max_iter': 80}"
early-fusion,,"Tuning | {'hidden_layer_sizes': (256, 128), 'learning_rate_init': 0.001, 'batch_size': 64, 'max_iter': 80}",distilbert,mlp,resnet50,,2,460.4021186828613,0.6417176282903483,0.569527282885522,0.6329726974601617,0.5861566484517304,0.0950315596459677,2.613456045699778,2.1609013011742304,"{'type': 'early-fusion', 'vectorizers': ['distilbert', 'resnet50'], 'models': ['mlp'], 'hidden_layer_sizes': (256, 128), 'learning_rate_init': 0.001, 'batch_size': 64, 'max_iter': 80}"
early-fusion,,"Tuning | {'hidden_layer_sizes': (256, 128), 'learning_rate_init': 0.0005, 'batch_size': 32, 'max_iter': 40}",distilbert,mlp,resnet50,,0,901.7835550308228,0.6502384737678856,0.5714790459708342,0.6428736009478395,0.5957756737072105,0.093062605752961,2.613578680203046,2.175761421319797,"{'type': 'early-fusion', 'vectorizers': ['distilbert', 'resnet50'], 'models': ['mlp'], 'hidden_layer_sizes': (256, 128), 'learning_rate_init': 0.0005, 'batch_size': 32, 'max_iter': 40}"
early-fusion,,"Tuning | {'hidden_layer_sizes': (256, 128), 'learning_rate_init': 0.0005, 'batch_size': 32, 'max_iter': 40}",distilbert,mlp,resnet50,,1,901.7835550308228,0.6487483530961792,0.5734375500051934,0.6414969474267387,0.5979356405585914,0.0936819172113289,2.604364326375712,2.1963946869070208,"{'type': 'early-fusion', 'vectorizers': ['distilbert', 'resnet50'], 'models': ['mlp'], 'hidden_layer_sizes': (256, 128), 'learning_rate_init': 0.0005, 'batch_size': 32, 'max_iter': 40}"
early-fusion,,"Tuning | {'hidden_layer_sizes': (256, 128), 'learning_rate_init': 0.0005, 'batch_size': 32, 'max_iter': 40}",distilbert,mlp,resnet50,,2,901.7835550308228,0.6428904739684022,0.5707186488150728,0.6350542190275609,0.5855494839101396,0.0944497337705843,2.613456045699778,2.147254839733418,"{'type': 'early-fusion', 'vectorizers': ['distilbert', 'resnet50'], 'models': ['mlp'], 'hidden_layer_sizes': (256, 128), 'learning_rate_init': 0.0005, 'batch_size': 32, 'max_iter': 40}"
early-fusion,,"Tuning | {'hidden_layer_sizes': (256, 128), 'learning_rate_init': 0.0005, 'batch_size': 32, 'max_iter': 80}",distilbert,mlp,resnet50,,0,904.0796780586244,0.6502384737678856,0.5714790459708342,0.6428736009478395,0.5957756737072105,0.093062605752961,2.613578680203046,2.175761421319797,"{'type': 'early-fusion', 'vectorizers': ['distilbert', 'resnet50'], 'models': ['mlp'], 'hidden_layer_sizes': (256, 128), 'learning_rate_init': 0.0005, 'batch_size': 32, 'max_iter': 80}"
early-fusion,,"Tuning | {'hidden_layer_sizes': (256, 128), 'learning_rate_init': 0.0005, 'batch_size': 32, 'max_iter': 80}",distilbert,mlp,resnet50,,1,904.0796780586244,0.6487483530961792,0.5734375500051934,0.6414969474267387,0.5979356405585914,0.0936819172113289,2.604364326375712,2.1963946869070208,"{'type': 'early-fusion', 'vectorizers': ['distilbert', 'resnet50'], 'models': ['mlp'], 'hidden_layer_sizes': (256, 128), 'learning_rate_init': 0.0005, 'batch_size': 32, 'max_iter': 80}"
early-fusion,,"Tuning | {'hidden_layer_sizes': (256, 128), 'learning_rate_init': 0.0005, 'batch_size': 32, 'max_iter': 80}",distilbert,mlp,resnet50,,2,904.0796780586244,0.6428904739684022,0.5707186488150728,0.6350542190275609,0.5855494839101396,0.0944497337705843,2.613456045699778,2.147254839733418,"{'type': 'early-fusion', 'vectorizers': ['distilbert', 'resnet50'], 'models': ['mlp'], 'hidden_layer_sizes': (256, 128), 'learning_rate_init': 0.0005, 'batch_size': 32, 'max_iter': 80}"
early-fusion,,"Tuning | {'hidden_layer_sizes': (256, 128), 'learning_rate_init': 0.0005, 'batch_size': 64, 'max_iter': 40}",distilbert,mlp,resnet50,,0,522.6610753536224,0.6548568440318996,0.5739931094786405,0.6493927445228207,0.608035931051226,0.093062605752961,2.613578680203046,2.239847715736041,"{'type': 'early-fusion', 'vectorizers': ['distilbert', 'resnet50'], 'models': ['mlp'], 'hidden_layer_sizes': (256, 128), 'learning_rate_init': 0.0005, 'batch_size': 64, 'max_iter': 40}"
early-fusion,,"Tuning | {'hidden_layer_sizes': (256, 128), 'learning_rate_init': 0.0005, 'batch_size': 64, 'max_iter': 40}",distilbert,mlp,resnet50,,1,522.6610753536224,0.649905309214393,0.5659352329683164,0.6427321238042301,0.6042501517911354,0.0941914400168669,2.604364326375712,2.238456672991777,"{'type': 'early-fusion', 'vectorizers': ['distilbert', 'resnet50'], 'models': ['mlp'], 'hidden_layer_sizes': (256, 128), 'learning_rate_init': 0.0005, 'batch_size': 64, 'max_iter': 40}"
early-fusion,,"Tuning | {'hidden_layer_sizes': (256, 128), 'learning_rate_init': 0.0005, 'batch_size': 64, 'max_iter': 40}",distilbert,mlp,resnet50,,2,522.6610753536224,0.6453602835017719,0.5715194165976551,0.6376783888208832,0.5970856102003643,0.0952783948658274,2.613456045699778,2.222469057442082,"{'type': 'early-fusion', 'vectorizers': ['distilbert', 'resnet50'], 'models': ['mlp'], 'hidden_layer_sizes': (256, 128), 'learning_rate_init': 0.0005, 'batch_size': 64, 'max_iter': 40}"
early-fusion,,"Tuning | {'hidden_layer_sizes': (256, 128), 'learning_rate_init': 0.0005, 'batch_size': 64, 'max_iter': 80}",distilbert,mlp,resnet50,,0,539.270101070404,0.6548568440318996,0.5739931094786405,0.6493927445228207,0.608035931051226,0.093062605752961,2.613578680203046,2.239847715736041,"{'type': 'early-fusion', 'vectorizers': ['distilbert', 'resnet50'], 'models': ['mlp'], 'hidden_layer_sizes': (256, 128), 'learning_rate_init': 0.0005, 'batch_size': 64, 'max_iter': 80}"
early-fusion,,"Tuning | {'hidden_layer_sizes': (256, 128), 'learning_rate_init': 0.0005, 'batch_size': 64, 'max_iter': 80}",distilbert,mlp,resnet50,,1,539.270101070404,0.649905309214393,0.5659352329683164,0.6427321238042301,0.6042501517911354,0.0941914400168669,2.604364326375712,2.238456672991777,"{'type': 'early-fusion', 'vectorizers': ['distilbert', 'resnet50'], 'models': ['mlp'], 'hidden_layer_sizes': (256, 128), 'learning_rate_init': 0.0005, 'batch_size': 64, 'max_iter': 80}"
early-fusion,,"Tuning | {'hidden_layer_sizes': (256, 128), 'learning_rate_init': 0.0005, 'batch_size': 64, 'max_iter': 80}",distilbert,mlp,resnet50,,2,539.270101070404,0.6453602835017719,0.5715194165976551,0.6376783888208832,0.5970856102003643,0.0952783948658274,2.613456045699778,2.222469057442082,"{'type': 'early-fusion', 'vectorizers': ['distilbert', 'resnet50'], 'models': ['mlp'], 'hidden_layer_sizes': (256, 128), 'learning_rate_init': 0.0005, 'batch_size': 64, 'max_iter': 80}"
graphics,,"Tuning | {'balanced': True, 'threshold': 0.2}",resnet50,logistic,,,0,1.010556936264038,0.2472618154538634,0.2316146427528821,0.2426733365078927,1.0,0.8589282657079267,2.5392912172573188,18.0,"{'type': 'graphics', 'vectorizers': ['resnet50'], 'models': ['logistic'], 'balanced': True, 'threshold': 0.2}"
graphics,,"Tuning | {'balanced': True, 'threshold': 0.2}",resnet50,logistic,,,1,1.010556936264038,0.2521599510665953,0.2359697918311121,0.2480330732529871,1.0,0.8557305336832896,2.5968503937007874,18.0,"{'type': 'graphics', 'vectorizers': ['resnet50'], 'models': ['logistic'], 'balanced': True, 'threshold': 0.2}"
graphics,,"Tuning | {'balanced': True, 'threshold': 0.2}",resnet50,logistic,,,2,1.010556936264038,0.254292343387471,0.2376615215462824,0.2499395575573955,1.0,0.8543328017012227,2.6220095693779903,18.0,"{'type': 'graphics', 'vectorizers': ['resnet50'], 'models': ['logistic'], 'balanced': True, 'threshold': 0.2}"
graphics,,"Tuning | {'balanced': True, 'threshold': 0.3}",resnet50,logistic,,,0,1.0321283340454102,0.2472618154538634,0.2316146427528821,0.2426733365078927,1.0,0.8589282657079267,2.5392912172573188,18.0,"{'type': 'graphics', 'vectorizers': ['resnet50'], 'models': ['logistic'], 'balanced': True, 'threshold': 0.3}"
graphics,,"Tuning | {'balanced': True, 'threshold': 0.3}",resnet50,logistic,,,1,1.0321283340454102,0.2521599510665953,0.2359697918311121,0.2480330732529871,1.0,0.8557305336832896,2.5968503937007874,18.0,"{'type': 'graphics', 'vectorizers': ['resnet50'], 'models': ['logistic'], 'balanced': True, 'threshold': 0.3}"
graphics,,"Tuning | {'balanced': True, 'threshold': 0.3}",resnet50,logistic,,,2,1.0321283340454102,0.254292343387471,0.2376615215462824,0.2499395575573955,1.0,0.8543328017012227,2.6220095693779903,18.0,"{'type': 'graphics', 'vectorizers': ['resnet50'], 'models': ['logistic'], 'balanced': True, 'threshold': 0.3}"
graphics,,"Tuning | {'balanced': True, 'threshold': 0.4}",resnet50,logistic,,,0,1.009044170379639,0.2472618154538634,0.2316146427528821,0.2426733365078927,1.0,0.8589282657079267,2.5392912172573188,18.0,"{'type': 'graphics', 'vectorizers': ['resnet50'], 'models': ['logistic'], 'balanced': True, 'threshold': 0.4}"
graphics,,"Tuning | {'balanced': True, 'threshold': 0.4}",resnet50,logistic,,,1,1.009044170379639,0.2521599510665953,0.2359697918311121,0.2480330732529871,1.0,0.8557305336832896,2.5968503937007874,18.0,"{'type': 'graphics', 'vectorizers': ['resnet50'], 'models': ['logistic'], 'balanced': True, 'threshold': 0.4}"
graphics,,"Tuning | {'balanced': True, 'threshold': 0.4}",resnet50,logistic,,,2,1.009044170379639,0.254292343387471,0.2376615215462824,0.2499395575573955,1.0,0.8543328017012227,2.6220095693779903,18.0,"{'type': 'graphics', 'vectorizers': ['resnet50'], 'models': ['logistic'], 'balanced': True, 'threshold': 0.4}"
graphics,,"Tuning | {'balanced': True, 'threshold': 0.5}",resnet50,logistic,,,0,0.995285987854004,0.0,0.0,0.0,0.0,0.1410717342920733,2.5392912172573188,0.0,"{'type': 'graphics', 'vectorizers': ['resnet50'], 'models': ['logistic'], 'balanced': True, 'threshold': 0.5}"
graphics,,"Tuning | {'balanced': True, 'threshold': 0.5}",resnet50,logistic,,,1,0.995285987854004,0.0,0.0,0.0,0.0,0.1442694663167104,2.5968503937007874,0.0,"{'type': 'graphics', 'vectorizers': ['resnet50'], 'models': ['logistic'], 'balanced': True, 'threshold': 0.5}"
graphics,,"Tuning | {'balanced': True, 'threshold': 0.5}",resnet50,logistic,,,2,0.995285987854004,0.0,0.0,0.0,0.0,0.1456671982987772,2.6220095693779903,0.0,"{'type': 'graphics', 'vectorizers': ['resnet50'], 'models': ['logistic'], 'balanced': True, 'threshold': 0.5}"
graphics,,"Tuning | {'balanced': False, 'threshold': 0.2}",resnet50,logistic,,,0,1.3530008792877195,0.3892554194156456,0.1060412563357425,0.3873052559493237,0.5012135922330098,0.2218798151001541,2.5392912172573188,4.0,"{'type': 'graphics', 'vectorizers': ['resnet50'], 'models': ['logistic'], 'balanced': False, 'threshold': 0.2}"
graphics,,"Tuning | {'balanced': False, 'threshold': 0.2}",resnet50,logistic,,,1,1.3530008792877195,0.3948436380997852,0.1078860576793119,0.3916810398700162,0.501516070345664,0.2217847769028871,2.5968503937007874,4.0,"{'type': 'graphics', 'vectorizers': ['resnet50'], 'models': ['logistic'], 'balanced': False, 'threshold': 0.2}"
graphics,,"Tuning | {'balanced': False, 'threshold': 0.2}",resnet50,logistic,,,2,1.3530008792877195,0.3988439306358382,0.1089974158597702,0.3956647817891837,0.5036496350364964,0.2211589580010632,2.6220095693779903,4.0,"{'type': 'graphics', 'vectorizers': ['resnet50'], 'models': ['logistic'], 'balanced': False, 'threshold': 0.2}"
graphics,,"Tuning | {'balanced': False, 'threshold': 0.3}",resnet50,logistic,,,0,1.367274522781372,0.3455532926001358,0.0624586369574783,0.3662741213588671,0.3088592233009709,0.165040232836843,2.5392912172573188,2.0,"{'type': 'graphics', 'vectorizers': ['resnet50'], 'models': ['logistic'], 'balanced': False, 'threshold': 0.3}"
graphics,,"Tuning | {'balanced': False, 'threshold': 0.3}",resnet50,logistic,,,1,1.367274522781372,0.3494347379239466,0.0635349839164734,0.3671728533933259,0.3092783505154639,0.1661417322834645,2.5968503937007874,2.0,"{'type': 'graphics', 'vectorizers': ['resnet50'], 'models': ['logistic'], 'balanced': False, 'threshold': 0.3}"
graphics,,"Tuning | {'balanced': False, 'threshold': 0.3}",resnet50,logistic,,,2,1.367274522781372,0.3526570048309179,0.0641949319542546,0.3656274524695577,0.3108272506082725,0.1662236399078504,2.6220095693779903,2.0,"{'type': 'graphics', 'vectorizers': ['resnet50'], 'models': ['logistic'], 'balanced': False, 'threshold': 0.3}"
graphics,,"Tuning | {'balanced': False, 'threshold': 0.4}",resnet50,logistic,,,0,1.365860939025879,0.2446669569003047,0.0335722819593787,0.2712231271553305,0.170509708737864,0.1485190891970553,2.5392912172573188,1.0,"{'type': 'graphics', 'vectorizers': ['resnet50'], 'models': ['logistic'], 'balanced': False, 'threshold': 0.4}"
graphics,,"Tuning | {'balanced': False, 'threshold': 0.4}",resnet50,logistic,,,1,1.365860939025879,0.2460595446584938,0.0340853954391072,0.27610048743907,0.1704063068526379,0.1506561679790026,2.5968503937007874,1.0,"{'type': 'graphics', 'vectorizers': ['resnet50'], 'models': ['logistic'], 'balanced': False, 'threshold': 0.4}"
graphics,,"Tuning | {'balanced': False, 'threshold': 0.4}",resnet50,logistic,,,2,1.365860939025879,0.2483487450462351,0.0344701136780344,0.2703653072074125,0.1715328467153284,0.1512493354598617,2.6220095693779903,1.0,"{'type': 'graphics', 'vectorizers': ['resnet50'], 'models': ['logistic'], 'balanced': False, 'threshold': 0.4}"
graphics,,"Tuning | {'balanced': False, 'threshold': 0.5}",resnet50,logistic,,,0,1.3876049518585205,0.0,0.0,0.0,0.0,0.1410717342920733,2.5392912172573188,0.0,"{'type': 'graphics', 'vectorizers': ['resnet50'], 'models': ['logistic'], 'balanced': False, 'threshold': 0.5}"
graphics,,"Tuning | {'balanced': False, 'threshold': 0.5}",resnet50,logistic,,,1,1.3876049518585205,0.0,0.0,0.0,0.0,0.1442694663167104,2.5968503937007874,0.0,"{'type': 'graphics', 'vectorizers': ['resnet50'], 'models': ['logistic'], 'balanced': False, 'threshold': 0.5}"
graphics,,"Tuning | {'balanced': False, 'threshold': 0.5}",resnet50,logistic,,,2,1.3876049518585205,0.0,0.0,0.0,0.0,0.1456671982987772,2.6220095693779903,0.0,"{'type': 'graphics', 'vectorizers': ['resnet50'], 'models': ['logistic'], 'balanced': False, 'threshold': 0.5}"
graphics,,"Tuning | {'balanced': True, 'n_estimators': 100, 'max_depth': 3, 'max_features_rf': 'sqrt'}",resnet50,random_forest,,,0,19.57540607452393,0.3212752912323727,0.1038625838073634,0.3190793028235247,0.4769417475728155,0.2842835130970724,2.5392912172573188,5.0,"{'type': 'graphics', 'vectorizers': ['resnet50'], 'models': ['random_forest'], 'balanced': True, 'n_estimators': 100, 'max_depth': 3, 'max_features_rf': 'sqrt'}"
graphics,,"Tuning | {'balanced': True, 'n_estimators': 100, 'max_depth': 3, 'max_features_rf': 'sqrt'}",resnet50,random_forest,,,1,19.57540607452393,0.1982463961955714,0.0989711029444549,0.1916813370356677,0.4044875682231655,0.4720034995625546,2.5968503937007874,8.0,"{'type': 'graphics', 'vectorizers': ['resnet50'], 'models': ['random_forest'], 'balanced': True, 'n_estimators': 100, 'max_depth': 3, 'max_features_rf': 'sqrt'}"
graphics,,"Tuning | {'balanced': True, 'n_estimators': 100, 'max_depth': 3, 'max_features_rf': 'sqrt'}",resnet50,random_forest,,,2,19.57540607452393,0.2974472807991121,0.1119867676992245,0.2882672263055038,0.4890510948905109,0.3365231259968102,2.6220095693779903,6.0,"{'type': 'graphics', 'vectorizers': ['resnet50'], 'models': ['random_forest'], 'balanced': True, 'n_estimators': 100, 'max_depth': 3, 'max_features_rf': 'sqrt'}"
graphics,,"Tuning | {'balanced': True, 'n_estimators': 100, 'max_depth': 3, 'max_features_rf': 0.8}",resnet50,random_forest,,,0,19.3225691318512,0.3212752912323727,0.1038625838073634,0.3190793028235247,0.4769417475728155,0.2842835130970724,2.5392912172573188,5.0,"{'type': 'graphics', 'vectorizers': ['resnet50'], 'models': ['random_forest'], 'balanced': True, 'n_estimators': 100, 'max_depth': 3, 'max_features_rf': 0.8}"
graphics,,"Tuning | {'balanced': True, 'n_estimators': 100, 'max_depth': 3, 'max_features_rf': 0.8}",resnet50,random_forest,,,1,19.3225691318512,0.1982463961955714,0.0989711029444549,0.1916813370356677,0.4044875682231655,0.4720034995625546,2.5968503937007874,8.0,"{'type': 'graphics', 'vectorizers': ['resnet50'], 'models': ['random_forest'], 'balanced': True, 'n_estimators': 100, 'max_depth': 3, 'max_features_rf': 0.8}"
graphics,,"Tuning | {'balanced': True, 'n_estimators': 100, 'max_depth': 3, 'max_features_rf': 0.8}",resnet50,random_forest,,,2,19.3225691318512,0.2974472807991121,0.1119867676992245,0.2882672263055038,0.4890510948905109,0.3365231259968102,2.6220095693779903,6.0,"{'type': 'graphics', 'vectorizers': ['resnet50'], 'models': ['random_forest'], 'balanced': True, 'n_estimators': 100, 'max_depth': 3, 'max_features_rf': 0.8}"
graphics,,"Tuning | {'balanced': True, 'n_estimators': 100, 'max_depth': 5, 'max_features_rf': 'sqrt'}",resnet50,random_forest,,,0,19.39623022079468,0.3212752912323727,0.1038625838073634,0.3190793028235247,0.4769417475728155,0.2842835130970724,2.5392912172573188,5.0,"{'type': 'graphics', 'vectorizers': ['resnet50'], 'models': ['random_forest'], 'balanced': True, 'n_estimators': 100, 'max_depth': 5, 'max_features_rf': 'sqrt'}"
graphics,,"Tuning | {'balanced': True, 'n_estimators': 100, 'max_depth': 5, 'max_features_rf': 'sqrt'}",resnet50,random_forest,,,1,19.39623022079468,0.1982463961955714,0.0989711029444549,0.1916813370356677,0.4044875682231655,0.4720034995625546,2.5968503937007874,8.0,"{'type': 'graphics', 'vectorizers': ['resnet50'], 'models': ['random_forest'], 'balanced': True, 'n_estimators': 100, 'max_depth': 5, 'max_features_rf': 'sqrt'}"
graphics,,"Tuning | {'balanced': True, 'n_estimators': 100, 'max_depth': 5, 'max_features_rf': 'sqrt'}",resnet50,random_forest,,,2,19.39623022079468,0.2974472807991121,0.1119867676992245,0.2882672263055038,0.4890510948905109,0.3365231259968102,2.6220095693779903,6.0,"{'type': 'graphics', 'vectorizers': ['resnet50'], 'models': ['random_forest'], 'balanced': True, 'n_estimators': 100, 'max_depth': 5, 'max_features_rf': 'sqrt'}"
graphics,,"Tuning | {'balanced': True, 'n_estimators': 100, 'max_depth': 5, 'max_features_rf': 0.8}",resnet50,random_forest,,,0,19.64262580871582,0.3212752912323727,0.1038625838073634,0.3190793028235247,0.4769417475728155,0.2842835130970724,2.5392912172573188,5.0,"{'type': 'graphics', 'vectorizers': ['resnet50'], 'models': ['random_forest'], 'balanced': True, 'n_estimators': 100, 'max_depth': 5, 'max_features_rf': 0.8}"
graphics,,"Tuning | {'balanced': True, 'n_estimators': 100, 'max_depth': 5, 'max_features_rf': 0.8}",resnet50,random_forest,,,1,19.64262580871582,0.1982463961955714,0.0989711029444549,0.1916813370356677,0.4044875682231655,0.4720034995625546,2.5968503937007874,8.0,"{'type': 'graphics', 'vectorizers': ['resnet50'], 'models': ['random_forest'], 'balanced': True, 'n_estimators': 100, 'max_depth': 5, 'max_features_rf': 0.8}"
graphics,,"Tuning | {'balanced': True, 'n_estimators': 100, 'max_depth': 5, 'max_features_rf': 0.8}",resnet50,random_forest,,,2,19.64262580871582,0.2974472807991121,0.1119867676992245,0.2882672263055038,0.4890510948905109,0.3365231259968102,2.6220095693779903,6.0,"{'type': 'graphics', 'vectorizers': ['resnet50'], 'models': ['random_forest'], 'balanced': True, 'n_estimators': 100, 'max_depth': 5, 'max_features_rf': 0.8}"
graphics,,"Tuning | {'balanced': True, 'n_estimators': 200, 'max_depth': 3, 'max_features_rf': 'sqrt'}",resnet50,random_forest,,,0,30.834767818450928,0.2563619227144204,0.0730012621528567,0.253822730941375,0.3300970873786408,0.2701592193117617,2.5392912172573188,4.0,"{'type': 'graphics', 'vectorizers': ['resnet50'], 'models': ['random_forest'], 'balanced': True, 'n_estimators': 200, 'max_depth': 3, 'max_features_rf': 'sqrt'}"
graphics,,"Tuning | {'balanced': True, 'n_estimators': 200, 'max_depth': 3, 'max_features_rf': 'sqrt'}",resnet50,random_forest,,,1,30.834767818450928,0.2553897180762852,0.0833244978553031,0.2537290793196304,0.3735597331716191,0.3142607174103237,2.5968503937007874,5.0,"{'type': 'graphics', 'vectorizers': ['resnet50'], 'models': ['random_forest'], 'balanced': True, 'n_estimators': 200, 'max_depth': 3, 'max_features_rf': 'sqrt'}"
graphics,,"Tuning | {'balanced': True, 'n_estimators': 200, 'max_depth': 3, 'max_features_rf': 'sqrt'}",resnet50,random_forest,,,2,30.834767818450928,0.2582315945246023,0.0990401144125712,0.2495423148533196,0.4245742092457421,0.3553074605706184,2.6220095693779903,6.0,"{'type': 'graphics', 'vectorizers': ['resnet50'], 'models': ['random_forest'], 'balanced': True, 'n_estimators': 200, 'max_depth': 3, 'max_features_rf': 'sqrt'}"
graphics,,"Tuning | {'balanced': True, 'n_estimators': 200, 'max_depth': 3, 'max_features_rf': 0.8}",resnet50,random_forest,,,0,30.79971218109131,0.2563619227144204,0.0730012621528567,0.253822730941375,0.3300970873786408,0.2701592193117617,2.5392912172573188,4.0,"{'type': 'graphics', 'vectorizers': ['resnet50'], 'models': ['random_forest'], 'balanced': True, 'n_estimators': 200, 'max_depth': 3, 'max_features_rf': 0.8}"
graphics,,"Tuning | {'balanced': True, 'n_estimators': 200, 'max_depth': 3, 'max_features_rf': 0.8}",resnet50,random_forest,,,1,30.79971218109131,0.2553897180762852,0.0833244978553031,0.2537290793196304,0.3735597331716191,0.3142607174103237,2.5968503937007874,5.0,"{'type': 'graphics', 'vectorizers': ['resnet50'], 'models': ['random_forest'], 'balanced': True, 'n_estimators': 200, 'max_depth': 3, 'max_features_rf': 0.8}"
graphics,,"Tuning | {'balanced': True, 'n_estimators': 200, 'max_depth': 3, 'max_features_rf': 0.8}",resnet50,random_forest,,,2,30.79971218109131,0.2582315945246023,0.0990401144125712,0.2495423148533196,0.4245742092457421,0.3553074605706184,2.6220095693779903,6.0,"{'type': 'graphics', 'vectorizers': ['resnet50'], 'models': ['random_forest'], 'balanced': True, 'n_estimators': 200, 'max_depth': 3, 'max_features_rf': 0.8}"
graphics,,"Tuning | {'balanced': True, 'n_estimators': 200, 'max_depth': 5, 'max_features_rf': 'sqrt'}",resnet50,random_forest,,,0,30.861693382263184,0.2563619227144204,0.0730012621528567,0.253822730941375,0.3300970873786408,0.2701592193117617,2.5392912172573188,4.0,"{'type': 'graphics', 'vectorizers': ['resnet50'], 'models': ['random_forest'], 'balanced': True, 'n_estimators': 200, 'max_depth': 5, 'max_features_rf': 'sqrt'}"
graphics,,"Tuning | {'balanced': True, 'n_estimators': 200, 'max_depth': 5, 'max_features_rf': 'sqrt'}",resnet50,random_forest,,,1,30.861693382263184,0.2553897180762852,0.0833244978553031,0.2537290793196304,0.3735597331716191,0.3142607174103237,2.5968503937007874,5.0,"{'type': 'graphics', 'vectorizers': ['resnet50'], 'models': ['random_forest'], 'balanced': True, 'n_estimators': 200, 'max_depth': 5, 'max_features_rf': 'sqrt'}"
graphics,,"Tuning | {'balanced': True, 'n_estimators': 200, 'max_depth': 5, 'max_features_rf': 'sqrt'}",resnet50,random_forest,,,2,30.861693382263184,0.2582315945246023,0.0990401144125712,0.2495423148533196,0.4245742092457421,0.3553074605706184,2.6220095693779903,6.0,"{'type': 'graphics', 'vectorizers': ['resnet50'], 'models': ['random_forest'], 'balanced': True, 'n_estimators': 200, 'max_depth': 5, 'max_features_rf': 'sqrt'}"
graphics,,"Tuning | {'balanced': True, 'n_estimators': 200, 'max_depth': 5, 'max_features_rf': 0.8}",resnet50,random_forest,,,0,30.78710913658142,0.2563619227144204,0.0730012621528567,0.253822730941375,0.3300970873786408,0.2701592193117617,2.5392912172573188,4.0,"{'type': 'graphics', 'vectorizers': ['resnet50'], 'models': ['random_forest'], 'balanced': True, 'n_estimators': 200, 'max_depth': 5, 'max_features_rf': 0.8}"
graphics,,"Tuning | {'balanced': True, 'n_estimators': 200, 'max_depth': 5, 'max_features_rf': 0.8}",resnet50,random_forest,,,1,30.78710913658142,0.2553897180762852,0.0833244978553031,0.2537290793196304,0.3735597331716191,0.3142607174103237,2.5968503937007874,5.0,"{'type': 'graphics', 'vectorizers': ['resnet50'], 'models': ['random_forest'], 'balanced': True, 'n_estimators': 200, 'max_depth': 5, 'max_features_rf': 0.8}"
graphics,,"Tuning | {'balanced': True, 'n_estimators': 200, 'max_depth': 5, 'max_features_rf': 0.8}",resnet50,random_forest,,,2,30.78710913658142,0.2582315945246023,0.0990401144125712,0.2495423148533196,0.4245742092457421,0.3553074605706184,2.6220095693779903,6.0,"{'type': 'graphics', 'vectorizers': ['resnet50'], 'models': ['random_forest'], 'balanced': True, 'n_estimators': 200, 'max_depth': 5, 'max_features_rf': 0.8}"
graphics,,"Tuning | {'balanced': False, 'n_estimators': 100, 'max_depth': 3, 'max_features_rf': 'sqrt'}",resnet50,random_forest,,,0,19.399837255477905,0.0,0.0,0.0,0.0,0.1410717342920733,2.5392912172573188,0.0,"{'type': 'graphics', 'vectorizers': ['resnet50'], 'models': ['random_forest'], 'balanced': False, 'n_estimators': 100, 'max_depth': 3, 'max_features_rf': 'sqrt'}"
graphics,,"Tuning | {'balanced': False, 'n_estimators': 100, 'max_depth': 3, 'max_features_rf': 'sqrt'}",resnet50,random_forest,,,1,19.399837255477905,0.0,0.0,0.0,0.0,0.1442694663167104,2.5968503937007874,0.0,"{'type': 'graphics', 'vectorizers': ['resnet50'], 'models': ['random_forest'], 'balanced': False, 'n_estimators': 100, 'max_depth': 3, 'max_features_rf': 'sqrt'}"
graphics,,"Tuning | {'balanced': False, 'n_estimators': 100, 'max_depth': 3, 'max_features_rf': 'sqrt'}",resnet50,random_forest,,,2,19.399837255477905,0.0,0.0,0.0,0.0,0.1456671982987772,2.6220095693779903,0.0,"{'type': 'graphics', 'vectorizers': ['resnet50'], 'models': ['random_forest'], 'balanced': False, 'n_estimators': 100, 'max_depth': 3, 'max_features_rf': 'sqrt'}"
graphics,,"Tuning | {'balanced': False, 'n_estimators': 100, 'max_depth': 3, 'max_features_rf': 0.8}",resnet50,random_forest,,,0,18.958375930786133,0.0,0.0,0.0,0.0,0.1410717342920733,2.5392912172573188,0.0,"{'type': 'graphics', 'vectorizers': ['resnet50'], 'models': ['random_forest'], 'balanced': False, 'n_estimators': 100, 'max_depth': 3, 'max_features_rf': 0.8}"
graphics,,"Tuning | {'balanced': False, 'n_estimators': 100, 'max_depth': 3, 'max_features_rf': 0.8}",resnet50,random_forest,,,1,18.958375930786133,0.0,0.0,0.0,0.0,0.1442694663167104,2.5968503937007874,0.0,"{'type': 'graphics', 'vectorizers': ['resnet50'], 'models': ['random_forest'], 'balanced': False, 'n_estimators': 100, 'max_depth': 3, 'max_features_rf': 0.8}"
graphics,,"Tuning | {'balanced': False, 'n_estimators': 100, 'max_depth': 3, 'max_features_rf': 0.8}",resnet50,random_forest,,,2,18.958375930786133,0.0,0.0,0.0,0.0,0.1456671982987772,2.6220095693779903,0.0,"{'type': 'graphics', 'vectorizers': ['resnet50'], 'models': ['random_forest'], 'balanced': False, 'n_estimators': 100, 'max_depth': 3, 'max_features_rf': 0.8}"
graphics,,"Tuning | {'balanced': False, 'n_estimators': 100, 'max_depth': 5, 'max_features_rf': 'sqrt'}",resnet50,random_forest,,,0,19.385904788970947,0.0,0.0,0.0,0.0,0.1410717342920733,2.5392912172573188,0.0,"{'type': 'graphics', 'vectorizers': ['resnet50'], 'models': ['random_forest'], 'balanced': False, 'n_estimators': 100, 'max_depth': 5, 'max_features_rf': 'sqrt'}"
graphics,,"Tuning | {'balanced': False, 'n_estimators': 100, 'max_depth': 5, 'max_features_rf': 'sqrt'}",resnet50,random_forest,,,1,19.385904788970947,0.0,0.0,0.0,0.0,0.1442694663167104,2.5968503937007874,0.0,"{'type': 'graphics', 'vectorizers': ['resnet50'], 'models': ['random_forest'], 'balanced': False, 'n_estimators': 100, 'max_depth': 5, 'max_features_rf': 'sqrt'}"
graphics,,"Tuning | {'balanced': False, 'n_estimators': 100, 'max_depth': 5, 'max_features_rf': 'sqrt'}",resnet50,random_forest,,,2,19.385904788970947,0.0,0.0,0.0,0.0,0.1456671982987772,2.6220095693779903,0.0,"{'type': 'graphics', 'vectorizers': ['resnet50'], 'models': ['random_forest'], 'balanced': False, 'n_estimators': 100, 'max_depth': 5, 'max_features_rf': 'sqrt'}"
graphics,,"Tuning | {'balanced': False, 'n_estimators': 100, 'max_depth': 5, 'max_features_rf': 0.8}",resnet50,random_forest,,,0,19.4412739276886,0.0,0.0,0.0,0.0,0.1410717342920733,2.5392912172573188,0.0,"{'type': 'graphics', 'vectorizers': ['resnet50'], 'models': ['random_forest'], 'balanced': False, 'n_estimators': 100, 'max_depth': 5, 'max_features_rf': 0.8}"
graphics,,"Tuning | {'balanced': False, 'n_estimators': 100, 'max_depth': 5, 'max_features_rf': 0.8}",resnet50,random_forest,,,1,19.4412739276886,0.0,0.0,0.0,0.0,0.1442694663167104,2.5968503937007874,0.0,"{'type': 'graphics', 'vectorizers': ['resnet50'], 'models': ['random_forest'], 'balanced': False, 'n_estimators': 100, 'max_depth': 5, 'max_features_rf': 0.8}"
graphics,,"Tuning | {'balanced': False, 'n_estimators': 100, 'max_depth': 5, 'max_features_rf': 0.8}",resnet50,random_forest,,,2,19.4412739276886,0.0,0.0,0.0,0.0,0.1456671982987772,2.6220095693779903,0.0,"{'type': 'graphics', 'vectorizers': ['resnet50'], 'models': ['random_forest'], 'balanced': False, 'n_estimators': 100, 'max_depth': 5, 'max_features_rf': 0.8}"
graphics,,"Tuning | {'balanced': False, 'n_estimators': 200, 'max_depth': 3, 'max_features_rf': 'sqrt'}",resnet50,random_forest,,,0,30.8628613948822,0.0,0.0,0.0,0.0,0.1410717342920733,2.5392912172573188,0.0,"{'type': 'graphics', 'vectorizers': ['resnet50'], 'models': ['random_forest'], 'balanced': False, 'n_estimators': 200, 'max_depth': 3, 'max_features_rf': 'sqrt'}"
graphics,,"Tuning | {'balanced': False, 'n_estimators': 200, 'max_depth': 3, 'max_features_rf': 'sqrt'}",resnet50,random_forest,,,1,30.8628613948822,0.0,0.0,0.0,0.0,0.1442694663167104,2.5968503937007874,0.0,"{'type': 'graphics', 'vectorizers': ['resnet50'], 'models': ['random_forest'], 'balanced': False, 'n_estimators': 200, 'max_depth': 3, 'max_features_rf': 'sqrt'}"
graphics,,"Tuning | {'balanced': False, 'n_estimators': 200, 'max_depth': 3, 'max_features_rf': 'sqrt'}",resnet50,random_forest,,,2,30.8628613948822,0.0,0.0,0.0,0.0,0.1456671982987772,2.6220095693779903,0.0,"{'type': 'graphics', 'vectorizers': ['resnet50'], 'models': ['random_forest'], 'balanced': False, 'n_estimators': 200, 'max_depth': 3, 'max_features_rf': 'sqrt'}"
graphics,,"Tuning | {'balanced': False, 'n_estimators': 200, 'max_depth': 3, 'max_features_rf': 0.8}",resnet50,random_forest,,,0,30.927035570144653,0.0,0.0,0.0,0.0,0.1410717342920733,2.5392912172573188,0.0,"{'type': 'graphics', 'vectorizers': ['resnet50'], 'models': ['random_forest'], 'balanced': False, 'n_estimators': 200, 'max_depth': 3, 'max_features_rf': 0.8}"
graphics,,"Tuning | {'balanced': False, 'n_estimators': 200, 'max_depth': 3, 'max_features_rf': 0.8}",resnet50,random_forest,,,1,30.927035570144653,0.0,0.0,0.0,0.0,0.1442694663167104,2.5968503937007874,0.0,"{'type': 'graphics', 'vectorizers': ['resnet50'], 'models': ['random_forest'], 'balanced': False, 'n_estimators': 200, 'max_depth': 3, 'max_features_rf': 0.8}"
graphics,,"Tuning | {'balanced': False, 'n_estimators': 200, 'max_depth': 3, 'max_features_rf': 0.8}",resnet50,random_forest,,,2,30.927035570144653,0.0,0.0,0.0,0.0,0.1456671982987772,2.6220095693779903,0.0,"{'type': 'graphics', 'vectorizers': ['resnet50'], 'models': ['random_forest'], 'balanced': False, 'n_estimators': 200, 'max_depth': 3, 'max_features_rf': 0.8}"
graphics,,"Tuning | {'balanced': False, 'n_estimators': 200, 'max_depth': 5, 'max_features_rf': 'sqrt'}",resnet50,random_forest,,,0,31.098700523376465,0.0,0.0,0.0,0.0,0.1410717342920733,2.5392912172573188,0.0,"{'type': 'graphics', 'vectorizers': ['resnet50'], 'models': ['random_forest'], 'balanced': False, 'n_estimators': 200, 'max_depth': 5, 'max_features_rf': 'sqrt'}"
graphics,,"Tuning | {'balanced': False, 'n_estimators': 200, 'max_depth': 5, 'max_features_rf': 'sqrt'}",resnet50,random_forest,,,1,31.098700523376465,0.0,0.0,0.0,0.0,0.1442694663167104,2.5968503937007874,0.0,"{'type': 'graphics', 'vectorizers': ['resnet50'], 'models': ['random_forest'], 'balanced': False, 'n_estimators': 200, 'max_depth': 5, 'max_features_rf': 'sqrt'}"
graphics,,"Tuning | {'balanced': False, 'n_estimators': 200, 'max_depth': 5, 'max_features_rf': 'sqrt'}",resnet50,random_forest,,,2,31.098700523376465,0.0,0.0,0.0,0.0,0.1456671982987772,2.6220095693779903,0.0,"{'type': 'graphics', 'vectorizers': ['resnet50'], 'models': ['random_forest'], 'balanced': False, 'n_estimators': 200, 'max_depth': 5, 'max_features_rf': 'sqrt'}"
graphics,,"Tuning | {'balanced': False, 'n_estimators': 200, 'max_depth': 5, 'max_features_rf': 0.8}",resnet50,random_forest,,,0,30.97575831413269,0.0,0.0,0.0,0.0,0.1410717342920733,2.5392912172573188,0.0,"{'type': 'graphics', 'vectorizers': ['resnet50'], 'models': ['random_forest'], 'balanced': False, 'n_estimators': 200, 'max_depth': 5, 'max_features_rf': 0.8}"
graphics,,"Tuning | {'balanced': False, 'n_estimators': 200, 'max_depth': 5, 'max_features_rf': 0.8}",resnet50,random_forest,,,1,30.97575831413269,0.0,0.0,0.0,0.0,0.1442694663167104,2.5968503937007874,0.0,"{'type': 'graphics', 'vectorizers': ['resnet50'], 'models': ['random_forest'], 'balanced': False, 'n_estimators': 200, 'max_depth': 5, 'max_features_rf': 0.8}"
graphics,,"Tuning | {'balanced': False, 'n_estimators': 200, 'max_depth': 5, 'max_features_rf': 0.8}",resnet50,random_forest,,,2,30.97575831413269,0.0,0.0,0.0,0.0,0.1456671982987772,2.6220095693779903,0.0,"{'type': 'graphics', 'vectorizers': ['resnet50'], 'models': ['random_forest'], 'balanced': False, 'n_estimators': 200, 'max_depth': 5, 'max_features_rf': 0.8}"
graphics,,"Tuning | {'hidden_layer_sizes': (256, 128), 'learning_rate_init': 0.001, 'batch_size': 32, 'max_iter': 40}",resnet50,mlp,,,0,55.51239061355591,0.0,0.0,0.0,0.0,0.1410717342920733,2.5392912172573188,0.0,"{'type': 'graphics', 'vectorizers': ['resnet50'], 'models': ['mlp'], 'hidden_layer_sizes': (256, 128), 'learning_rate_init': 0.001, 'batch_size': 32, 'max_iter': 40}"
graphics,,"Tuning | {'hidden_layer_sizes': (256, 128), 'learning_rate_init': 0.001, 'batch_size': 32, 'max_iter': 40}",resnet50,mlp,,,1,55.51239061355591,0.0,0.0,0.0,0.0,0.1442694663167104,2.5968503937007874,0.0,"{'type': 'graphics', 'vectorizers': ['resnet50'], 'models': ['mlp'], 'hidden_layer_sizes': (256, 128), 'learning_rate_init': 0.001, 'batch_size': 32, 'max_iter': 40}"
graphics,,"Tuning | {'hidden_layer_sizes': (256, 128), 'learning_rate_init': 0.001, 'batch_size': 32, 'max_iter': 40}",resnet50,mlp,,,2,55.51239061355591,0.0,0.0,0.0,0.0,0.1456671982987772,2.6220095693779903,0.0,"{'type': 'graphics', 'vectorizers': ['resnet50'], 'models': ['mlp'], 'hidden_layer_sizes': (256, 128), 'learning_rate_init': 0.001, 'batch_size': 32, 'max_iter': 40}"
graphics,,"Tuning | {'hidden_layer_sizes': (256, 128), 'learning_rate_init': 0.001, 'batch_size': 32, 'max_iter': 80}",resnet50,mlp,,,0,55.65839743614197,0.0,0.0,0.0,0.0,0.1410717342920733,2.5392912172573188,0.0,"{'type': 'graphics', 'vectorizers': ['resnet50'], 'models': ['mlp'], 'hidden_layer_sizes': (256, 128), 'learning_rate_init': 0.001, 'batch_size': 32, 'max_iter': 80}"
graphics,,"Tuning | {'hidden_layer_sizes': (256, 128), 'learning_rate_init': 0.001, 'batch_size': 32, 'max_iter': 80}",resnet50,mlp,,,1,55.65839743614197,0.0,0.0,0.0,0.0,0.1442694663167104,2.5968503937007874,0.0,"{'type': 'graphics', 'vectorizers': ['resnet50'], 'models': ['mlp'], 'hidden_layer_sizes': (256, 128), 'learning_rate_init': 0.001, 'batch_size': 32, 'max_iter': 80}"
graphics,,"Tuning | {'hidden_layer_sizes': (256, 128), 'learning_rate_init': 0.001, 'batch_size': 32, 'max_iter': 80}",resnet50,mlp,,,2,55.65839743614197,0.0,0.0,0.0,0.0,0.1456671982987772,2.6220095693779903,0.0,"{'type': 'graphics', 'vectorizers': ['resnet50'], 'models': ['mlp'], 'hidden_layer_sizes': (256, 128), 'learning_rate_init': 0.001, 'batch_size': 32, 'max_iter': 80}"
graphics,,"Tuning | {'hidden_layer_sizes': (256, 128), 'learning_rate_init': 0.001, 'batch_size': 64, 'max_iter': 40}",resnet50,mlp,,,0,29.277424335479736,0.0,0.0,0.0,0.0,0.1410717342920733,2.5392912172573188,0.0,"{'type': 'graphics', 'vectorizers': ['resnet50'], 'models': ['mlp'], 'hidden_layer_sizes': (256, 128), 'learning_rate_init': 0.001, 'batch_size': 64, 'max_iter': 40}"
graphics,,"Tuning | {'hidden_layer_sizes': (256, 128), 'learning_rate_init': 0.001, 'batch_size': 64, 'max_iter': 40}",resnet50,mlp,,,1,29.277424335479736,0.0,0.0,0.0,0.0,0.1442694663167104,2.5968503937007874,0.0,"{'type': 'graphics', 'vectorizers': ['resnet50'], 'models': ['mlp'], 'hidden_layer_sizes': (256, 128), 'learning_rate_init': 0.001, 'batch_size': 64, 'max_iter': 40}"
graphics,,"Tuning | {'hidden_layer_sizes': (256, 128), 'learning_rate_init': 0.001, 'batch_size': 64, 'max_iter': 40}",resnet50,mlp,,,2,29.277424335479736,0.0,0.0,0.0,0.0,0.1456671982987772,2.6220095693779903,0.0,"{'type': 'graphics', 'vectorizers': ['resnet50'], 'models': ['mlp'], 'hidden_layer_sizes': (256, 128), 'learning_rate_init': 0.001, 'batch_size': 64, 'max_iter': 40}"
graphics,,"Tuning | {'hidden_layer_sizes': (256, 128), 'learning_rate_init': 0.001, 'batch_size': 64, 'max_iter': 80}",resnet50,mlp,,,0,29.12483596801757,0.0,0.0,0.0,0.0,0.1410717342920733,2.5392912172573188,0.0,"{'type': 'graphics', 'vectorizers': ['resnet50'], 'models': ['mlp'], 'hidden_layer_sizes': (256, 128), 'learning_rate_init': 0.001, 'batch_size': 64, 'max_iter': 80}"
graphics,,"Tuning | {'hidden_layer_sizes': (256, 128), 'learning_rate_init': 0.001, 'batch_size': 64, 'max_iter': 80}",resnet50,mlp,,,1,29.12483596801757,0.0,0.0,0.0,0.0,0.1442694663167104,2.5968503937007874,0.0,"{'type': 'graphics', 'vectorizers': ['resnet50'], 'models': ['mlp'], 'hidden_layer_sizes': (256, 128), 'learning_rate_init': 0.001, 'batch_size': 64, 'max_iter': 80}"
graphics,,"Tuning | {'hidden_layer_sizes': (256, 128), 'learning_rate_init': 0.001, 'batch_size': 64, 'max_iter': 80}",resnet50,mlp,,,2,29.12483596801757,0.0,0.0,0.0,0.0,0.1456671982987772,2.6220095693779903,0.0,"{'type': 'graphics', 'vectorizers': ['resnet50'], 'models': ['mlp'], 'hidden_layer_sizes': (256, 128), 'learning_rate_init': 0.001, 'batch_size': 64, 'max_iter': 80}"
graphics,,"Tuning | {'hidden_layer_sizes': (256, 128), 'learning_rate_init': 0.0005, 'batch_size': 32, 'max_iter': 40}",resnet50,mlp,,,0,55.40848231315613,0.0,0.0,0.0,0.0,0.1410717342920733,2.5392912172573188,0.0,"{'type': 'graphics', 'vectorizers': ['resnet50'], 'models': ['mlp'], 'hidden_layer_sizes': (256, 128), 'learning_rate_init': 0.0005, 'batch_size': 32, 'max_iter': 40}"
graphics,,"Tuning | {'hidden_layer_sizes': (256, 128), 'learning_rate_init': 0.0005, 'batch_size': 32, 'max_iter': 40}",resnet50,mlp,,,1,55.40848231315613,0.0,0.0,0.0,0.0,0.1442694663167104,2.5968503937007874,0.0,"{'type': 'graphics', 'vectorizers': ['resnet50'], 'models': ['mlp'], 'hidden_layer_sizes': (256, 128), 'learning_rate_init': 0.0005, 'batch_size': 32, 'max_iter': 40}"
graphics,,"Tuning | {'hidden_layer_sizes': (256, 128), 'learning_rate_init': 0.0005, 'batch_size': 32, 'max_iter': 40}",resnet50,mlp,,,2,55.40848231315613,0.0,0.0,0.0,0.0,0.1456671982987772,2.6220095693779903,0.0,"{'type': 'graphics', 'vectorizers': ['resnet50'], 'models': ['mlp'], 'hidden_layer_sizes': (256, 128), 'learning_rate_init': 0.0005, 'batch_size': 32, 'max_iter': 40}"
graphics,,"Tuning | {'hidden_layer_sizes': (256, 128), 'learning_rate_init': 0.0005, 'batch_size': 32, 'max_iter': 80}",resnet50,mlp,,,0,55.50227808952332,0.0,0.0,0.0,0.0,0.1410717342920733,2.5392912172573188,0.0,"{'type': 'graphics', 'vectorizers': ['resnet50'], 'models': ['mlp'], 'hidden_layer_sizes': (256, 128), 'learning_rate_init': 0.0005, 'batch_size': 32, 'max_iter': 80}"
graphics,,"Tuning | {'hidden_layer_sizes': (256, 128), 'learning_rate_init': 0.0005, 'batch_size': 32, 'max_iter': 80}",resnet50,mlp,,,1,55.50227808952332,0.0,0.0,0.0,0.0,0.1442694663167104,2.5968503937007874,0.0,"{'type': 'graphics', 'vectorizers': ['resnet50'], 'models': ['mlp'], 'hidden_layer_sizes': (256, 128), 'learning_rate_init': 0.0005, 'batch_size': 32, 'max_iter': 80}"
graphics,,"Tuning | {'hidden_layer_sizes': (256, 128), 'learning_rate_init': 0.0005, 'batch_size': 32, 'max_iter': 80}",resnet50,mlp,,,2,55.50227808952332,0.0,0.0,0.0,0.0,0.1456671982987772,2.6220095693779903,0.0,"{'type': 'graphics', 'vectorizers': ['resnet50'], 'models': ['mlp'], 'hidden_layer_sizes': (256, 128), 'learning_rate_init': 0.0005, 'batch_size': 32, 'max_iter': 80}"
graphics,,"Tuning | {'hidden_layer_sizes': (256, 128), 'learning_rate_init': 0.0005, 'batch_size': 64, 'max_iter': 40}",resnet50,mlp,,,0,29.25253844261169,0.2639019792648445,0.0745850301158788,0.2548034827695845,0.3398058252427184,0.2674199623352166,2.5392912172573188,4.0,"{'type': 'graphics', 'vectorizers': ['resnet50'], 'models': ['mlp'], 'hidden_layer_sizes': (256, 128), 'learning_rate_init': 0.0005, 'batch_size': 64, 'max_iter': 40}"
graphics,,"Tuning | {'hidden_layer_sizes': (256, 128), 'learning_rate_init': 0.0005, 'batch_size': 64, 'max_iter': 40}",resnet50,mlp,,,1,29.25253844261169,0.2678443542611601,0.0760207087198306,0.2614298212723409,0.3402061855670103,0.2683289588801399,2.5968503937007874,4.0,"{'type': 'graphics', 'vectorizers': ['resnet50'], 'models': ['mlp'], 'hidden_layer_sizes': (256, 128), 'learning_rate_init': 0.0005, 'batch_size': 64, 'max_iter': 40}"
graphics,,"Tuning | {'hidden_layer_sizes': (256, 128), 'learning_rate_init': 0.0005, 'batch_size': 64, 'max_iter': 40}",resnet50,mlp,,,2,29.25253844261169,0.2697495183044316,0.0765737362746387,0.2624847242072122,0.340632603406326,0.2686514265461633,2.6220095693779903,4.0,"{'type': 'graphics', 'vectorizers': ['resnet50'], 'models': ['mlp'], 'hidden_layer_sizes': (256, 128), 'learning_rate_init': 0.0005, 'batch_size': 64, 'max_iter': 40}"
graphics,,"Tuning | {'hidden_layer_sizes': (256, 128), 'learning_rate_init': 0.0005, 'batch_size': 64, 'max_iter': 80}",resnet50,mlp,,,0,29.26629090309143,0.2639019792648445,0.0745850301158788,0.2548034827695845,0.3398058252427184,0.2674199623352166,2.5392912172573188,4.0,"{'type': 'graphics', 'vectorizers': ['resnet50'], 'models': ['mlp'], 'hidden_layer_sizes': (256, 128), 'learning_rate_init': 0.0005, 'batch_size': 64, 'max_iter': 80}"
graphics,,"Tuning | {'hidden_layer_sizes': (256, 128), 'learning_rate_init': 0.0005, 'batch_size': 64, 'max_iter': 80}",resnet50,mlp,,,1,29.26629090309143,0.2678443542611601,0.0760207087198306,0.2614298212723409,0.3402061855670103,0.2683289588801399,2.5968503937007874,4.0,"{'type': 'graphics', 'vectorizers': ['resnet50'], 'models': ['mlp'], 'hidden_layer_sizes': (256, 128), 'learning_rate_init': 0.0005, 'batch_size': 64, 'max_iter': 80}"
graphics,,"Tuning | {'hidden_layer_sizes': (256, 128), 'learning_rate_init': 0.0005, 'batch_size': 64, 'max_iter': 80}",resnet50,mlp,,,2,29.26629090309143,0.2697495183044316,0.0765737362746387,0.2624847242072122,0.340632603406326,0.2686514265461633,2.6220095693779903,4.0,"{'type': 'graphics', 'vectorizers': ['resnet50'], 'models': ['mlp'], 'hidden_layer_sizes': (256, 128), 'learning_rate_init': 0.0005, 'batch_size': 64, 'max_iter': 80}"
graphics,,"Tuning | {'hidden_layer_sizes': (512, 256), 'learning_rate_init': 0.001, 'batch_size': 32, 'max_iter': 40}",resnet50,mlp,,,0,121.59634613990784,0.0,0.0,0.0,0.0,0.1410717342920733,2.5392912172573188,0.0,"{'type': 'graphics', 'vectorizers': ['resnet50'], 'models': ['mlp'], 'hidden_layer_sizes': (512, 256), 'learning_rate_init': 0.001, 'batch_size': 32, 'max_iter': 40}"
graphics,,"Tuning | {'hidden_layer_sizes': (512, 256), 'learning_rate_init': 0.001, 'batch_size': 32, 'max_iter': 40}",resnet50,mlp,,,1,121.59634613990784,0.0,0.0,0.0,0.0,0.1442694663167104,2.5968503937007874,0.0,"{'type': 'graphics', 'vectorizers': ['resnet50'], 'models': ['mlp'], 'hidden_layer_sizes': (512, 256), 'learning_rate_init': 0.001, 'batch_size': 32, 'max_iter': 40}"
graphics,,"Tuning | {'hidden_layer_sizes': (512, 256), 'learning_rate_init': 0.001, 'batch_size': 32, 'max_iter': 40}",resnet50,mlp,,,2,121.59634613990784,0.0,0.0,0.0,0.0,0.1456671982987772,2.6220095693779903,0.0,"{'type': 'graphics', 'vectorizers': ['resnet50'], 'models': ['mlp'], 'hidden_layer_sizes': (512, 256), 'learning_rate_init': 0.001, 'batch_size': 32, 'max_iter': 40}"
graphics,,"Tuning | {'hidden_layer_sizes': (512, 256), 'learning_rate_init': 0.001, 'batch_size': 32, 'max_iter': 80}",resnet50,mlp,,,0,121.65940737724304,0.0,0.0,0.0,0.0,0.1410717342920733,2.5392912172573188,0.0,"{'type': 'graphics', 'vectorizers': ['resnet50'], 'models': ['mlp'], 'hidden_layer_sizes': (512, 256), 'learning_rate_init': 0.001, 'batch_size': 32, 'max_iter': 80}"
graphics,,"Tuning | {'hidden_layer_sizes': (512, 256), 'learning_rate_init': 0.001, 'batch_size': 32, 'max_iter': 80}",resnet50,mlp,,,1,121.65940737724304,0.0,0.0,0.0,0.0,0.1442694663167104,2.5968503937007874,0.0,"{'type': 'graphics', 'vectorizers': ['resnet50'], 'models': ['mlp'], 'hidden_layer_sizes': (512, 256), 'learning_rate_init': 0.001, 'batch_size': 32, 'max_iter': 80}"
graphics,,"Tuning | {'hidden_layer_sizes': (512, 256), 'learning_rate_init': 0.001, 'batch_size': 32, 'max_iter': 80}",resnet50,mlp,,,2,121.65940737724304,0.0,0.0,0.0,0.0,0.1456671982987772,2.6220095693779903,0.0,"{'type': 'graphics', 'vectorizers': ['resnet50'], 'models': ['mlp'], 'hidden_layer_sizes': (512, 256), 'learning_rate_init': 0.001, 'batch_size': 32, 'max_iter': 80}"
graphics,,"Tuning | {'hidden_layer_sizes': (512, 256), 'learning_rate_init': 0.001, 'batch_size': 64, 'max_iter': 40}",resnet50,mlp,,,0,62.8312726020813,0.0,0.0,0.0,0.0,0.1410717342920733,2.5392912172573188,0.0,"{'type': 'graphics', 'vectorizers': ['resnet50'], 'models': ['mlp'], 'hidden_layer_sizes': (512, 256), 'learning_rate_init': 0.001, 'batch_size': 64, 'max_iter': 40}"
graphics,,"Tuning | {'hidden_layer_sizes': (512, 256), 'learning_rate_init': 0.001, 'batch_size': 64, 'max_iter': 40}",resnet50,mlp,,,1,62.8312726020813,0.0,0.0,0.0,0.0,0.1442694663167104,2.5968503937007874,0.0,"{'type': 'graphics', 'vectorizers': ['resnet50'], 'models': ['mlp'], 'hidden_layer_sizes': (512, 256), 'learning_rate_init': 0.001, 'batch_size': 64, 'max_iter': 40}"
graphics,,"Tuning | {'hidden_layer_sizes': (512, 256), 'learning_rate_init': 0.001, 'batch_size': 64, 'max_iter': 40}",resnet50,mlp,,,2,62.8312726020813,0.0,0.0,0.0,0.0,0.1456671982987772,2.6220095693779903,0.0,"{'type': 'graphics', 'vectorizers': ['resnet50'], 'models': ['mlp'], 'hidden_layer_sizes': (512, 256), 'learning_rate_init': 0.001, 'batch_size': 64, 'max_iter': 40}"
graphics,,"Tuning | {'hidden_layer_sizes': (512, 256), 'learning_rate_init': 0.001, 'batch_size': 64, 'max_iter': 80}",resnet50,mlp,,,0,62.786516427993774,0.0,0.0,0.0,0.0,0.1410717342920733,2.5392912172573188,0.0,"{'type': 'graphics', 'vectorizers': ['resnet50'], 'models': ['mlp'], 'hidden_layer_sizes': (512, 256), 'learning_rate_init': 0.001, 'batch_size': 64, 'max_iter': 80}"
graphics,,"Tuning | {'hidden_layer_sizes': (512, 256), 'learning_rate_init': 0.001, 'batch_size': 64, 'max_iter': 80}",resnet50,mlp,,,1,62.786516427993774,0.0,0.0,0.0,0.0,0.1442694663167104,2.5968503937007874,0.0,"{'type': 'graphics', 'vectorizers': ['resnet50'], 'models': ['mlp'], 'hidden_layer_sizes': (512, 256), 'learning_rate_init': 0.001, 'batch_size': 64, 'max_iter': 80}"
graphics,,"Tuning | {'hidden_layer_sizes': (512, 256), 'learning_rate_init': 0.001, 'batch_size': 64, 'max_iter': 80}",resnet50,mlp,,,2,62.786516427993774,0.0,0.0,0.0,0.0,0.1456671982987772,2.6220095693779903,0.0,"{'type': 'graphics', 'vectorizers': ['resnet50'], 'models': ['mlp'], 'hidden_layer_sizes': (512, 256), 'learning_rate_init': 0.001, 'batch_size': 64, 'max_iter': 80}"
graphics,,"Tuning | {'hidden_layer_sizes': (512, 256), 'learning_rate_init': 0.0005, 'batch_size': 32, 'max_iter': 40}",resnet50,mlp,,,0,121.53457808494568,0.0,0.0,0.0,0.0,0.1410717342920733,2.5392912172573188,0.0,"{'type': 'graphics', 'vectorizers': ['resnet50'], 'models': ['mlp'], 'hidden_layer_sizes': (512, 256), 'learning_rate_init': 0.0005, 'batch_size': 32, 'max_iter': 40}"
graphics,,"Tuning | {'hidden_layer_sizes': (512, 256), 'learning_rate_init': 0.0005, 'batch_size': 32, 'max_iter': 40}",resnet50,mlp,,,1,121.53457808494568,0.0,0.0,0.0,0.0,0.1442694663167104,2.5968503937007874,0.0,"{'type': 'graphics', 'vectorizers': ['resnet50'], 'models': ['mlp'], 'hidden_layer_sizes': (512, 256), 'learning_rate_init': 0.0005, 'batch_size': 32, 'max_iter': 40}"
graphics,,"Tuning | {'hidden_layer_sizes': (512, 256), 'learning_rate_init': 0.0005, 'batch_size': 32, 'max_iter': 40}",resnet50,mlp,,,2,121.53457808494568,0.0,0.0,0.0,0.0,0.1456671982987772,2.6220095693779903,0.0,"{'type': 'graphics', 'vectorizers': ['resnet50'], 'models': ['mlp'], 'hidden_layer_sizes': (512, 256), 'learning_rate_init': 0.0005, 'batch_size': 32, 'max_iter': 40}"
graphics,,"Tuning | {'hidden_layer_sizes': (512, 256), 'learning_rate_init': 0.0005, 'batch_size': 32, 'max_iter': 80}",resnet50,mlp,,,0,121.51780343055724,0.0,0.0,0.0,0.0,0.1410717342920733,2.5392912172573188,0.0,"{'type': 'graphics', 'vectorizers': ['resnet50'], 'models': ['mlp'], 'hidden_layer_sizes': (512, 256), 'learning_rate_init': 0.0005, 'batch_size': 32, 'max_iter': 80}"
graphics,,"Tuning | {'hidden_layer_sizes': (512, 256), 'learning_rate_init': 0.0005, 'batch_size': 32, 'max_iter': 80}",resnet50,mlp,,,1,121.51780343055724,0.0,0.0,0.0,0.0,0.1442694663167104,2.5968503937007874,0.0,"{'type': 'graphics', 'vectorizers': ['resnet50'], 'models': ['mlp'], 'hidden_layer_sizes': (512, 256), 'learning_rate_init': 0.0005, 'batch_size': 32, 'max_iter': 80}"
graphics,,"Tuning | {'hidden_layer_sizes': (512, 256), 'learning_rate_init': 0.0005, 'batch_size': 32, 'max_iter': 80}",resnet50,mlp,,,2,121.51780343055724,0.0,0.0,0.0,0.0,0.1456671982987772,2.6220095693779903,0.0,"{'type': 'graphics', 'vectorizers': ['resnet50'], 'models': ['mlp'], 'hidden_layer_sizes': (512, 256), 'learning_rate_init': 0.0005, 'batch_size': 32, 'max_iter': 80}"
graphics,,"Tuning | {'hidden_layer_sizes': (512, 256), 'learning_rate_init': 0.0005, 'batch_size': 64, 'max_iter': 40}",resnet50,mlp,,,0,62.83763599395752,0.0,0.0,0.0,0.0,0.1410717342920733,2.5392912172573188,0.0,"{'type': 'graphics', 'vectorizers': ['resnet50'], 'models': ['mlp'], 'hidden_layer_sizes': (512, 256), 'learning_rate_init': 0.0005, 'batch_size': 64, 'max_iter': 40}"
graphics,,"Tuning | {'hidden_layer_sizes': (512, 256), 'learning_rate_init': 0.0005, 'batch_size': 64, 'max_iter': 40}",resnet50,mlp,,,1,62.83763599395752,0.0,0.0,0.0,0.0,0.1442694663167104,2.5968503937007874,0.0,"{'type': 'graphics', 'vectorizers': ['resnet50'], 'models': ['mlp'], 'hidden_layer_sizes': (512, 256), 'learning_rate_init': 0.0005, 'batch_size': 64, 'max_iter': 40}"
graphics,,"Tuning | {'hidden_layer_sizes': (512, 256), 'learning_rate_init': 0.0005, 'batch_size': 64, 'max_iter': 40}",resnet50,mlp,,,2,62.83763599395752,0.0,0.0,0.0,0.0,0.1456671982987772,2.6220095693779903,0.0,"{'type': 'graphics', 'vectorizers': ['resnet50'], 'models': ['mlp'], 'hidden_layer_sizes': (512, 256), 'learning_rate_init': 0.0005, 'batch_size': 64, 'max_iter': 40}"
graphics,,"Tuning | {'hidden_layer_sizes': (512, 256), 'learning_rate_init': 0.0005, 'batch_size': 64, 'max_iter': 80}",resnet50,mlp,,,0,62.85649871826172,0.0,0.0,0.0,0.0,0.1410717342920733,2.5392912172573188,0.0,"{'type': 'graphics', 'vectorizers': ['resnet50'], 'models': ['mlp'], 'hidden_layer_sizes': (512, 256), 'learning_rate_init': 0.0005, 'batch_size': 64, 'max_iter': 80}"
graphics,,"Tuning | {'hidden_layer_sizes': (512, 256), 'learning_rate_init': 0.0005, 'batch_size': 64, 'max_iter': 80}",resnet50,mlp,,,1,62.85649871826172,0.0,0.0,0.0,0.0,0.1442694663167104,2.5968503937007874,0.0,"{'type': 'graphics', 'vectorizers': ['resnet50'], 'models': ['mlp'], 'hidden_layer_sizes': (512, 256), 'learning_rate_init': 0.0005, 'batch_size': 64, 'max_iter': 80}"
graphics,,"Tuning | {'hidden_layer_sizes': (512, 256), 'learning_rate_init': 0.0005, 'batch_size': 64, 'max_iter': 80}",resnet50,mlp,,,2,62.85649871826172,0.0,0.0,0.0,0.0,0.1456671982987772,2.6220095693779903,0.0,"{'type': 'graphics', 'vectorizers': ['resnet50'], 'models': ['mlp'], 'hidden_layer_sizes': (512, 256), 'learning_rate_init': 0.0005, 'batch_size': 64, 'max_iter': 80}"
graphics,,"Tuning | {'balanced': True, 'threshold': 0.2}",resnet50,logistic,,,0,13.580654382705688,0.2535783544186905,0.2371622926947431,0.2490119870662391,1.0,0.8548011844331641,2.613578680203046,18.0,"{'type': 'graphics', 'vectorizers': ['resnet50'], 'models': ['logistic'], 'balanced': True, 'threshold': 0.2}"
graphics,,"Tuning | {'balanced': True, 'threshold': 0.2}",resnet50,logistic,,,1,13.580654382705688,0.2527973476999585,0.2364724186755364,0.2485099940376776,1.0,0.8553130929791272,2.604364326375712,18.0,"{'type': 'graphics', 'vectorizers': ['resnet50'], 'models': ['logistic'], 'balanced': True, 'threshold': 0.2}"
graphics,,"Tuning | {'balanced': True, 'threshold': 0.2}",resnet50,logistic,,,2,13.580654382705688,0.2535679645281973,0.2371418963917002,0.2492301996569793,1.0,0.8548079974611235,2.613456045699778,18.0,"{'type': 'graphics', 'vectorizers': ['resnet50'], 'models': ['logistic'], 'balanced': True, 'threshold': 0.2}"
graphics,,"Tuning | {'balanced': True, 'threshold': 0.3}",resnet50,logistic,,,0,4.296332836151123,0.2535783544186905,0.2371622926947431,0.2490119870662391,1.0,0.8548011844331641,2.613578680203046,18.0,"{'type': 'graphics', 'vectorizers': ['resnet50'], 'models': ['logistic'], 'balanced': True, 'threshold': 0.3}"
graphics,,"Tuning | {'balanced': True, 'threshold': 0.3}",resnet50,logistic,,,1,4.296332836151123,0.2527973476999585,0.2364724186755364,0.2485099940376776,1.0,0.8553130929791272,2.604364326375712,18.0,"{'type': 'graphics', 'vectorizers': ['resnet50'], 'models': ['logistic'], 'balanced': True, 'threshold': 0.3}"
graphics,,"Tuning | {'balanced': True, 'threshold': 0.3}",resnet50,logistic,,,2,4.296332836151123,0.2535679645281973,0.2371418963917002,0.2492301996569793,1.0,0.8548079974611235,2.613456045699778,18.0,"{'type': 'graphics', 'vectorizers': ['resnet50'], 'models': ['logistic'], 'balanced': True, 'threshold': 0.3}"
graphics,,"Tuning | {'balanced': True, 'threshold': 0.4}",resnet50,logistic,,,0,4.243332624435425,0.2535783544186905,0.2371622926947431,0.2490119870662391,1.0,0.8548011844331641,2.613578680203046,18.0,"{'type': 'graphics', 'vectorizers': ['resnet50'], 'models': ['logistic'], 'balanced': True, 'threshold': 0.4}"
graphics,,"Tuning | {'balanced': True, 'threshold': 0.4}",resnet50,logistic,,,1,4.243332624435425,0.2527973476999585,0.2364724186755364,0.2485099940376776,1.0,0.8553130929791272,2.604364326375712,18.0,"{'type': 'graphics', 'vectorizers': ['resnet50'], 'models': ['logistic'], 'balanced': True, 'threshold': 0.4}"
graphics,,"Tuning | {'balanced': True, 'threshold': 0.4}",resnet50,logistic,,,2,4.243332624435425,0.2535679645281973,0.2371418963917002,0.2492301996569793,1.0,0.8548079974611235,2.613456045699778,18.0,"{'type': 'graphics', 'vectorizers': ['resnet50'], 'models': ['logistic'], 'balanced': True, 'threshold': 0.4}"
graphics,,"Tuning | {'balanced': True, 'threshold': 0.5}",resnet50,logistic,,,0,4.2054502964019775,0.0,0.0,0.0,0.0,0.1451988155668358,2.613578680203046,0.0,"{'type': 'graphics', 'vectorizers': ['resnet50'], 'models': ['logistic'], 'balanced': True, 'threshold': 0.5}"
graphics,,"Tuning | {'balanced': True, 'threshold': 0.5}",resnet50,logistic,,,1,4.2054502964019775,0.0,0.0,0.0,0.0,0.1446869070208728,2.604364326375712,0.0,"{'type': 'graphics', 'vectorizers': ['resnet50'], 'models': ['logistic'], 'balanced': True, 'threshold': 0.5}"
graphics,,"Tuning | {'balanced': True, 'threshold': 0.5}",resnet50,logistic,,,2,4.2054502964019775,0.0,0.0,0.0,0.0,0.1451920025388765,2.613456045699778,0.0,"{'type': 'graphics', 'vectorizers': ['resnet50'], 'models': ['logistic'], 'balanced': True, 'threshold': 0.5}"
graphics,,"Tuning | {'balanced': False, 'threshold': 0.2}",resnet50,logistic,,,0,7.782129764556885,0.3969106783075889,0.1085170913759459,0.3941416750902791,0.5021849963583394,0.2215877044557247,2.613578680203046,4.0,"{'type': 'graphics', 'vectorizers': ['resnet50'], 'models': ['logistic'], 'balanced': False, 'threshold': 0.2}"
graphics,,"Tuning | {'balanced': False, 'threshold': 0.2}",resnet50,logistic,,,1,7.782129764556885,0.3960158980989322,0.1082134554930072,0.3925948743785556,0.5021250758955677,0.2216072809051936,2.604364326375712,4.0,"{'type': 'graphics', 'vectorizers': ['resnet50'], 'models': ['logistic'], 'balanced': False, 'threshold': 0.2}"
graphics,,"Tuning | {'balanced': False, 'threshold': 0.2}",resnet50,logistic,,,2,7.782129764556885,0.3970440040309036,0.1085378055486809,0.3938426977303524,0.502367941712204,0.2215346098240417,2.613456045699778,4.0,"{'type': 'graphics', 'vectorizers': ['resnet50'], 'models': ['logistic'], 'balanced': False, 'threshold': 0.2}"
graphics,,"Tuning | {'balanced': False, 'threshold': 0.3}",resnet50,logistic,,,0,7.780641555786133,0.3507082932196396,0.0638625393087435,0.3688867234711143,0.3095411507647487,0.1664199097574732,2.613578680203046,2.0,"{'type': 'graphics', 'vectorizers': ['resnet50'], 'models': ['logistic'], 'balanced': False, 'threshold': 0.3}"
graphics,,"Tuning | {'balanced': False, 'threshold': 0.3}",resnet50,logistic,,,1,7.780641555786133,0.3502987842571605,0.0637166746866793,0.3687976265775127,0.3096539162112932,0.1661922833649589,2.604364326375712,2.0,"{'type': 'graphics', 'vectorizers': ['resnet50'], 'models': ['logistic'], 'balanced': False, 'threshold': 0.3}"
graphics,,"Tuning | {'balanced': False, 'threshold': 0.3}",resnet50,logistic,,,2,7.780641555786133,0.3509664992777052,0.0638938054704625,0.3689131190400628,0.3097753491196114,0.1663493070982756,2.613456045699778,2.0,"{'type': 'graphics', 'vectorizers': ['resnet50'], 'models': ['logistic'], 'balanced': False, 'threshold': 0.3}"
graphics,,"Tuning | {'balanced': False, 'threshold': 0.4}",resnet50,logistic,,,0,7.8503217697143555,0.246883230904302,0.0342742918434011,0.2712571005559584,0.1706724933236222,0.1511914833615341,2.613578680203046,1.0,"{'type': 'graphics', 'vectorizers': ['resnet50'], 'models': ['logistic'], 'balanced': False, 'threshold': 0.4}"
graphics,,"Tuning | {'balanced': False, 'threshold': 0.4}",resnet50,logistic,,,1,7.8503217697143555,0.2469070808107396,0.0342160939665864,0.2659272311074968,0.1708561020036429,0.1508011806873287,2.604364326375712,1.0,"{'type': 'graphics', 'vectorizers': ['resnet50'], 'models': ['logistic'], 'balanced': False, 'threshold': 0.4}"
graphics,,"Tuning | {'balanced': False, 'threshold': 0.4}",resnet50,logistic,,,2,7.8503217697143555,0.2471456174249078,0.0342986690068743,0.2664392256426531,0.1708561020036429,0.1511336789026411,2.613456045699778,1.0,"{'type': 'graphics', 'vectorizers': ['resnet50'], 'models': ['logistic'], 'balanced': False, 'threshold': 0.4}"
graphics,,"Tuning | {'balanced': False, 'threshold': 0.5}",resnet50,logistic,,,0,7.7680745124816895,0.0,0.0,0.0,0.0,0.1451988155668358,2.613578680203046,0.0,"{'type': 'graphics', 'vectorizers': ['resnet50'], 'models': ['logistic'], 'balanced': False, 'threshold': 0.5}"
graphics,,"Tuning | {'balanced': False, 'threshold': 0.5}",resnet50,logistic,,,1,7.7680745124816895,0.0,0.0,0.0,0.0,0.1446869070208728,2.604364326375712,0.0,"{'type': 'graphics', 'vectorizers': ['resnet50'], 'models': ['logistic'], 'balanced': False, 'threshold': 0.5}"
graphics,,"Tuning | {'balanced': False, 'threshold': 0.5}",resnet50,logistic,,,2,7.7680745124816895,0.0,0.0,0.0,0.0,0.1451920025388765,2.613456045699778,0.0,"{'type': 'graphics', 'vectorizers': ['resnet50'], 'models': ['logistic'], 'balanced': False, 'threshold': 0.5}"
graphics,,"Tuning | {'balanced': True, 'n_estimators': 100, 'max_depth': 3, 'max_features_rf': 'sqrt'}",resnet50,random_forest,,,0,40.07279539108277,0.2713352253976635,0.113936792695342,0.266575762435534,0.4990288905074047,0.3891708967851099,2.613578680203046,7.0,"{'type': 'graphics', 'vectorizers': ['resnet50'], 'models': ['random_forest'], 'balanced': True, 'n_estimators': 100, 'max_depth': 3, 'max_features_rf': 'sqrt'}"
graphics,,"Tuning | {'balanced': True, 'n_estimators': 100, 'max_depth': 3, 'max_features_rf': 'sqrt'}",resnet50,random_forest,,,1,40.07279539108277,0.2125746055105878,0.1158657098578746,0.2054175636718331,0.4735883424408014,0.5076428420830698,2.604364326375712,9.0,"{'type': 'graphics', 'vectorizers': ['resnet50'], 'models': ['random_forest'], 'balanced': True, 'n_estimators': 100, 'max_depth': 3, 'max_features_rf': 'sqrt'}"
graphics,,"Tuning | {'balanced': True, 'n_estimators': 100, 'max_depth': 3, 'max_features_rf': 'sqrt'}",resnet50,random_forest,,,2,40.07279539108277,0.2000226142017186,0.0491939645570399,0.2006397565902484,0.2148148148148148,0.2494798829295814,2.613456045699778,3.0,"{'type': 'graphics', 'vectorizers': ['resnet50'], 'models': ['random_forest'], 'balanced': True, 'n_estimators': 100, 'max_depth': 3, 'max_features_rf': 'sqrt'}"
graphics,,"Tuning | {'balanced': True, 'n_estimators': 100, 'max_depth': 3, 'max_features_rf': 0.8}",resnet50,random_forest,,,0,39.90699481964111,0.2713352253976635,0.113936792695342,0.266575762435534,0.4990288905074047,0.3891708967851099,2.613578680203046,7.0,"{'type': 'graphics', 'vectorizers': ['resnet50'], 'models': ['random_forest'], 'balanced': True, 'n_estimators': 100, 'max_depth': 3, 'max_features_rf': 0.8}"
graphics,,"Tuning | {'balanced': True, 'n_estimators': 100, 'max_depth': 3, 'max_features_rf': 0.8}",resnet50,random_forest,,,1,39.90699481964111,0.2125746055105878,0.1158657098578746,0.2054175636718331,0.4735883424408014,0.5076428420830698,2.604364326375712,9.0,"{'type': 'graphics', 'vectorizers': ['resnet50'], 'models': ['random_forest'], 'balanced': True, 'n_estimators': 100, 'max_depth': 3, 'max_features_rf': 0.8}"
graphics,,"Tuning | {'balanced': True, 'n_estimators': 100, 'max_depth': 3, 'max_features_rf': 0.8}",resnet50,random_forest,,,2,39.90699481964111,0.2000226142017186,0.0491939645570399,0.2006397565902484,0.2148148148148148,0.2494798829295814,2.613456045699778,3.0,"{'type': 'graphics', 'vectorizers': ['resnet50'], 'models': ['random_forest'], 'balanced': True, 'n_estimators': 100, 'max_depth': 3, 'max_features_rf': 0.8}"
graphics,,"Tuning | {'balanced': True, 'n_estimators': 100, 'max_depth': 5, 'max_features_rf': 'sqrt'}",resnet50,random_forest,,,0,39.42263054847717,0.2713352253976635,0.113936792695342,0.266575762435534,0.4990288905074047,0.3891708967851099,2.613578680203046,7.0,"{'type': 'graphics', 'vectorizers': ['resnet50'], 'models': ['random_forest'], 'balanced': True, 'n_estimators': 100, 'max_depth': 5, 'max_features_rf': 'sqrt'}"
graphics,,"Tuning | {'balanced': True, 'n_estimators': 100, 'max_depth': 5, 'max_features_rf': 'sqrt'}",resnet50,random_forest,,,1,39.42263054847717,0.2125746055105878,0.1158657098578746,0.2054175636718331,0.4735883424408014,0.5076428420830698,2.604364326375712,9.0,"{'type': 'graphics', 'vectorizers': ['resnet50'], 'models': ['random_forest'], 'balanced': True, 'n_estimators': 100, 'max_depth': 5, 'max_features_rf': 'sqrt'}"
graphics,,"Tuning | {'balanced': True, 'n_estimators': 100, 'max_depth': 5, 'max_features_rf': 'sqrt'}",resnet50,random_forest,,,2,39.42263054847717,0.2000226142017186,0.0491939645570399,0.2006397565902484,0.2148148148148148,0.2494798829295814,2.613456045699778,3.0,"{'type': 'graphics', 'vectorizers': ['resnet50'], 'models': ['random_forest'], 'balanced': True, 'n_estimators': 100, 'max_depth': 5, 'max_features_rf': 'sqrt'}"
graphics,,"Tuning | {'balanced': True, 'n_estimators': 100, 'max_depth': 5, 'max_features_rf': 0.8}",resnet50,random_forest,,,0,39.80166149139404,0.2713352253976635,0.113936792695342,0.266575762435534,0.4990288905074047,0.3891708967851099,2.613578680203046,7.0,"{'type': 'graphics', 'vectorizers': ['resnet50'], 'models': ['random_forest'], 'balanced': True, 'n_estimators': 100, 'max_depth': 5, 'max_features_rf': 0.8}"
graphics,,"Tuning | {'balanced': True, 'n_estimators': 100, 'max_depth': 5, 'max_features_rf': 0.8}",resnet50,random_forest,,,1,39.80166149139404,0.2125746055105878,0.1158657098578746,0.2054175636718331,0.4735883424408014,0.5076428420830698,2.604364326375712,9.0,"{'type': 'graphics', 'vectorizers': ['resnet50'], 'models': ['random_forest'], 'balanced': True, 'n_estimators': 100, 'max_depth': 5, 'max_features_rf': 0.8}"
graphics,,"Tuning | {'balanced': True, 'n_estimators': 100, 'max_depth': 5, 'max_features_rf': 0.8}",resnet50,random_forest,,,2,39.80166149139404,0.2000226142017186,0.0491939645570399,0.2006397565902484,0.2148148148148148,0.2494798829295814,2.613456045699778,3.0,"{'type': 'graphics', 'vectorizers': ['resnet50'], 'models': ['random_forest'], 'balanced': True, 'n_estimators': 100, 'max_depth': 5, 'max_features_rf': 0.8}"
graphics,,"Tuning | {'balanced': True, 'n_estimators': 200, 'max_depth': 3, 'max_features_rf': 'sqrt'}",resnet50,random_forest,,,0,63.098833084106445,0.2308969264047487,0.1297750896214045,0.2251473756722525,0.5571740713765477,0.5389523406655387,2.613578680203046,10.0,"{'type': 'graphics', 'vectorizers': ['resnet50'], 'models': ['random_forest'], 'balanced': True, 'n_estimators': 200, 'max_depth': 3, 'max_features_rf': 'sqrt'}"
graphics,,"Tuning | {'balanced': True, 'n_estimators': 200, 'max_depth': 3, 'max_features_rf': 'sqrt'}",resnet50,random_forest,,,1,63.098833084106445,0.2060971019947308,0.1217165821602214,0.2006319866711651,0.4987249544626593,0.5559245203457727,2.604364326375712,10.0,"{'type': 'graphics', 'vectorizers': ['resnet50'], 'models': ['random_forest'], 'balanced': True, 'n_estimators': 200, 'max_depth': 3, 'max_features_rf': 'sqrt'}"
graphics,,"Tuning | {'balanced': True, 'n_estimators': 200, 'max_depth': 3, 'max_features_rf': 'sqrt'}",resnet50,random_forest,,,2,63.098833084106445,0.2759144328535587,0.1193256349331338,0.2663390824768165,0.5074681238615665,0.3867202651715505,2.613456045699778,7.0,"{'type': 'graphics', 'vectorizers': ['resnet50'], 'models': ['random_forest'], 'balanced': True, 'n_estimators': 200, 'max_depth': 3, 'max_features_rf': 'sqrt'}"
graphics,,"Tuning | {'balanced': True, 'n_estimators': 200, 'max_depth': 3, 'max_features_rf': 0.8}",resnet50,random_forest,,,0,63.362316370010376,0.2308969264047487,0.1297750896214045,0.2251473756722525,0.5571740713765477,0.5389523406655387,2.613578680203046,10.0,"{'type': 'graphics', 'vectorizers': ['resnet50'], 'models': ['random_forest'], 'balanced': True, 'n_estimators': 200, 'max_depth': 3, 'max_features_rf': 0.8}"
graphics,,"Tuning | {'balanced': True, 'n_estimators': 200, 'max_depth': 3, 'max_features_rf': 0.8}",resnet50,random_forest,,,1,63.362316370010376,0.2060971019947308,0.1217165821602214,0.2006319866711651,0.4987249544626593,0.5559245203457727,2.604364326375712,10.0,"{'type': 'graphics', 'vectorizers': ['resnet50'], 'models': ['random_forest'], 'balanced': True, 'n_estimators': 200, 'max_depth': 3, 'max_features_rf': 0.8}"
graphics,,"Tuning | {'balanced': True, 'n_estimators': 200, 'max_depth': 3, 'max_features_rf': 0.8}",resnet50,random_forest,,,2,63.362316370010376,0.2759144328535587,0.1193256349331338,0.2663390824768165,0.5074681238615665,0.3867202651715505,2.613456045699778,7.0,"{'type': 'graphics', 'vectorizers': ['resnet50'], 'models': ['random_forest'], 'balanced': True, 'n_estimators': 200, 'max_depth': 3, 'max_features_rf': 0.8}"
graphics,,"Tuning | {'balanced': True, 'n_estimators': 200, 'max_depth': 5, 'max_features_rf': 'sqrt'}",resnet50,random_forest,,,0,63.04436159133911,0.2308969264047487,0.1297750896214045,0.2251473756722525,0.5571740713765477,0.5389523406655387,2.613578680203046,10.0,"{'type': 'graphics', 'vectorizers': ['resnet50'], 'models': ['random_forest'], 'balanced': True, 'n_estimators': 200, 'max_depth': 5, 'max_features_rf': 'sqrt'}"
graphics,,"Tuning | {'balanced': True, 'n_estimators': 200, 'max_depth': 5, 'max_features_rf': 'sqrt'}",resnet50,random_forest,,,1,63.04436159133911,0.2060971019947308,0.1217165821602214,0.2006319866711651,0.4987249544626593,0.5559245203457727,2.604364326375712,10.0,"{'type': 'graphics', 'vectorizers': ['resnet50'], 'models': ['random_forest'], 'balanced': True, 'n_estimators': 200, 'max_depth': 5, 'max_features_rf': 'sqrt'}"
graphics,,"Tuning | {'balanced': True, 'n_estimators': 200, 'max_depth': 5, 'max_features_rf': 'sqrt'}",resnet50,random_forest,,,2,63.04436159133911,0.2759144328535587,0.1193256349331338,0.2663390824768165,0.5074681238615665,0.3867202651715505,2.613456045699778,7.0,"{'type': 'graphics', 'vectorizers': ['resnet50'], 'models': ['random_forest'], 'balanced': True, 'n_estimators': 200, 'max_depth': 5, 'max_features_rf': 'sqrt'}"
graphics,,"Tuning | {'balanced': True, 'n_estimators': 200, 'max_depth': 5, 'max_features_rf': 0.8}",resnet50,random_forest,,,0,63.52699303627014,0.2308969264047487,0.1297750896214045,0.2251473756722525,0.5571740713765477,0.5389523406655387,2.613578680203046,10.0,"{'type': 'graphics', 'vectorizers': ['resnet50'], 'models': ['random_forest'], 'balanced': True, 'n_estimators': 200, 'max_depth': 5, 'max_features_rf': 0.8}"
graphics,,"Tuning | {'balanced': True, 'n_estimators': 200, 'max_depth': 5, 'max_features_rf': 0.8}",resnet50,random_forest,,,1,63.52699303627014,0.2060971019947308,0.1217165821602214,0.2006319866711651,0.4987249544626593,0.5559245203457727,2.604364326375712,10.0,"{'type': 'graphics', 'vectorizers': ['resnet50'], 'models': ['random_forest'], 'balanced': True, 'n_estimators': 200, 'max_depth': 5, 'max_features_rf': 0.8}"
graphics,,"Tuning | {'balanced': True, 'n_estimators': 200, 'max_depth': 5, 'max_features_rf': 0.8}",resnet50,random_forest,,,2,63.52699303627014,0.2759144328535587,0.1193256349331338,0.2663390824768165,0.5074681238615665,0.3867202651715505,2.613456045699778,7.0,"{'type': 'graphics', 'vectorizers': ['resnet50'], 'models': ['random_forest'], 'balanced': True, 'n_estimators': 200, 'max_depth': 5, 'max_features_rf': 0.8}"
graphics,,"Tuning | {'balanced': False, 'n_estimators': 100, 'max_depth': 3, 'max_features_rf': 'sqrt'}",resnet50,random_forest,,,0,39.50295281410217,0.0,0.0,0.0,0.0,0.1451988155668358,2.613578680203046,0.0,"{'type': 'graphics', 'vectorizers': ['resnet50'], 'models': ['random_forest'], 'balanced': False, 'n_estimators': 100, 'max_depth': 3, 'max_features_rf': 'sqrt'}"
graphics,,"Tuning | {'balanced': False, 'n_estimators': 100, 'max_depth': 3, 'max_features_rf': 'sqrt'}",resnet50,random_forest,,,1,39.50295281410217,0.0,0.0,0.0,0.0,0.1446869070208728,2.604364326375712,0.0,"{'type': 'graphics', 'vectorizers': ['resnet50'], 'models': ['random_forest'], 'balanced': False, 'n_estimators': 100, 'max_depth': 3, 'max_features_rf': 'sqrt'}"
graphics,,"Tuning | {'balanced': False, 'n_estimators': 100, 'max_depth': 3, 'max_features_rf': 'sqrt'}",resnet50,random_forest,,,2,39.50295281410217,0.0,0.0,0.0,0.0,0.1451920025388765,2.613456045699778,0.0,"{'type': 'graphics', 'vectorizers': ['resnet50'], 'models': ['random_forest'], 'balanced': False, 'n_estimators': 100, 'max_depth': 3, 'max_features_rf': 'sqrt'}"
graphics,,"Tuning | {'balanced': False, 'n_estimators': 100, 'max_depth': 3, 'max_features_rf': 0.8}",resnet50,random_forest,,,0,39.728559255599976,0.0,0.0,0.0,0.0,0.1451988155668358,2.613578680203046,0.0,"{'type': 'graphics', 'vectorizers': ['resnet50'], 'models': ['random_forest'], 'balanced': False, 'n_estimators': 100, 'max_depth': 3, 'max_features_rf': 0.8}"
graphics,,"Tuning | {'balanced': False, 'n_estimators': 100, 'max_depth': 3, 'max_features_rf': 0.8}",resnet50,random_forest,,,1,39.728559255599976,0.0,0.0,0.0,0.0,0.1446869070208728,2.604364326375712,0.0,"{'type': 'graphics', 'vectorizers': ['resnet50'], 'models': ['random_forest'], 'balanced': False, 'n_estimators': 100, 'max_depth': 3, 'max_features_rf': 0.8}"
graphics,,"Tuning | {'balanced': False, 'n_estimators': 100, 'max_depth': 3, 'max_features_rf': 0.8}",resnet50,random_forest,,,2,39.728559255599976,0.0,0.0,0.0,0.0,0.1451920025388765,2.613456045699778,0.0,"{'type': 'graphics', 'vectorizers': ['resnet50'], 'models': ['random_forest'], 'balanced': False, 'n_estimators': 100, 'max_depth': 3, 'max_features_rf': 0.8}"
graphics,,"Tuning | {'balanced': False, 'n_estimators': 100, 'max_depth': 5, 'max_features_rf': 'sqrt'}",resnet50,random_forest,,,0,39.589231967926025,0.0,0.0,0.0,0.0,0.1451988155668358,2.613578680203046,0.0,"{'type': 'graphics', 'vectorizers': ['resnet50'], 'models': ['random_forest'], 'balanced': False, 'n_estimators': 100, 'max_depth': 5, 'max_features_rf': 'sqrt'}"
graphics,,"Tuning | {'balanced': False, 'n_estimators': 100, 'max_depth': 5, 'max_features_rf': 'sqrt'}",resnet50,random_forest,,,1,39.589231967926025,0.0,0.0,0.0,0.0,0.1446869070208728,2.604364326375712,0.0,"{'type': 'graphics', 'vectorizers': ['resnet50'], 'models': ['random_forest'], 'balanced': False, 'n_estimators': 100, 'max_depth': 5, 'max_features_rf': 'sqrt'}"
graphics,,"Tuning | {'balanced': False, 'n_estimators': 100, 'max_depth': 5, 'max_features_rf': 'sqrt'}",resnet50,random_forest,,,2,39.589231967926025,0.0,0.0,0.0,0.0,0.1451920025388765,2.613456045699778,0.0,"{'type': 'graphics', 'vectorizers': ['resnet50'], 'models': ['random_forest'], 'balanced': False, 'n_estimators': 100, 'max_depth': 5, 'max_features_rf': 'sqrt'}"
graphics,,"Tuning | {'balanced': False, 'n_estimators': 100, 'max_depth': 5, 'max_features_rf': 0.8}",resnet50,random_forest,,,0,39.92685079574585,0.0,0.0,0.0,0.0,0.1451988155668358,2.613578680203046,0.0,"{'type': 'graphics', 'vectorizers': ['resnet50'], 'models': ['random_forest'], 'balanced': False, 'n_estimators': 100, 'max_depth': 5, 'max_features_rf': 0.8}"
graphics,,"Tuning | {'balanced': False, 'n_estimators': 100, 'max_depth': 5, 'max_features_rf': 0.8}",resnet50,random_forest,,,1,39.92685079574585,0.0,0.0,0.0,0.0,0.1446869070208728,2.604364326375712,0.0,"{'type': 'graphics', 'vectorizers': ['resnet50'], 'models': ['random_forest'], 'balanced': False, 'n_estimators': 100, 'max_depth': 5, 'max_features_rf': 0.8}"
graphics,,"Tuning | {'balanced': False, 'n_estimators': 100, 'max_depth': 5, 'max_features_rf': 0.8}",resnet50,random_forest,,,2,39.92685079574585,0.0,0.0,0.0,0.0,0.1451920025388765,2.613456045699778,0.0,"{'type': 'graphics', 'vectorizers': ['resnet50'], 'models': ['random_forest'], 'balanced': False, 'n_estimators': 100, 'max_depth': 5, 'max_features_rf': 0.8}"
graphics,,"Tuning | {'balanced': False, 'n_estimators': 200, 'max_depth': 3, 'max_features_rf': 'sqrt'}",resnet50,random_forest,,,0,63.18600082397461,0.0,0.0,0.0,0.0,0.1451988155668358,2.613578680203046,0.0,"{'type': 'graphics', 'vectorizers': ['resnet50'], 'models': ['random_forest'], 'balanced': False, 'n_estimators': 200, 'max_depth': 3, 'max_features_rf': 'sqrt'}"
graphics,,"Tuning | {'balanced': False, 'n_estimators': 200, 'max_depth': 3, 'max_features_rf': 'sqrt'}",resnet50,random_forest,,,1,63.18600082397461,0.0,0.0,0.0,0.0,0.1446869070208728,2.604364326375712,0.0,"{'type': 'graphics', 'vectorizers': ['resnet50'], 'models': ['random_forest'], 'balanced': False, 'n_estimators': 200, 'max_depth': 3, 'max_features_rf': 'sqrt'}"
graphics,,"Tuning | {'balanced': False, 'n_estimators': 200, 'max_depth': 3, 'max_features_rf': 'sqrt'}",resnet50,random_forest,,,2,63.18600082397461,0.0,0.0,0.0,0.0,0.1451920025388765,2.613456045699778,0.0,"{'type': 'graphics', 'vectorizers': ['resnet50'], 'models': ['random_forest'], 'balanced': False, 'n_estimators': 200, 'max_depth': 3, 'max_features_rf': 'sqrt'}"
graphics,,"Tuning | {'balanced': False, 'n_estimators': 200, 'max_depth': 3, 'max_features_rf': 0.8}",resnet50,random_forest,,,0,63.39580512046814,0.0,0.0,0.0,0.0,0.1451988155668358,2.613578680203046,0.0,"{'type': 'graphics', 'vectorizers': ['resnet50'], 'models': ['random_forest'], 'balanced': False, 'n_estimators': 200, 'max_depth': 3, 'max_features_rf': 0.8}"
graphics,,"Tuning | {'balanced': False, 'n_estimators': 200, 'max_depth': 3, 'max_features_rf': 0.8}",resnet50,random_forest,,,1,63.39580512046814,0.0,0.0,0.0,0.0,0.1446869070208728,2.604364326375712,0.0,"{'type': 'graphics', 'vectorizers': ['resnet50'], 'models': ['random_forest'], 'balanced': False, 'n_estimators': 200, 'max_depth': 3, 'max_features_rf': 0.8}"
graphics,,"Tuning | {'balanced': False, 'n_estimators': 200, 'max_depth': 3, 'max_features_rf': 0.8}",resnet50,random_forest,,,2,63.39580512046814,0.0,0.0,0.0,0.0,0.1451920025388765,2.613456045699778,0.0,"{'type': 'graphics', 'vectorizers': ['resnet50'], 'models': ['random_forest'], 'balanced': False, 'n_estimators': 200, 'max_depth': 3, 'max_features_rf': 0.8}"
graphics,,"Tuning | {'balanced': False, 'n_estimators': 200, 'max_depth': 5, 'max_features_rf': 'sqrt'}",resnet50,random_forest,,,0,63.09516191482544,0.0,0.0,0.0,0.0,0.1451988155668358,2.613578680203046,0.0,"{'type': 'graphics', 'vectorizers': ['resnet50'], 'models': ['random_forest'], 'balanced': False, 'n_estimators': 200, 'max_depth': 5, 'max_features_rf': 'sqrt'}"
graphics,,"Tuning | {'balanced': False, 'n_estimators': 200, 'max_depth': 5, 'max_features_rf': 'sqrt'}",resnet50,random_forest,,,1,63.09516191482544,0.0,0.0,0.0,0.0,0.1446869070208728,2.604364326375712,0.0,"{'type': 'graphics', 'vectorizers': ['resnet50'], 'models': ['random_forest'], 'balanced': False, 'n_estimators': 200, 'max_depth': 5, 'max_features_rf': 'sqrt'}"
graphics,,"Tuning | {'balanced': False, 'n_estimators': 200, 'max_depth': 5, 'max_features_rf': 'sqrt'}",resnet50,random_forest,,,2,63.09516191482544,0.0,0.0,0.0,0.0,0.1451920025388765,2.613456045699778,0.0,"{'type': 'graphics', 'vectorizers': ['resnet50'], 'models': ['random_forest'], 'balanced': False, 'n_estimators': 200, 'max_depth': 5, 'max_features_rf': 'sqrt'}"
graphics,,"Tuning | {'balanced': False, 'n_estimators': 200, 'max_depth': 5, 'max_features_rf': 0.8}",resnet50,random_forest,,,0,63.5313823223114,0.0,0.0,0.0,0.0,0.1451988155668358,2.613578680203046,0.0,"{'type': 'graphics', 'vectorizers': ['resnet50'], 'models': ['random_forest'], 'balanced': False, 'n_estimators': 200, 'max_depth': 5, 'max_features_rf': 0.8}"
graphics,,"Tuning | {'balanced': False, 'n_estimators': 200, 'max_depth': 5, 'max_features_rf': 0.8}",resnet50,random_forest,,,1,63.5313823223114,0.0,0.0,0.0,0.0,0.1446869070208728,2.604364326375712,0.0,"{'type': 'graphics', 'vectorizers': ['resnet50'], 'models': ['random_forest'], 'balanced': False, 'n_estimators': 200, 'max_depth': 5, 'max_features_rf': 0.8}"
graphics,,"Tuning | {'balanced': False, 'n_estimators': 200, 'max_depth': 5, 'max_features_rf': 0.8}",resnet50,random_forest,,,2,63.5313823223114,0.0,0.0,0.0,0.0,0.1451920025388765,2.613456045699778,0.0,"{'type': 'graphics', 'vectorizers': ['resnet50'], 'models': ['random_forest'], 'balanced': False, 'n_estimators': 200, 'max_depth': 5, 'max_features_rf': 0.8}"
graphics,,"Tuning | {'hidden_layer_sizes': (256, 128), 'learning_rate_init': 0.001, 'batch_size': 32, 'max_iter': 40}",resnet50,mlp,,,0,264.9978392124176,0.0,0.0,0.0,0.0,0.1451988155668358,2.613578680203046,0.0,"{'type': 'graphics', 'vectorizers': ['resnet50'], 'models': ['mlp'], 'hidden_layer_sizes': (256, 128), 'learning_rate_init': 0.001, 'batch_size': 32, 'max_iter': 40}"
graphics,,"Tuning | {'hidden_layer_sizes': (256, 128), 'learning_rate_init': 0.001, 'batch_size': 32, 'max_iter': 40}",resnet50,mlp,,,1,264.9978392124176,0.2469070808107396,0.0342160939665864,0.2659272311074968,0.1708561020036429,0.1508011806873287,2.604364326375712,1.0,"{'type': 'graphics', 'vectorizers': ['resnet50'], 'models': ['mlp'], 'hidden_layer_sizes': (256, 128), 'learning_rate_init': 0.001, 'batch_size': 32, 'max_iter': 40}"
graphics,,"Tuning | {'hidden_layer_sizes': (256, 128), 'learning_rate_init': 0.001, 'batch_size': 32, 'max_iter': 40}",resnet50,mlp,,,2,264.9978392124176,0.0,0.0,0.0,0.0,0.1451920025388765,2.613456045699778,0.0,"{'type': 'graphics', 'vectorizers': ['resnet50'], 'models': ['mlp'], 'hidden_layer_sizes': (256, 128), 'learning_rate_init': 0.001, 'batch_size': 32, 'max_iter': 40}"
graphics,,"Tuning | {'hidden_layer_sizes': (256, 128), 'learning_rate_init': 0.001, 'batch_size': 32, 'max_iter': 80}",resnet50,mlp,,,0,265.1763288974762,0.0,0.0,0.0,0.0,0.1451988155668358,2.613578680203046,0.0,"{'type': 'graphics', 'vectorizers': ['resnet50'], 'models': ['mlp'], 'hidden_layer_sizes': (256, 128), 'learning_rate_init': 0.001, 'batch_size': 32, 'max_iter': 80}"
graphics,,"Tuning | {'hidden_layer_sizes': (256, 128), 'learning_rate_init': 0.001, 'batch_size': 32, 'max_iter': 80}",resnet50,mlp,,,1,265.1763288974762,0.2469070808107396,0.0342160939665864,0.2659272311074968,0.1708561020036429,0.1508011806873287,2.604364326375712,1.0,"{'type': 'graphics', 'vectorizers': ['resnet50'], 'models': ['mlp'], 'hidden_layer_sizes': (256, 128), 'learning_rate_init': 0.001, 'batch_size': 32, 'max_iter': 80}"
graphics,,"Tuning | {'hidden_layer_sizes': (256, 128), 'learning_rate_init': 0.001, 'batch_size': 32, 'max_iter': 80}",resnet50,mlp,,,2,265.1763288974762,0.0,0.0,0.0,0.0,0.1451920025388765,2.613456045699778,0.0,"{'type': 'graphics', 'vectorizers': ['resnet50'], 'models': ['mlp'], 'hidden_layer_sizes': (256, 128), 'learning_rate_init': 0.001, 'batch_size': 32, 'max_iter': 80}"
graphics,,"Tuning | {'hidden_layer_sizes': (256, 128), 'learning_rate_init': 0.001, 'batch_size': 64, 'max_iter': 40}",resnet50,mlp,,,0,138.02398419380188,0.0,0.0,0.0,0.0,0.1451988155668358,2.613578680203046,0.0,"{'type': 'graphics', 'vectorizers': ['resnet50'], 'models': ['mlp'], 'hidden_layer_sizes': (256, 128), 'learning_rate_init': 0.001, 'batch_size': 64, 'max_iter': 40}"
graphics,,"Tuning | {'hidden_layer_sizes': (256, 128), 'learning_rate_init': 0.001, 'batch_size': 64, 'max_iter': 40}",resnet50,mlp,,,1,138.02398419380188,0.2469070808107396,0.0342160939665864,0.2659272311074968,0.1708561020036429,0.1508011806873287,2.604364326375712,1.0,"{'type': 'graphics', 'vectorizers': ['resnet50'], 'models': ['mlp'], 'hidden_layer_sizes': (256, 128), 'learning_rate_init': 0.001, 'batch_size': 64, 'max_iter': 40}"
graphics,,"Tuning | {'hidden_layer_sizes': (256, 128), 'learning_rate_init': 0.001, 'batch_size': 64, 'max_iter': 40}",resnet50,mlp,,,2,138.02398419380188,0.0,0.0,0.0,0.0,0.1451920025388765,2.613456045699778,0.0,"{'type': 'graphics', 'vectorizers': ['resnet50'], 'models': ['mlp'], 'hidden_layer_sizes': (256, 128), 'learning_rate_init': 0.001, 'batch_size': 64, 'max_iter': 40}"
graphics,,"Tuning | {'hidden_layer_sizes': (256, 128), 'learning_rate_init': 0.001, 'batch_size': 64, 'max_iter': 80}",resnet50,mlp,,,0,138.0617117881775,0.0,0.0,0.0,0.0,0.1451988155668358,2.613578680203046,0.0,"{'type': 'graphics', 'vectorizers': ['resnet50'], 'models': ['mlp'], 'hidden_layer_sizes': (256, 128), 'learning_rate_init': 0.001, 'batch_size': 64, 'max_iter': 80}"
graphics,,"Tuning | {'hidden_layer_sizes': (256, 128), 'learning_rate_init': 0.001, 'batch_size': 64, 'max_iter': 80}",resnet50,mlp,,,1,138.0617117881775,0.2469070808107396,0.0342160939665864,0.2659272311074968,0.1708561020036429,0.1508011806873287,2.604364326375712,1.0,"{'type': 'graphics', 'vectorizers': ['resnet50'], 'models': ['mlp'], 'hidden_layer_sizes': (256, 128), 'learning_rate_init': 0.001, 'batch_size': 64, 'max_iter': 80}"
graphics,,"Tuning | {'hidden_layer_sizes': (256, 128), 'learning_rate_init': 0.001, 'batch_size': 64, 'max_iter': 80}",resnet50,mlp,,,2,138.0617117881775,0.0,0.0,0.0,0.0,0.1451920025388765,2.613456045699778,0.0,"{'type': 'graphics', 'vectorizers': ['resnet50'], 'models': ['mlp'], 'hidden_layer_sizes': (256, 128), 'learning_rate_init': 0.001, 'batch_size': 64, 'max_iter': 80}"
graphics,,"Tuning | {'hidden_layer_sizes': (256, 128), 'learning_rate_init': 0.0005, 'batch_size': 32, 'max_iter': 40}",resnet50,mlp,,,0,265.21335554122925,0.0,0.0,0.0,0.0,0.1451988155668358,2.613578680203046,0.0,"{'type': 'graphics', 'vectorizers': ['resnet50'], 'models': ['mlp'], 'hidden_layer_sizes': (256, 128), 'learning_rate_init': 0.0005, 'batch_size': 32, 'max_iter': 40}"
graphics,,"Tuning | {'hidden_layer_sizes': (256, 128), 'learning_rate_init': 0.0005, 'batch_size': 32, 'max_iter': 40}",resnet50,mlp,,,1,265.21335554122925,0.0,0.0,0.0,0.0,0.1446869070208728,2.604364326375712,0.0,"{'type': 'graphics', 'vectorizers': ['resnet50'], 'models': ['mlp'], 'hidden_layer_sizes': (256, 128), 'learning_rate_init': 0.0005, 'batch_size': 32, 'max_iter': 40}"
graphics,,"Tuning | {'hidden_layer_sizes': (256, 128), 'learning_rate_init': 0.0005, 'batch_size': 32, 'max_iter': 40}",resnet50,mlp,,,2,265.21335554122925,0.0,0.0,0.0,0.0,0.1451920025388765,2.613456045699778,0.0,"{'type': 'graphics', 'vectorizers': ['resnet50'], 'models': ['mlp'], 'hidden_layer_sizes': (256, 128), 'learning_rate_init': 0.0005, 'batch_size': 32, 'max_iter': 40}"
graphics,,"Tuning | {'hidden_layer_sizes': (256, 128), 'learning_rate_init': 0.0005, 'batch_size': 32, 'max_iter': 80}",resnet50,mlp,,,0,264.97489976882935,0.0,0.0,0.0,0.0,0.1451988155668358,2.613578680203046,0.0,"{'type': 'graphics', 'vectorizers': ['resnet50'], 'models': ['mlp'], 'hidden_layer_sizes': (256, 128), 'learning_rate_init': 0.0005, 'batch_size': 32, 'max_iter': 80}"
graphics,,"Tuning | {'hidden_layer_sizes': (256, 128), 'learning_rate_init': 0.0005, 'batch_size': 32, 'max_iter': 80}",resnet50,mlp,,,1,264.97489976882935,0.0,0.0,0.0,0.0,0.1446869070208728,2.604364326375712,0.0,"{'type': 'graphics', 'vectorizers': ['resnet50'], 'models': ['mlp'], 'hidden_layer_sizes': (256, 128), 'learning_rate_init': 0.0005, 'batch_size': 32, 'max_iter': 80}"
graphics,,"Tuning | {'hidden_layer_sizes': (256, 128), 'learning_rate_init': 0.0005, 'batch_size': 32, 'max_iter': 80}",resnet50,mlp,,,2,264.97489976882935,0.0,0.0,0.0,0.0,0.1451920025388765,2.613456045699778,0.0,"{'type': 'graphics', 'vectorizers': ['resnet50'], 'models': ['mlp'], 'hidden_layer_sizes': (256, 128), 'learning_rate_init': 0.0005, 'batch_size': 32, 'max_iter': 80}"
graphics,,"Tuning | {'hidden_layer_sizes': (256, 128), 'learning_rate_init': 0.0005, 'batch_size': 64, 'max_iter': 40}",resnet50,mlp,,,0,137.87725138664246,0.0,0.0,0.0,0.0,0.1451988155668358,2.613578680203046,0.0,"{'type': 'graphics', 'vectorizers': ['resnet50'], 'models': ['mlp'], 'hidden_layer_sizes': (256, 128), 'learning_rate_init': 0.0005, 'batch_size': 64, 'max_iter': 40}"
graphics,,"Tuning | {'hidden_layer_sizes': (256, 128), 'learning_rate_init': 0.0005, 'batch_size': 64, 'max_iter': 40}",resnet50,mlp,,,1,137.87725138664246,0.0,0.0,0.0,0.0,0.1446869070208728,2.604364326375712,0.0,"{'type': 'graphics', 'vectorizers': ['resnet50'], 'models': ['mlp'], 'hidden_layer_sizes': (256, 128), 'learning_rate_init': 0.0005, 'batch_size': 64, 'max_iter': 40}"
graphics,,"Tuning | {'hidden_layer_sizes': (256, 128), 'learning_rate_init': 0.0005, 'batch_size': 64, 'max_iter': 40}",resnet50,mlp,,,2,137.87725138664246,0.0,0.0,0.0,0.0,0.1451920025388765,2.613456045699778,0.0,"{'type': 'graphics', 'vectorizers': ['resnet50'], 'models': ['mlp'], 'hidden_layer_sizes': (256, 128), 'learning_rate_init': 0.0005, 'batch_size': 64, 'max_iter': 40}"
graphics,,"Tuning | {'hidden_layer_sizes': (256, 128), 'learning_rate_init': 0.0005, 'batch_size': 64, 'max_iter': 80}",resnet50,mlp,,,0,138.06190252304077,0.0,0.0,0.0,0.0,0.1451988155668358,2.613578680203046,0.0,"{'type': 'graphics', 'vectorizers': ['resnet50'], 'models': ['mlp'], 'hidden_layer_sizes': (256, 128), 'learning_rate_init': 0.0005, 'batch_size': 64, 'max_iter': 80}"
graphics,,"Tuning | {'hidden_layer_sizes': (256, 128), 'learning_rate_init': 0.0005, 'batch_size': 64, 'max_iter': 80}",resnet50,mlp,,,1,138.06190252304077,0.0,0.0,0.0,0.0,0.1446869070208728,2.604364326375712,0.0,"{'type': 'graphics', 'vectorizers': ['resnet50'], 'models': ['mlp'], 'hidden_layer_sizes': (256, 128), 'learning_rate_init': 0.0005, 'batch_size': 64, 'max_iter': 80}"
graphics,,"Tuning | {'hidden_layer_sizes': (256, 128), 'learning_rate_init': 0.0005, 'batch_size': 64, 'max_iter': 80}",resnet50,mlp,,,2,138.06190252304077,0.0,0.0,0.0,0.0,0.1451920025388765,2.613456045699778,0.0,"{'type': 'graphics', 'vectorizers': ['resnet50'], 'models': ['mlp'], 'hidden_layer_sizes': (256, 128), 'learning_rate_init': 0.0005, 'batch_size': 64, 'max_iter': 80}"
graphics,,"Tuning | {'hidden_layer_sizes': (512, 256), 'learning_rate_init': 0.001, 'batch_size': 32, 'max_iter': 40}",resnet50,mlp,,,0,804.3468790054321,0.0,0.0,0.0,0.0,0.1451988155668358,2.613578680203046,0.0,"{'type': 'graphics', 'vectorizers': ['resnet50'], 'models': ['mlp'], 'hidden_layer_sizes': (512, 256), 'learning_rate_init': 0.001, 'batch_size': 32, 'max_iter': 40}"
graphics,,"Tuning | {'hidden_layer_sizes': (512, 256), 'learning_rate_init': 0.001, 'batch_size': 32, 'max_iter': 40}",resnet50,mlp,,,1,804.3468790054321,0.2469070808107396,0.0342160939665864,0.2659272311074968,0.1708561020036429,0.1508011806873287,2.604364326375712,1.0,"{'type': 'graphics', 'vectorizers': ['resnet50'], 'models': ['mlp'], 'hidden_layer_sizes': (512, 256), 'learning_rate_init': 0.001, 'batch_size': 32, 'max_iter': 40}"
graphics,,"Tuning | {'hidden_layer_sizes': (512, 256), 'learning_rate_init': 0.001, 'batch_size': 32, 'max_iter': 40}",resnet50,mlp,,,2,804.3468790054321,0.2471456174249078,0.0342986690068743,0.2664392256426531,0.1708561020036429,0.1511336789026411,2.613456045699778,1.0,"{'type': 'graphics', 'vectorizers': ['resnet50'], 'models': ['mlp'], 'hidden_layer_sizes': (512, 256), 'learning_rate_init': 0.001, 'batch_size': 32, 'max_iter': 40}"
graphics,,"Tuning | {'hidden_layer_sizes': (512, 256), 'learning_rate_init': 0.001, 'batch_size': 32, 'max_iter': 80}",resnet50,mlp,,,0,805.092483997345,0.0,0.0,0.0,0.0,0.1451988155668358,2.613578680203046,0.0,"{'type': 'graphics', 'vectorizers': ['resnet50'], 'models': ['mlp'], 'hidden_layer_sizes': (512, 256), 'learning_rate_init': 0.001, 'batch_size': 32, 'max_iter': 80}"
graphics,,"Tuning | {'hidden_layer_sizes': (512, 256), 'learning_rate_init': 0.001, 'batch_size': 32, 'max_iter': 80}",resnet50,mlp,,,1,805.092483997345,0.2469070808107396,0.0342160939665864,0.2659272311074968,0.1708561020036429,0.1508011806873287,2.604364326375712,1.0,"{'type': 'graphics', 'vectorizers': ['resnet50'], 'models': ['mlp'], 'hidden_layer_sizes': (512, 256), 'learning_rate_init': 0.001, 'batch_size': 32, 'max_iter': 80}"
graphics,,"Tuning | {'hidden_layer_sizes': (512, 256), 'learning_rate_init': 0.001, 'batch_size': 32, 'max_iter': 80}",resnet50,mlp,,,2,805.092483997345,0.2471456174249078,0.0342986690068743,0.2664392256426531,0.1708561020036429,0.1511336789026411,2.613456045699778,1.0,"{'type': 'graphics', 'vectorizers': ['resnet50'], 'models': ['mlp'], 'hidden_layer_sizes': (512, 256), 'learning_rate_init': 0.001, 'batch_size': 32, 'max_iter': 80}"
graphics,,"Tuning | {'hidden_layer_sizes': (512, 256), 'learning_rate_init': 0.001, 'batch_size': 64, 'max_iter': 40}",resnet50,mlp,,,0,378.2569761276245,0.0,0.0,0.0,0.0,0.1451988155668358,2.613578680203046,0.0,"{'type': 'graphics', 'vectorizers': ['resnet50'], 'models': ['mlp'], 'hidden_layer_sizes': (512, 256), 'learning_rate_init': 0.001, 'batch_size': 64, 'max_iter': 40}"
graphics,,"Tuning | {'hidden_layer_sizes': (512, 256), 'learning_rate_init': 0.001, 'batch_size': 64, 'max_iter': 40}",resnet50,mlp,,,1,378.2569761276245,0.2469070808107396,0.0342160939665864,0.2659272311074968,0.1708561020036429,0.1508011806873287,2.604364326375712,1.0,"{'type': 'graphics', 'vectorizers': ['resnet50'], 'models': ['mlp'], 'hidden_layer_sizes': (512, 256), 'learning_rate_init': 0.001, 'batch_size': 64, 'max_iter': 40}"
graphics,,"Tuning | {'hidden_layer_sizes': (512, 256), 'learning_rate_init': 0.001, 'batch_size': 64, 'max_iter': 40}",resnet50,mlp,,,2,378.2569761276245,0.0,0.0,0.0,0.0,0.1451920025388765,2.613456045699778,0.0,"{'type': 'graphics', 'vectorizers': ['resnet50'], 'models': ['mlp'], 'hidden_layer_sizes': (512, 256), 'learning_rate_init': 0.001, 'batch_size': 64, 'max_iter': 40}"
graphics,,"Tuning | {'hidden_layer_sizes': (512, 256), 'learning_rate_init': 0.001, 'batch_size': 64, 'max_iter': 80}",resnet50,mlp,,,0,377.9068720340729,0.0,0.0,0.0,0.0,0.1451988155668358,2.613578680203046,0.0,"{'type': 'graphics', 'vectorizers': ['resnet50'], 'models': ['mlp'], 'hidden_layer_sizes': (512, 256), 'learning_rate_init': 0.001, 'batch_size': 64, 'max_iter': 80}"
graphics,,"Tuning | {'hidden_layer_sizes': (512, 256), 'learning_rate_init': 0.001, 'batch_size': 64, 'max_iter': 80}",resnet50,mlp,,,1,377.9068720340729,0.2469070808107396,0.0342160939665864,0.2659272311074968,0.1708561020036429,0.1508011806873287,2.604364326375712,1.0,"{'type': 'graphics', 'vectorizers': ['resnet50'], 'models': ['mlp'], 'hidden_layer_sizes': (512, 256), 'learning_rate_init': 0.001, 'batch_size': 64, 'max_iter': 80}"
graphics,,"Tuning | {'hidden_layer_sizes': (512, 256), 'learning_rate_init': 0.001, 'batch_size': 64, 'max_iter': 80}",resnet50,mlp,,,2,377.9068720340729,0.0,0.0,0.0,0.0,0.1451920025388765,2.613456045699778,0.0,"{'type': 'graphics', 'vectorizers': ['resnet50'], 'models': ['mlp'], 'hidden_layer_sizes': (512, 256), 'learning_rate_init': 0.001, 'batch_size': 64, 'max_iter': 80}"
graphics,,"Tuning | {'hidden_layer_sizes': (512, 256), 'learning_rate_init': 0.0005, 'batch_size': 32, 'max_iter': 40}",resnet50,mlp,,,0,741.6729762554169,0.0,0.0,0.0,0.0,0.1451988155668358,2.613578680203046,0.0,"{'type': 'graphics', 'vectorizers': ['resnet50'], 'models': ['mlp'], 'hidden_layer_sizes': (512, 256), 'learning_rate_init': 0.0005, 'batch_size': 32, 'max_iter': 40}"
graphics,,"Tuning | {'hidden_layer_sizes': (512, 256), 'learning_rate_init': 0.0005, 'batch_size': 32, 'max_iter': 40}",resnet50,mlp,,,1,741.6729762554169,0.2469070808107396,0.0342160939665864,0.2659272311074968,0.1708561020036429,0.1508011806873287,2.604364326375712,1.0,"{'type': 'graphics', 'vectorizers': ['resnet50'], 'models': ['mlp'], 'hidden_layer_sizes': (512, 256), 'learning_rate_init': 0.0005, 'batch_size': 32, 'max_iter': 40}"
graphics,,"Tuning | {'hidden_layer_sizes': (512, 256), 'learning_rate_init': 0.0005, 'batch_size': 32, 'max_iter': 40}",resnet50,mlp,,,2,741.6729762554169,0.0,0.0,0.0,0.0,0.1451920025388765,2.613456045699778,0.0,"{'type': 'graphics', 'vectorizers': ['resnet50'], 'models': ['mlp'], 'hidden_layer_sizes': (512, 256), 'learning_rate_init': 0.0005, 'batch_size': 32, 'max_iter': 40}"
graphics,,"Tuning | {'hidden_layer_sizes': (512, 256), 'learning_rate_init': 0.0005, 'batch_size': 32, 'max_iter': 80}",resnet50,mlp,,,0,740.573629617691,0.0,0.0,0.0,0.0,0.1451988155668358,2.613578680203046,0.0,"{'type': 'graphics', 'vectorizers': ['resnet50'], 'models': ['mlp'], 'hidden_layer_sizes': (512, 256), 'learning_rate_init': 0.0005, 'batch_size': 32, 'max_iter': 80}"
graphics,,"Tuning | {'hidden_layer_sizes': (512, 256), 'learning_rate_init': 0.0005, 'batch_size': 32, 'max_iter': 80}",resnet50,mlp,,,1,740.573629617691,0.2469070808107396,0.0342160939665864,0.2659272311074968,0.1708561020036429,0.1508011806873287,2.604364326375712,1.0,"{'type': 'graphics', 'vectorizers': ['resnet50'], 'models': ['mlp'], 'hidden_layer_sizes': (512, 256), 'learning_rate_init': 0.0005, 'batch_size': 32, 'max_iter': 80}"
graphics,,"Tuning | {'hidden_layer_sizes': (512, 256), 'learning_rate_init': 0.0005, 'batch_size': 32, 'max_iter': 80}",resnet50,mlp,,,2,740.573629617691,0.0,0.0,0.0,0.0,0.1451920025388765,2.613456045699778,0.0,"{'type': 'graphics', 'vectorizers': ['resnet50'], 'models': ['mlp'], 'hidden_layer_sizes': (512, 256), 'learning_rate_init': 0.0005, 'batch_size': 32, 'max_iter': 80}"
graphics,,"Tuning | {'hidden_layer_sizes': (512, 256), 'learning_rate_init': 0.0005, 'batch_size': 64, 'max_iter': 40}",resnet50,mlp,,,0,295.9056785106659,0.0,0.0,0.0,0.0,0.1451988155668358,2.613578680203046,0.0,"{'type': 'graphics', 'vectorizers': ['resnet50'], 'models': ['mlp'], 'hidden_layer_sizes': (512, 256), 'learning_rate_init': 0.0005, 'batch_size': 64, 'max_iter': 40}"
graphics,,"Tuning | {'hidden_layer_sizes': (512, 256), 'learning_rate_init': 0.0005, 'batch_size': 64, 'max_iter': 40}",resnet50,mlp,,,1,295.9056785106659,0.0,0.0,0.0,0.0,0.1446869070208728,2.604364326375712,0.0,"{'type': 'graphics', 'vectorizers': ['resnet50'], 'models': ['mlp'], 'hidden_layer_sizes': (512, 256), 'learning_rate_init': 0.0005, 'batch_size': 64, 'max_iter': 40}"
graphics,,"Tuning | {'hidden_layer_sizes': (512, 256), 'learning_rate_init': 0.0005, 'batch_size': 64, 'max_iter': 40}",resnet50,mlp,,,2,295.9056785106659,0.0,0.0,0.0,0.0,0.1451920025388765,2.613456045699778,0.0,"{'type': 'graphics', 'vectorizers': ['resnet50'], 'models': ['mlp'], 'hidden_layer_sizes': (512, 256), 'learning_rate_init': 0.0005, 'batch_size': 64, 'max_iter': 40}"
graphics,,"Tuning | {'hidden_layer_sizes': (512, 256), 'learning_rate_init': 0.0005, 'batch_size': 64, 'max_iter': 80}",resnet50,mlp,,,0,295.9004421234131,0.0,0.0,0.0,0.0,0.14519881556683586,2.613578680203046,0.0,"{'type': 'graphics', 'vectorizers': ['resnet50'], 'models': ['mlp'], 'hidden_layer_sizes': (512, 256), 'learning_rate_init': 0.0005, 'batch_size': 64, 'max_iter': 80}"
graphics,,"Tuning | {'hidden_layer_sizes': (512, 256), 'learning_rate_init': 0.0005, 'batch_size': 64, 'max_iter': 80}",resnet50,mlp,,,1,295.9004421234131,0.0,0.0,0.0,0.0,0.14468690702087286,2.6043643263757117,0.0,"{'type': 'graphics', 'vectorizers': ['resnet50'], 'models': ['mlp'], 'hidden_layer_sizes': (512, 256), 'learning_rate_init': 0.0005, 'batch_size': 64, 'max_iter': 80}"
graphics,,"Tuning | {'hidden_layer_sizes': (512, 256), 'learning_rate_init': 0.0005, 'batch_size': 64, 'max_iter': 80}",resnet50,mlp,,,2,295.9004421234131,0.0,0.0,0.0,0.0,0.14519200253887654,2.613456045699778,0.0,"{'type': 'graphics', 'vectorizers': ['resnet50'], 'models': ['mlp'], 'hidden_layer_sizes': (512, 256), 'learning_rate_init': 0.0005, 'batch_size': 64, 'max_iter': 80}"
